biomarker_id,biomarker_name,mean_r2,min_r2,median_r2,valid_bin_count,mean_slope_m,slope_m_sd,mean_intercept_c,intercept_c_sd,r2_by_age_bin
1 1 1-trichloroethane result,"1,1,1-Trichloroethane Result",0.7020533932468495,0.662087952990646,0.7020533932468495,2,0.001245775532797176,0.0005440930618321532,0.01568861525021465,0.000357558890384118,"[{'age_bin': '20-24', 'age_mid': 22.5, 'r2': None}, {'age_bin': '25-29', 'age_mid': 27.5, 'r2': None}, {'age_bin': '30-34', 'age_mid': 32.5, 'r2': None}, {'age_bin': '35-39', 'age_mid': 37.5, 'r2': 0.662087952990646}, {'age_bin': '40-44', 'age_mid': 42.5, 'r2': 0.7420188335030529}, {'age_bin': '45-49', 'age_mid': 47.5, 'r2': None}, {'age_bin': '50-54', 'age_mid': 52.5, 'r2': None}, {'age_bin': '55-59', 'age_mid': 57.5, 'r2': None}, {'age_bin': '60-64', 'age_mid': 62.5, 'r2': None}, {'age_bin': '65-69', 'age_mid': 67.5, 'r2': None}, {'age_bin': '70-74', 'age_mid': 72.5, 'r2': None}, {'age_bin': '75-79', 'age_mid': 77.5, 'r2': None}, {'age_bin': '80-84', 'age_mid': 82.5, 'r2': None}]"
1 2 3 4 6 7 8 9-octachlorodibenzo-p-dioxin ocdd,"1,2,3,4,6,7,8,9-Octachlorodibenzo-p-dioxin (ocdd) (fg/g)",0.9565477567654228,0.89696509719412,0.9651723520049311,13,778.2179214220778,183.19781013366654,448.61636490774396,310.93913696326786,"[{'age_bin': '20-24', 'age_mid': 22.5, 'r2': 0.89696509719412}, {'age_bin': '25-29', 'age_mid': 27.5, 'r2': 0.9084639332486634}, {'age_bin': '30-34', 'age_mid': 32.5, 'r2': 0.9675622878306538}, {'age_bin': '35-39', 'age_mid': 37.5, 'r2': 0.9642673363979681}, {'age_bin': '40-44', 'age_mid': 42.5, 'r2': 0.9211197265035634}, {'age_bin': '45-49', 'age_mid': 47.5, 'r2': 0.9826245213261647}, {'age_bin': '50-54', 'age_mid': 52.5, 'r2': 0.9672607865756917}, {'age_bin': '55-59', 'age_mid': 57.5, 'r2': 0.9851908581728556}, {'age_bin': '60-64', 'age_mid': 62.5, 'r2': 0.9651723520049311}, {'age_bin': '65-69', 'age_mid': 67.5, 'r2': 0.9522810642156437}, {'age_bin': '70-74', 'age_mid': 72.5, 'r2': 0.9853712214438841}, {'age_bin': '75-79', 'age_mid': 77.5, 'r2': 0.9831514258966266}, {'age_bin': '80-84', 'age_mid': 82.5, 'r2': 0.9556902271397303}]"
1 2 3 4 6 7 8 9-octachlorodibenzo-p-dioxin ocdd lipid adjusted,"1,2,3,4,6,7,8,9-Octachlorodibenzo-p-dioxin (ocdd) Lipid Adjusted (pg/g)",0.9564394386895921,0.9184053903977611,0.9577963342004497,13,120.57451097834566,22.130052483051404,75.82198082420999,42.2987336850371,"[{'age_bin': '20-24', 'age_mid': 22.5, 'r2': 0.9193098231189646}, {'age_bin': '25-29', 'age_mid': 27.5, 'r2': 0.9304494207434584}, {'age_bin': '30-34', 'age_mid': 32.5, 'r2': 0.9807620482978462}, {'age_bin': '35-39', 'age_mid': 37.5, 'r2': 0.9443982027075382}, {'age_bin': '40-44', 'age_mid': 42.5, 'r2': 0.9184053903977611}, {'age_bin': '45-49', 'age_mid': 47.5, 'r2': 0.9792590430737399}, {'age_bin': '50-54', 'age_mid': 52.5, 'r2': 0.9796261233564566}, {'age_bin': '55-59', 'age_mid': 57.5, 'r2': 0.9577963342004497}, {'age_bin': '60-64', 'age_mid': 62.5, 'r2': 0.9644870411233983}, {'age_bin': '65-69', 'age_mid': 67.5, 'r2': 0.9426679707263546}, {'age_bin': '70-74', 'age_mid': 72.5, 'r2': 0.9779774941486047}, {'age_bin': '75-79', 'age_mid': 77.5, 'r2': 0.9823404466034114}, {'age_bin': '80-84', 'age_mid': 82.5, 'r2': 0.9562333644667158}]"
1 2 3 4 6 7 8 9-octachlorodibenzofuran ocdf,"1,2,3,4,6,7,8,9-Octachlorodibenzofuran (ocdf) (fg/g)",0.9714647395295646,0.9137833915376011,0.9796878079482524,13,10.72334856522868,3.08314765387944,16.682019104846685,4.05845035894035,"[{'age_bin': '20-24', 'age_mid': 22.5, 'r2': 0.9137833915376011}, {'age_bin': '25-29', 'age_mid': 27.5, 'r2': 0.959945945447397}, {'age_bin': '30-34', 'age_mid': 32.5, 'r2': 0.9607353994650047}, {'age_bin': '35-39', 'age_mid': 37.5, 'r2': 0.9561558758311252}, {'age_bin': '40-44', 'age_mid': 42.5, 'r2': 0.9796878079482524}, {'age_bin': '45-49', 'age_mid': 47.5, 'r2': 0.9784921233407395}, {'age_bin': '50-54', 'age_mid': 52.5, 'r2': 0.9853555747073974}, {'age_bin': '55-59', 'age_mid': 57.5, 'r2': 0.9798150803603577}, {'age_bin': '60-64', 'age_mid': 62.5, 'r2': 0.9820547031098223}, {'age_bin': '65-69', 'age_mid': 67.5, 'r2': 0.9885848738372612}, {'age_bin': '70-74', 'age_mid': 72.5, 'r2': 0.9851721501232439}, {'age_bin': '75-79', 'age_mid': 77.5, 'r2': 0.9805512465077229}, {'age_bin': '80-84', 'age_mid': 82.5, 'r2': 0.9787074416684142}]"
1 2 3 4 6 7 8 9-octachlorodibenzofuran ocdf lipid adjusted,"1,2,3,4,6,7,8,9-Octachlorodibenzofuran (ocdf) Lipid Adjusted (pg/g)",0.978730731711736,0.9411850211773582,0.9811826013816324,13,1.8291677756741658,0.6534963888228009,2.527388614002226,0.7465080518816729,"[{'age_bin': '20-24', 'age_mid': 22.5, 'r2': 0.9411850211773582}, {'age_bin': '25-29', 'age_mid': 27.5, 'r2': 0.9686089775232767}, {'age_bin': '30-34', 'age_mid': 32.5, 'r2': 0.9776518763295006}, {'age_bin': '35-39', 'age_mid': 37.5, 'r2': 0.9641661792353688}, {'age_bin': '40-44', 'age_mid': 42.5, 'r2': 0.9811826013816324}, {'age_bin': '45-49', 'age_mid': 47.5, 'r2': 0.9895025807752797}, {'age_bin': '50-54', 'age_mid': 52.5, 'r2': 0.9876536059829036}, {'age_bin': '55-59', 'age_mid': 57.5, 'r2': 0.9702597424092514}, {'age_bin': '60-64', 'age_mid': 62.5, 'r2': 0.9923394903096228}, {'age_bin': '65-69', 'age_mid': 67.5, 'r2': 0.9904109474575751}, {'age_bin': '70-74', 'age_mid': 72.5, 'r2': 0.9950759804633912}, {'age_bin': '75-79', 'age_mid': 77.5, 'r2': 0.98801930089995}, {'age_bin': '80-84', 'age_mid': 82.5, 'r2': 0.9774432083074579}]"
1 2 3 4 6 7 8-heptachlorodibenzofuran hpcdf,"1,2,3,4,6,7,8-Heptachlorodibenzofuran (hpcdf) (fg/g)",0.9714711719066287,0.9395547946512574,0.9731605342336411,13,17.10257721202834,3.9062591409070486,16.08634384864034,6.212624453972775,"[{'age_bin': '20-24', 'age_mid': 22.5, 'r2': 0.9563338279253288}, {'age_bin': '25-29', 'age_mid': 27.5, 'r2': 0.9632917817071819}, {'age_bin': '30-34', 'age_mid': 32.5, 'r2': 0.9775815574119887}, {'age_bin': '35-39', 'age_mid': 37.5, 'r2': 0.9692246931965436}, {'age_bin': '40-44', 'age_mid': 42.5, 'r2': 0.9731605342336411}, {'age_bin': '45-49', 'age_mid': 47.5, 'r2': 0.9568863678395282}, {'age_bin': '50-54', 'age_mid': 52.5, 'r2': 0.9860970927522738}, {'age_bin': '55-59', 'age_mid': 57.5, 'r2': 0.9395547946512574}, {'age_bin': '60-64', 'age_mid': 62.5, 'r2': 0.9844757702259997}, {'age_bin': '65-69', 'age_mid': 67.5, 'r2': 0.9909202703811651}, {'age_bin': '70-74', 'age_mid': 72.5, 'r2': 0.992643942944328}, {'age_bin': '75-79', 'age_mid': 77.5, 'r2': 0.9903997494781134}, {'age_bin': '80-84', 'age_mid': 82.5, 'r2': 0.9485548520388224}]"
1 2 3 4 6 7 8-heptachlorodibenzofuran hpcdf lipid adjusted,"1,2,3,4,6,7,8-Heptachlorodibenzofuran (hpcdf) Lipid Adjusted (pg/g serum lipid)",0.9678729733323712,0.9463733876554898,0.9676399232498913,13,2.7952027118991056,0.8386729656006261,2.5333792060772664,1.0653257297600733,"[{'age_bin': '20-24', 'age_mid': 22.5, 'r2': 0.9676399232498913}, {'age_bin': '25-29', 'age_mid': 27.5, 'r2': 0.9463733876554898}, {'age_bin': '30-34', 'age_mid': 32.5, 'r2': 0.9679502443664324}, {'age_bin': '35-39', 'age_mid': 37.5, 'r2': 0.9592281463683087}, {'age_bin': '40-44', 'age_mid': 42.5, 'r2': 0.9700028262261303}, {'age_bin': '45-49', 'age_mid': 47.5, 'r2': 0.9656057637514712}, {'age_bin': '50-54', 'age_mid': 52.5, 'r2': 0.9841975426825683}, {'age_bin': '55-59', 'age_mid': 57.5, 'r2': 0.9750111901142566}, {'age_bin': '60-64', 'age_mid': 62.5, 'r2': 0.960890945449792}, {'age_bin': '65-69', 'age_mid': 67.5, 'r2': 0.9914229214114033}, {'age_bin': '70-74', 'age_mid': 72.5, 'r2': 0.9674170064925971}, {'age_bin': '75-79', 'age_mid': 77.5, 'r2': 0.9784793474921522}, {'age_bin': '80-84', 'age_mid': 82.5, 'r2': 0.9481294080603314}]"
1 2 3 4 6 7 8-heptachlororodibenzo-p-dioxin hpcdd,"1,2,3,4,6,7,8-Heptachlororodibenzo-p-dioxin (hpcdd) (fg/g)",0.9700525184846357,0.9459366194995347,0.9764445246785666,13,101.03960653450329,17.10701204879944,53.235730213099615,48.14015830605944,"[{'age_bin': '20-24', 'age_mid': 22.5, 'r2': 0.9467847343143136}, {'age_bin': '25-29', 'age_mid': 27.5, 'r2': 0.9540830612144212}, {'age_bin': '30-34', 'age_mid': 32.5, 'r2': 0.9913747740929458}, {'age_bin': '35-39', 'age_mid': 37.5, 'r2': 0.9821098714432819}, {'age_bin': '40-44', 'age_mid': 42.5, 'r2': 0.96704966065121}, {'age_bin': '45-49', 'age_mid': 47.5, 'r2': 0.9838123579223932}, {'age_bin': '50-54', 'age_mid': 52.5, 'r2': 0.9768103236953862}, {'age_bin': '55-59', 'age_mid': 57.5, 'r2': 0.9858523891423155}, {'age_bin': '60-64', 'age_mid': 62.5, 'r2': 0.9561281594710763}, {'age_bin': '65-69', 'age_mid': 67.5, 'r2': 0.9764445246785666}, {'age_bin': '70-74', 'age_mid': 72.5, 'r2': 0.9837843976069216}, {'age_bin': '75-79', 'age_mid': 77.5, 'r2': 0.9605118665678984}, {'age_bin': '80-84', 'age_mid': 82.5, 'r2': 0.9459366194995347}]"
1 2 3 4 6 7 8-heptachlororodibenzo-p-dioxin hpcdd lipid adjusted,"1,2,3,4,6,7,8-Heptachlororodibenzo-p-dioxin (hpcdd) Lipid Adjusted (pg/g serum lipid)",0.9724718224466888,0.9537776426412831,0.9712058372211113,13,15.161008710677585,1.8158436791733537,9.895857142021491,6.081602043053402,"[{'age_bin': '20-24', 'age_mid': 22.5, 'r2': 0.9629465183187861}, {'age_bin': '25-29', 'age_mid': 27.5, 'r2': 0.9537776426412831}, {'age_bin': '30-34', 'age_mid': 32.5, 'r2': 0.9880331146632926}, {'age_bin': '35-39', 'age_mid': 37.5, 'r2': 0.972540864295423}, {'age_bin': '40-44', 'age_mid': 42.5, 'r2': 0.9621183272203226}, {'age_bin': '45-49', 'age_mid': 47.5, 'r2': 0.985182755341656}, {'age_bin': '50-54', 'age_mid': 52.5, 'r2': 0.9818600980066629}, {'age_bin': '55-59', 'age_mid': 57.5, 'r2': 0.9930964068268113}, {'age_bin': '60-64', 'age_mid': 62.5, 'r2': 0.9583046806407353}, {'age_bin': '65-69', 'age_mid': 67.5, 'r2': 0.97799293800312}, {'age_bin': '70-74', 'age_mid': 72.5, 'r2': 0.9712058372211113}, {'age_bin': '75-79', 'age_mid': 77.5, 'r2': 0.9696255714217967}, {'age_bin': '80-84', 'age_mid': 82.5, 'r2': 0.9654489372059566}]"
1 2 3 4 7 8 9-heptachlorodibenzofuran hpcdf lipid adjusted,"1,2,3,4,7,8,9-Heptachlorodibenzofuran (Hpcdf) Lipid Adjusted (pg/g serum lipid)",0.9760801527039847,0.9578572540508566,0.9735827843353435,13,0.4163911728003139,0.1598582684891118,1.3775738792471328,0.1883051473862852,"[{'age_bin': '20-24', 'age_mid': 22.5, 'r2': 0.9696075320713666}, {'age_bin': '25-29', 'age_mid': 27.5, 'r2': 0.9699514271120504}, {'age_bin': '30-34', 'age_mid': 32.5, 'r2': 0.9604048045297662}, {'age_bin': '35-39', 'age_mid': 37.5, 'r2': 0.9735827843353435}, {'age_bin': '40-44', 'age_mid': 42.5, 'r2': 0.9687922645651372}, {'age_bin': '45-49', 'age_mid': 47.5, 'r2': 0.9788605485452206}, {'age_bin': '50-54', 'age_mid': 52.5, 'r2': 0.993940882672066}, {'age_bin': '55-59', 'age_mid': 57.5, 'r2': 0.9934240718153305}, {'age_bin': '60-64', 'age_mid': 62.5, 'r2': 0.9691259549340785}, {'age_bin': '65-69', 'age_mid': 67.5, 'r2': 0.9868685457569731}, {'age_bin': '70-74', 'age_mid': 72.5, 'r2': 0.9867787396536074}, {'age_bin': '75-79', 'age_mid': 77.5, 'r2': 0.9578572540508566}, {'age_bin': '80-84', 'age_mid': 82.5, 'r2': 0.9798471751100047}]"
1 2 3 4 7 8 9-heptachlorodibenzofuran hpcdf,"1,2,3,4,7,8,9-Heptachlorodibenzofuran (hpcdf) (fg/g serum)",0.9713101998280064,0.9008526332821587,0.9803384966335247,13,2.3291737746901457,0.7835674122929245,9.093257654301981,0.7551999481553413,"[{'age_bin': '20-24', 'age_mid': 22.5, 'r2': 0.9712110123461156}, {'age_bin': '25-29', 'age_mid': 27.5, 'r2': 0.9664189484604213}, {'age_bin': '30-34', 'age_mid': 32.5, 'r2': 0.9748810163744352}, {'age_bin': '35-39', 'age_mid': 37.5, 'r2': 0.9816492074831358}, {'age_bin': '40-44', 'age_mid': 42.5, 'r2': 0.9504508179819734}, {'age_bin': '45-49', 'age_mid': 47.5, 'r2': 0.9849693227969728}, {'age_bin': '50-54', 'age_mid': 52.5, 'r2': 0.9803384966335247}, {'age_bin': '55-59', 'age_mid': 57.5, 'r2': 0.984666294057313}, {'age_bin': '60-64', 'age_mid': 62.5, 'r2': 0.9920292349913052}, {'age_bin': '65-69', 'age_mid': 67.5, 'r2': 0.9804074777706275}, {'age_bin': '70-74', 'age_mid': 72.5, 'r2': 0.9677925883393136}, {'age_bin': '75-79', 'age_mid': 77.5, 'r2': 0.9008526332821587}, {'age_bin': '80-84', 'age_mid': 82.5, 'r2': 0.9913655472467849}]"
1 2 3 4 7 8-hexachlorodibenzo-p-dioxin hxcdd,"1,2,3,4,7,8-Hexachlorodibenzo-p-dioxin (hxcdd) (fg/g serum)",0.9452588390974388,0.8901362291450696,0.9514132705965576,13,8.856949068725477,3.4229431072954224,7.135494270653418,7.600028323182164,"[{'age_bin': '20-24', 'age_mid': 22.5, 'r2': 0.9850716431263579}, {'age_bin': '25-29', 'age_mid': 27.5, 'r2': 0.9379467529121969}, {'age_bin': '30-34', 'age_mid': 32.5, 'r2': 0.9590139054969353}, {'age_bin': '35-39', 'age_mid': 37.5, 'r2': 0.9625500987538647}, {'age_bin': '40-44', 'age_mid': 42.5, 'r2': 0.9164184802175304}, {'age_bin': '45-49', 'age_mid': 47.5, 'r2': 0.9122455790383883}, {'age_bin': '50-54', 'age_mid': 52.5, 'r2': 0.9064249910121923}, {'age_bin': '55-59', 'age_mid': 57.5, 'r2': 0.8901362291450696}, {'age_bin': '60-64', 'age_mid': 62.5, 'r2': 0.9514132705965576}, {'age_bin': '65-69', 'age_mid': 67.5, 'r2': 0.982137536210114}, {'age_bin': '70-74', 'age_mid': 72.5, 'r2': 0.9640418880482216}, {'age_bin': '75-79', 'age_mid': 77.5, 'r2': 0.9802217795972931}, {'age_bin': '80-84', 'age_mid': 82.5, 'r2': 0.9407427541119819}]"
1 2 3 4 7 8-hexachlorodibenzo-p-dioxin hxcdd lipid adjusted,"1,2,3,4,7,8-Hexachlorodibenzo-p-dioxin (hxcdd) Lipid Adjusted (pg/g serum lipid)",0.9602798009325639,0.9284081732256768,0.9587713579047198,13,1.3298277660062874,0.4514039781282393,1.2497352187953001,1.1400054902370134,"[{'age_bin': '20-24', 'age_mid': 22.5, 'r2': 0.9636907149903006}, {'age_bin': '25-29', 'age_mid': 27.5, 'r2': 0.9587713579047198}, {'age_bin': '30-34', 'age_mid': 32.5, 'r2': 0.9736054639797651}, {'age_bin': '35-39', 'age_mid': 37.5, 'r2': 0.9843760225466076}, {'age_bin': '40-44', 'age_mid': 42.5, 'r2': 0.9284081732256768}, {'age_bin': '45-49', 'age_mid': 47.5, 'r2': 0.9560054194775692}, {'age_bin': '50-54', 'age_mid': 52.5, 'r2': 0.9414354080981561}, {'age_bin': '55-59', 'age_mid': 57.5, 'r2': 0.9633049368886162}, {'age_bin': '60-64', 'age_mid': 62.5, 'r2': 0.9458879405314062}, {'age_bin': '65-69', 'age_mid': 67.5, 'r2': 0.9900525247507105}, {'age_bin': '70-74', 'age_mid': 72.5, 'r2': 0.952940810121679}, {'age_bin': '75-79', 'age_mid': 77.5, 'r2': 0.9765480700738407}, {'age_bin': '80-84', 'age_mid': 82.5, 'r2': 0.9486105695342821}]"
1 2 3 4 7 8-hexachlorodibenzofuran hxcdf,"1,2,3,4,7,8-Hexachlorodibenzofuran (hxcdf) (fg/g)",0.9766582414117597,0.9400871910893032,0.9794518949897895,13,9.17891967432527,1.2847736807350438,11.80925538654577,3.8462969543839356,"[{'age_bin': '20-24', 'age_mid': 22.5, 'r2': 0.9691901622224715}, {'age_bin': '25-29', 'age_mid': 27.5, 'r2': 0.9794518949897895}, {'age_bin': '30-34', 'age_mid': 32.5, 'r2': 0.9843431827237281}, {'age_bin': '35-39', 'age_mid': 37.5, 'r2': 0.9792655079975701}, {'age_bin': '40-44', 'age_mid': 42.5, 'r2': 0.9918659363517291}, {'age_bin': '45-49', 'age_mid': 47.5, 'r2': 0.9506062501586555}, {'age_bin': '50-54', 'age_mid': 52.5, 'r2': 0.986171335484006}, {'age_bin': '55-59', 'age_mid': 57.5, 'r2': 0.9719294346928887}, {'age_bin': '60-64', 'age_mid': 62.5, 'r2': 0.9849960619631027}, {'age_bin': '65-69', 'age_mid': 67.5, 'r2': 0.9907362655107248}, {'age_bin': '70-74', 'age_mid': 72.5, 'r2': 0.9893099263858645}, {'age_bin': '75-79', 'age_mid': 77.5, 'r2': 0.9786039887830441}, {'age_bin': '80-84', 'age_mid': 82.5, 'r2': 0.9400871910893032}]"
1 2 3 4 7 8-hexachlorodibenzofuran hxcdf lipid adjusted,"1,2,3,4,7,8-Hexachlorodibenzofuran (hxcdf) Lipid Adjusted (pg/g)",0.9802613827707816,0.9683204991548429,0.978733624273239,13,1.4102167555803162,0.10245546545041923,1.9561816442239446,0.5338806787065842,"[{'age_bin': '20-24', 'age_mid': 22.5, 'r2': 0.9683204991548429}, {'age_bin': '25-29', 'age_mid': 27.5, 'r2': 0.9754973565556837}, {'age_bin': '30-34', 'age_mid': 32.5, 'r2': 0.9789777896340145}, {'age_bin': '35-39', 'age_mid': 37.5, 'r2': 0.978733624273239}, {'age_bin': '40-44', 'age_mid': 42.5, 'r2': 0.9831144849671671}, {'age_bin': '45-49', 'age_mid': 47.5, 'r2': 0.9781500235402154}, {'age_bin': '50-54', 'age_mid': 52.5, 'r2': 0.9928030277024713}, {'age_bin': '55-59', 'age_mid': 57.5, 'r2': 0.9900280357489831}, {'age_bin': '60-64', 'age_mid': 62.5, 'r2': 0.9844268691116324}, {'age_bin': '65-69', 'age_mid': 67.5, 'r2': 0.9874550633525705}, {'age_bin': '70-74', 'age_mid': 72.5, 'r2': 0.9772360277889387}, {'age_bin': '75-79', 'age_mid': 77.5, 'r2': 0.9711682780797636}, {'age_bin': '80-84', 'age_mid': 82.5, 'r2': 0.9774868961106382}]"
1 2 3 6 7 8-hexachlorodibenzo-p-dioxin hxcdd,"1,2,3,6,7,8-Hexachlorodibenzo-p-dioxin (hxcdd) (fg/g)",0.9789793235669706,0.9548326145133215,0.9844066708478029,13,70.31301947861735,16.46152257114111,44.48261099680215,41.58373405771277,"[{'age_bin': '20-24', 'age_mid': 22.5, 'r2': 0.9866610186469422}, {'age_bin': '25-29', 'age_mid': 27.5, 'r2': 0.9889921157937734}, {'age_bin': '30-34', 'age_mid': 32.5, 'r2': 0.9898723981115392}, {'age_bin': '35-39', 'age_mid': 37.5, 'r2': 0.9797400149807038}, {'age_bin': '40-44', 'age_mid': 42.5, 'r2': 0.9887922430823424}, {'age_bin': '45-49', 'age_mid': 47.5, 'r2': 0.9555343897554965}, {'age_bin': '50-54', 'age_mid': 52.5, 'r2': 0.9861461036939287}, {'age_bin': '55-59', 'age_mid': 57.5, 'r2': 0.9866246460412245}, {'age_bin': '60-64', 'age_mid': 62.5, 'r2': 0.9548326145133215}, {'age_bin': '65-69', 'age_mid': 67.5, 'r2': 0.9844066708478029}, {'age_bin': '70-74', 'age_mid': 72.5, 'r2': 0.9787188481141919}, {'age_bin': '75-79', 'age_mid': 77.5, 'r2': 0.9765074560609535}, {'age_bin': '80-84', 'age_mid': 82.5, 'r2': 0.9699026867283981}]"
1 2 3 6 7 8-hexachlorodibenzo-p-dioxin hxcdd lipid adjusted,"1,2,3,6,7,8-Hexachlorodibenzo-p-dioxin (hxcdd) Lipid Adjusted (pg/g serum lipid)",0.9789104465499064,0.952766311939408,0.981433098588539,13,10.736379985434755,2.1455639291800224,7.099020666435229,5.288244946259937,"[{'age_bin': '20-24', 'age_mid': 22.5, 'r2': 0.979991683349001}, {'age_bin': '25-29', 'age_mid': 27.5, 'r2': 0.9909222650995719}, {'age_bin': '30-34', 'age_mid': 32.5, 'r2': 0.9907670353663297}, {'age_bin': '35-39', 'age_mid': 37.5, 'r2': 0.9781364666557266}, {'age_bin': '40-44', 'age_mid': 42.5, 'r2': 0.9848207158374875}, {'age_bin': '45-49', 'age_mid': 47.5, 'r2': 0.9603852989829841}, {'age_bin': '50-54', 'age_mid': 52.5, 'r2': 0.9857596425496402}, {'age_bin': '55-59', 'age_mid': 57.5, 'r2': 0.9838073637052499}, {'age_bin': '60-64', 'age_mid': 62.5, 'r2': 0.952766311939408}, {'age_bin': '65-69', 'age_mid': 67.5, 'r2': 0.9812670703211426}, {'age_bin': '70-74', 'age_mid': 72.5, 'r2': 0.9693859635257851}, {'age_bin': '75-79', 'age_mid': 77.5, 'r2': 0.981433098588539}, {'age_bin': '80-84', 'age_mid': 82.5, 'r2': 0.9863928892279183}]"
1 2 3 6 7 8-hexachlorodibenzofuran hxcdf,"1,2,3,6,7,8-Hexachlorodibenzofuran (hxcdf) (fg/g)",0.9696972660771167,0.9349245488569913,0.9732562988890525,13,7.6164730918361405,1.2849660409385357,9.279207725268797,3.7499870042176413,"[{'age_bin': '20-24', 'age_mid': 22.5, 'r2': 0.9623385915799094}, {'age_bin': '25-29', 'age_mid': 27.5, 'r2': 0.9690913623407126}, {'age_bin': '30-34', 'age_mid': 32.5, 'r2': 0.9633108921273473}, {'age_bin': '35-39', 'age_mid': 37.5, 'r2': 0.9899359952283083}, {'age_bin': '40-44', 'age_mid': 42.5, 'r2': 0.9764501536369266}, {'age_bin': '45-49', 'age_mid': 47.5, 'r2': 0.9469919919321047}, {'age_bin': '50-54', 'age_mid': 52.5, 'r2': 0.9792724894471974}, {'age_bin': '55-59', 'age_mid': 57.5, 'r2': 0.9732562988890525}, {'age_bin': '60-64', 'age_mid': 62.5, 'r2': 0.9866689618782131}, {'age_bin': '65-69', 'age_mid': 67.5, 'r2': 0.9879974569330318}, {'age_bin': '70-74', 'age_mid': 72.5, 'r2': 0.9349245488569913}, {'age_bin': '75-79', 'age_mid': 77.5, 'r2': 0.9849941048469149}, {'age_bin': '80-84', 'age_mid': 82.5, 'r2': 0.9508316113058077}]"
1 2 3 6 7 8-hexachlorodibenzofuran hxcdf lipid adjusted,"1,2,3,6,7,8-Hexachlorodibenzofuran (hxcdf) Lipid Adjusted (pg/g serum lipid)",0.9727010074742746,0.9451719137507387,0.9748901148005625,13,1.1746272641525495,0.12951180131207743,1.5357654198010888,0.5854544913805919,"[{'age_bin': '20-24', 'age_mid': 22.5, 'r2': 0.9501475214680754}, {'age_bin': '25-29', 'age_mid': 27.5, 'r2': 0.9748901148005625}, {'age_bin': '30-34', 'age_mid': 32.5, 'r2': 0.9608607951649152}, {'age_bin': '35-39', 'age_mid': 37.5, 'r2': 0.9841334654970669}, {'age_bin': '40-44', 'age_mid': 42.5, 'r2': 0.9701630231711676}, {'age_bin': '45-49', 'age_mid': 47.5, 'r2': 0.9451719137507387}, {'age_bin': '50-54', 'age_mid': 52.5, 'r2': 0.9729188011511425}, {'age_bin': '55-59', 'age_mid': 57.5, 'r2': 0.9803814575933398}, {'age_bin': '60-64', 'age_mid': 62.5, 'r2': 0.9903625095050501}, {'age_bin': '65-69', 'age_mid': 67.5, 'r2': 0.9927355505303477}, {'age_bin': '70-74', 'age_mid': 72.5, 'r2': 0.9642961212919926}, {'age_bin': '75-79', 'age_mid': 77.5, 'r2': 0.9816692021826179}, {'age_bin': '80-84', 'age_mid': 82.5, 'r2': 0.9773826210585524}]"
1 2 3 7 8 9-hexachlorodibenzo-p-dioxin hxcdd,"1,2,3,7,8,9-Hexachlorodibenzo-p-dioxin (hxcdd) (fg/g)",0.9551876097694253,0.9220579898675634,0.9504736940806411,13,9.95813735982878,1.986561812116581,8.973720490379383,7.332635248237644,"[{'age_bin': '20-24', 'age_mid': 22.5, 'r2': 0.9715005931615612}, {'age_bin': '25-29', 'age_mid': 27.5, 'r2': 0.9624814412693816}, {'age_bin': '30-34', 'age_mid': 32.5, 'r2': 0.9772226191884025}, {'age_bin': '35-39', 'age_mid': 37.5, 'r2': 0.9699449437269219}, {'age_bin': '40-44', 'age_mid': 42.5, 'r2': 0.9220579898675634}, {'age_bin': '45-49', 'age_mid': 47.5, 'r2': 0.9351048597821945}, {'age_bin': '50-54', 'age_mid': 52.5, 'r2': 0.9326930384593555}, {'age_bin': '55-59', 'age_mid': 57.5, 'r2': 0.9504736940806411}, {'age_bin': '60-64', 'age_mid': 62.5, 'r2': 0.9465291530605322}, {'age_bin': '65-69', 'age_mid': 67.5, 'r2': 0.9824767221230816}, {'age_bin': '70-74', 'age_mid': 72.5, 'r2': 0.9476977306939797}, {'age_bin': '75-79', 'age_mid': 77.5, 'r2': 0.9688635183511076}, {'age_bin': '80-84', 'age_mid': 82.5, 'r2': 0.9503926232378072}]"
1 2 3 7 8 9-hexachlorodibenzo-p-dioxin hxcdd lipid adjusted,"1,2,3,7,8,9-Hexachlorodibenzo-p-dioxin (hxcdd) Lipid Adjusted (pg/g serum lipid)",0.9598429655342335,0.9266750156742314,0.9614014384299054,13,1.5572173254870165,0.20652069550653468,1.5538829465077089,1.072124910008357,"[{'age_bin': '20-24', 'age_mid': 22.5, 'r2': 0.9619711949047275}, {'age_bin': '25-29', 'age_mid': 27.5, 'r2': 0.9728564087243938}, {'age_bin': '30-34', 'age_mid': 32.5, 'r2': 0.9716166160230267}, {'age_bin': '35-39', 'age_mid': 37.5, 'r2': 0.9656052121440024}, {'age_bin': '40-44', 'age_mid': 42.5, 'r2': 0.9266750156742314}, {'age_bin': '45-49', 'age_mid': 47.5, 'r2': 0.9515716269274612}, {'age_bin': '50-54', 'age_mid': 52.5, 'r2': 0.9378973190999154}, {'age_bin': '55-59', 'age_mid': 57.5, 'r2': 0.9614014384299054}, {'age_bin': '60-64', 'age_mid': 62.5, 'r2': 0.9537422527860313}, {'age_bin': '65-69', 'age_mid': 67.5, 'r2': 0.9844550350403634}, {'age_bin': '70-74', 'age_mid': 72.5, 'r2': 0.954683436778716}, {'age_bin': '75-79', 'age_mid': 77.5, 'r2': 0.9791536163256624}, {'age_bin': '80-84', 'age_mid': 82.5, 'r2': 0.956329379086598}]"
1 2 3 7 8 9-hexachlorodibenzofuran hxcdf,"1,2,3,7,8,9-Hexachlorodibenzofuran (hxcdf) (fg/g)",0.9609861861330125,0.9113729029411135,0.9629233444428764,13,2.7144543248407635,0.7071432326296616,8.443457748395907,1.1825606525761971,"[{'age_bin': '20-24', 'age_mid': 22.5, 'r2': 0.970532961540717}, {'age_bin': '25-29', 'age_mid': 27.5, 'r2': 0.9600174549254586}, {'age_bin': '30-34', 'age_mid': 32.5, 'r2': 0.9750029324042635}, {'age_bin': '35-39', 'age_mid': 37.5, 'r2': 0.9629233444428764}, {'age_bin': '40-44', 'age_mid': 42.5, 'r2': 0.9665587244099927}, {'age_bin': '45-49', 'age_mid': 47.5, 'r2': 0.9113729029411135}, {'age_bin': '50-54', 'age_mid': 52.5, 'r2': 0.9823872354402396}, {'age_bin': '55-59', 'age_mid': 57.5, 'r2': 0.9492604065581887}, {'age_bin': '60-64', 'age_mid': 62.5, 'r2': 0.9700143505933053}, {'age_bin': '65-69', 'age_mid': 67.5, 'r2': 0.9507141444206761}, {'age_bin': '70-74', 'age_mid': 72.5, 'r2': 0.9926722261952324}, {'age_bin': '75-79', 'age_mid': 77.5, 'r2': 0.950427690029387}, {'age_bin': '80-84', 'age_mid': 82.5, 'r2': 0.9509360458277113}]"
1 2 3 7 8 9-hexachlorodibenzofuran hxcdf lipid adjusted,"1,2,3,7,8,9-Hexachlorodibenzofuran (hxcdf) Lipid Adjusted (pg/g serum lipid)",0.9769777937434493,0.9582307963612468,0.9778702921200727,13,0.4885756450535053,0.16812820457359823,1.281815650550706,0.2451681876871319,"[{'age_bin': '20-24', 'age_mid': 22.5, 'r2': 0.9582307963612468}, {'age_bin': '25-29', 'age_mid': 27.5, 'r2': 0.9649893236052485}, {'age_bin': '30-34', 'age_mid': 32.5, 'r2': 0.9778702921200727}, {'age_bin': '35-39', 'age_mid': 37.5, 'r2': 0.9714832459865755}, {'age_bin': '40-44', 'age_mid': 42.5, 'r2': 0.9864116318029775}, {'age_bin': '45-49', 'age_mid': 47.5, 'r2': 0.9643008806604647}, {'age_bin': '50-54', 'age_mid': 52.5, 'r2': 0.9702558157350366}, {'age_bin': '55-59', 'age_mid': 57.5, 'r2': 0.9803525090265637}, {'age_bin': '60-64', 'age_mid': 62.5, 'r2': 0.9894246968558859}, {'age_bin': '65-69', 'age_mid': 67.5, 'r2': 0.9707889268621201}, {'age_bin': '70-74', 'age_mid': 72.5, 'r2': 0.9890560238080063}, {'age_bin': '75-79', 'age_mid': 77.5, 'r2': 0.9889146966564504}, {'age_bin': '80-84', 'age_mid': 82.5, 'r2': 0.988632479184191}]"
1 2 3 7 8-pentachlorodibenzo-p-dioxin pncdd,"1,2,3,7,8-Pentachlorodibenzo-p-dioxin (pncdd) (fg/g)",0.9638651328174166,0.9254164016529154,0.9679724622397785,13,9.902791066755803,2.5129879304236846,4.3083384712527915,4.7551785151398915,"[{'age_bin': '20-24', 'age_mid': 22.5, 'r2': 0.9254164016529154}, {'age_bin': '25-29', 'age_mid': 27.5, 'r2': 0.9679724622397785}, {'age_bin': '30-34', 'age_mid': 32.5, 'r2': 0.9562281932478449}, {'age_bin': '35-39', 'age_mid': 37.5, 'r2': 0.9478608394006508}, {'age_bin': '40-44', 'age_mid': 42.5, 'r2': 0.942377881793905}, {'age_bin': '45-49', 'age_mid': 47.5, 'r2': 0.9731259113910314}, {'age_bin': '50-54', 'age_mid': 52.5, 'r2': 0.9726732730812017}, {'age_bin': '55-59', 'age_mid': 57.5, 'r2': 0.9756882280080746}, {'age_bin': '60-64', 'age_mid': 62.5, 'r2': 0.9758986423323552}, {'age_bin': '65-69', 'age_mid': 67.5, 'r2': 0.986074073065363}, {'age_bin': '70-74', 'age_mid': 72.5, 'r2': 0.9677884333508829}, {'age_bin': '75-79', 'age_mid': 77.5, 'r2': 0.9647714667966232}, {'age_bin': '80-84', 'age_mid': 82.5, 'r2': 0.9743709202657872}]"
1 2 3 7 8-pentachlorodibenzo-p-dioxin pncdd lipid adjusted,"1,2,3,7,8-Pentachlorodibenzo-p-dioxin (pncdd) Lipid Adjusted (pg/g serum lipid)",0.9752743451323396,0.9494398465417317,0.9800031479463269,13,1.5178622881653543,0.2900045483758325,0.7956694732975319,0.6823020665711785,"[{'age_bin': '20-24', 'age_mid': 22.5, 'r2': 0.9494398465417317}, {'age_bin': '25-29', 'age_mid': 27.5, 'r2': 0.9708452267539469}, {'age_bin': '30-34', 'age_mid': 32.5, 'r2': 0.9632306187225974}, {'age_bin': '35-39', 'age_mid': 37.5, 'r2': 0.9630335636177891}, {'age_bin': '40-44', 'age_mid': 42.5, 'r2': 0.9635164116604874}, {'age_bin': '45-49', 'age_mid': 47.5, 'r2': 0.9858297689758247}, {'age_bin': '50-54', 'age_mid': 52.5, 'r2': 0.9836249812992851}, {'age_bin': '55-59', 'age_mid': 57.5, 'r2': 0.9881211493552673}, {'age_bin': '60-64', 'age_mid': 62.5, 'r2': 0.9874399225594758}, {'age_bin': '65-69', 'age_mid': 67.5, 'r2': 0.9895784752407286}, {'age_bin': '70-74', 'age_mid': 72.5, 'r2': 0.9692998731515737}, {'age_bin': '75-79', 'age_mid': 77.5, 'r2': 0.9800031479463269}, {'age_bin': '80-84', 'age_mid': 82.5, 'r2': 0.9846035008953803}]"
1 2 3 7 8-pentachlorodibenzofuran pncdf,"1,2,3,7,8-Pentachlorodibenzofuran (pncdf) (fg/g)",0.9797511283894316,0.9512704931360851,0.982198300584658,13,2.79770093150871,0.7358410392899121,7.7304170288335605,1.127275817773721,"[{'age_bin': '20-24', 'age_mid': 22.5, 'r2': 0.9797064927423687}, {'age_bin': '25-29', 'age_mid': 27.5, 'r2': 0.982198300584658}, {'age_bin': '30-34', 'age_mid': 32.5, 'r2': 0.9900663642041577}, {'age_bin': '35-39', 'age_mid': 37.5, 'r2': 0.9870115532838107}, {'age_bin': '40-44', 'age_mid': 42.5, 'r2': 0.9797299490314644}, {'age_bin': '45-49', 'age_mid': 47.5, 'r2': 0.9512704931360851}, {'age_bin': '50-54', 'age_mid': 52.5, 'r2': 0.9926150322349051}, {'age_bin': '55-59', 'age_mid': 57.5, 'r2': 0.9886595628641436}, {'age_bin': '60-64', 'age_mid': 62.5, 'r2': 0.9895925297266982}, {'age_bin': '65-69', 'age_mid': 67.5, 'r2': 0.9787922258931704}, {'age_bin': '70-74', 'age_mid': 72.5, 'r2': 0.9899712575857289}, {'age_bin': '75-79', 'age_mid': 77.5, 'r2': 0.9629581013620949}, {'age_bin': '80-84', 'age_mid': 82.5, 'r2': 0.9641928064133237}]"
1 2 3 7 8-pentachlorodibenzofuran pncdf lipid adjusted,"1,2,3,7,8-Pentachlorodibenzofuran (pncdf) Lipid Adjusted (pg/g serum lipid)",0.9846886422755872,0.9748726219013623,0.9834521336616071,13,0.4981197690597696,0.17124577044381226,1.1793783340117427,0.23053893815755996,"[{'age_bin': '20-24', 'age_mid': 22.5, 'r2': 0.9774450699575418}, {'age_bin': '25-29', 'age_mid': 27.5, 'r2': 0.9788463632429076}, {'age_bin': '30-34', 'age_mid': 32.5, 'r2': 0.9858813156571175}, {'age_bin': '35-39', 'age_mid': 37.5, 'r2': 0.9834521336616071}, {'age_bin': '40-44', 'age_mid': 42.5, 'r2': 0.9819275347231852}, {'age_bin': '45-49', 'age_mid': 47.5, 'r2': 0.9748726219013623}, {'age_bin': '50-54', 'age_mid': 52.5, 'r2': 0.9911983522758506}, {'age_bin': '55-59', 'age_mid': 57.5, 'r2': 0.9916867125594091}, {'age_bin': '60-64', 'age_mid': 62.5, 'r2': 0.9822158358896583}, {'age_bin': '65-69', 'age_mid': 67.5, 'r2': 0.9902766293908846}, {'age_bin': '70-74', 'age_mid': 72.5, 'r2': 0.9962714333253824}, {'age_bin': '75-79', 'age_mid': 77.5, 'r2': 0.9787292994343}, {'age_bin': '80-84', 'age_mid': 82.5, 'r2': 0.9881490475634293}]"
1 4-dichlorobenzene result,"1,4-Dichlorobenzene Result",0.5839113426270498,0.49885097505480214,0.5839113426270498,2,1.2754599527298136,0.6925072210622479,-0.6951922855894586,0.3235322632908058,"[{'age_bin': '20-24', 'age_mid': 22.5, 'r2': None}, {'age_bin': '25-29', 'age_mid': 27.5, 'r2': None}, {'age_bin': '30-34', 'age_mid': 32.5, 'r2': 0.6689717101992975}, {'age_bin': '35-39', 'age_mid': 37.5, 'r2': None}, {'age_bin': '40-44', 'age_mid': 42.5, 'r2': 0.49885097505480214}, {'age_bin': '45-49', 'age_mid': 47.5, 'r2': None}, {'age_bin': '50-54', 'age_mid': 52.5, 'r2': None}, {'age_bin': '55-59', 'age_mid': 57.5, 'r2': None}, {'age_bin': '60-64', 'age_mid': 62.5, 'r2': None}, {'age_bin': '65-69', 'age_mid': 67.5, 'r2': None}, {'age_bin': '70-74', 'age_mid': 72.5, 'r2': None}, {'age_bin': '75-79', 'age_mid': 77.5, 'r2': None}, {'age_bin': '80-84', 'age_mid': 82.5, 'r2': None}]"
1 4-dichlorobenzene,"1,4-dichlorobenzene (ug/cubic meter)",0.5732136399960306,0.43549594662761126,0.5785211841418301,8,21.747910861430583,16.64469310677332,-15.234829746755302,12.71526327503707,"[{'age_bin': '20-24', 'age_mid': 22.5, 'r2': 0.5645868395284426}, {'age_bin': '25-29', 'age_mid': 27.5, 'r2': 0.6577467248631772}, {'age_bin': '30-34', 'age_mid': 32.5, 'r2': 0.43549594662761126}, {'age_bin': '35-39', 'age_mid': 37.5, 'r2': 0.5886284241653676}, {'age_bin': '40-44', 'age_mid': 42.5, 'r2': 0.6025951702271111}, {'age_bin': '45-49', 'age_mid': 47.5, 'r2': 0.5684139441182925}, {'age_bin': '50-54', 'age_mid': 52.5, 'r2': 0.6216271220304322}, {'age_bin': '55-59', 'age_mid': 57.5, 'r2': 0.5466149484078107}, {'age_bin': '60-64', 'age_mid': 62.5, 'r2': None}, {'age_bin': '65-69', 'age_mid': 67.5, 'r2': None}, {'age_bin': '70-74', 'age_mid': 72.5, 'r2': None}, {'age_bin': '75-79', 'age_mid': 77.5, 'r2': None}, {'age_bin': '80-84', 'age_mid': 82.5, 'r2': None}]"
17a-hydroxyprogesterone,17α-hydroxyprogesterone (ng/dL),0.9791911843231058,0.965792517114965,0.9763258028230768,13,24.509336864637987,12.923226074738666,10.008431628076805,11.156997218746646,"[{'age_bin': '20-24', 'age_mid': 22.5, 'r2': 0.965792517114965}, {'age_bin': '25-29', 'age_mid': 27.5, 'r2': 0.9865725973138072}, {'age_bin': '30-34', 'age_mid': 32.5, 'r2': 0.9728239912967293}, {'age_bin': '35-39', 'age_mid': 37.5, 'r2': 0.9815963055773609}, {'age_bin': '40-44', 'age_mid': 42.5, 'r2': 0.9731352151541621}, {'age_bin': '45-49', 'age_mid': 47.5, 'r2': 0.9710823331858913}, {'age_bin': '50-54', 'age_mid': 52.5, 'r2': 0.9668339234787809}, {'age_bin': '55-59', 'age_mid': 57.5, 'r2': 0.9740855714775074}, {'age_bin': '60-64', 'age_mid': 62.5, 'r2': 0.9917909686677832}, {'age_bin': '65-69', 'age_mid': 67.5, 'r2': 0.9877013504593725}, {'age_bin': '70-74', 'age_mid': 72.5, 'r2': 0.9936240080881648}, {'age_bin': '75-79', 'age_mid': 77.5, 'r2': 0.9763258028230768}, {'age_bin': '80-84', 'age_mid': 82.5, 'r2': 0.9881208115627745}]"
2 2 3 4 4 5 6-heptabromodiphenyl ether,"2,2',3,4,4',5',6-heptabromodiphenyl ether (pg/g)",0.5837741197409106,0.39690632124971525,0.5881609675961054,11,0.6215027790877529,0.21259581770938749,2.486648535238608,0.36288708449642365,"[{'age_bin': '20-24', 'age_mid': 22.5, 'r2': 0.6929922803178106}, {'age_bin': '25-29', 'age_mid': 27.5, 'r2': 0.5480638914934322}, {'age_bin': '30-34', 'age_mid': 32.5, 'r2': 0.39690632124971525}, {'age_bin': '35-39', 'age_mid': 37.5, 'r2': 0.5571270572254445}, {'age_bin': '40-44', 'age_mid': 42.5, 'r2': 0.5943522808798815}, {'age_bin': '45-49', 'age_mid': 47.5, 'r2': 0.4857876964893413}, {'age_bin': '50-54', 'age_mid': 52.5, 'r2': 0.5794585569014278}, {'age_bin': '55-59', 'age_mid': 57.5, 'r2': 0.6094586919796924}, {'age_bin': '60-64', 'age_mid': 62.5, 'r2': 0.6351340792725131}, {'age_bin': '65-69', 'age_mid': 67.5, 'r2': 0.5881609675961054}, {'age_bin': '70-74', 'age_mid': 72.5, 'r2': 0.7340734937446531}, {'age_bin': '75-79', 'age_mid': 77.5, 'r2': None}, {'age_bin': '80-84', 'age_mid': 82.5, 'r2': None}]"
2 2 3 4 4 5 6-heptabromodiphenyl lipid adjusted,"2,2',3,4,4',5',6-heptabromodiphenyl lipid adjusted (ng/g)",0.8202519910565713,0.7164389950222145,0.8022216426916012,11,0.12230346845919704,0.032556243191947026,0.3703922261200699,0.08717555095475349,"[{'age_bin': '20-24', 'age_mid': 22.5, 'r2': 0.8923106283886202}, {'age_bin': '25-29', 'age_mid': 27.5, 'r2': 0.8876650542871125}, {'age_bin': '30-34', 'age_mid': 32.5, 'r2': 0.7875826249654918}, {'age_bin': '35-39', 'age_mid': 37.5, 'r2': 0.8862616833911456}, {'age_bin': '40-44', 'age_mid': 42.5, 'r2': 0.7215323127352248}, {'age_bin': '45-49', 'age_mid': 47.5, 'r2': 0.7164389950222145}, {'age_bin': '50-54', 'age_mid': 52.5, 'r2': 0.9465027839275353}, {'age_bin': '55-59', 'age_mid': 57.5, 'r2': 0.7665329044574664}, {'age_bin': '60-64', 'age_mid': 62.5, 'r2': 0.8291390859560532}, {'age_bin': '65-69', 'age_mid': 67.5, 'r2': 0.8022216426916012}, {'age_bin': '70-74', 'age_mid': 72.5, 'r2': 0.7865841857998197}, {'age_bin': '75-79', 'age_mid': 77.5, 'r2': None}, {'age_bin': '80-84', 'age_mid': 82.5, 'r2': None}]"
2 2 3 4 4 -pentabromodiphenyl ether,"2,2',3,4,4'-pentabromodiphenyl ether (pg/g)",0.5245818885750388,0.44919436198527585,0.4787707002657745,11,2.2348765482158424,1.0176941297486861,1.6216888024125966,2.121652155053955,"[{'age_bin': '20-24', 'age_mid': 22.5, 'r2': 0.6610988854953179}, {'age_bin': '25-29', 'age_mid': 27.5, 'r2': 0.5685057862353458}, {'age_bin': '30-34', 'age_mid': 32.5, 'r2': 0.47827495276844567}, {'age_bin': '35-39', 'age_mid': 37.5, 'r2': 0.46022170108785654}, {'age_bin': '40-44', 'age_mid': 42.5, 'r2': 0.49120988837886914}, {'age_bin': '45-49', 'age_mid': 47.5, 'r2': 0.5371287621792797}, {'age_bin': '50-54', 'age_mid': 52.5, 'r2': 0.4774611942844752}, {'age_bin': '55-59', 'age_mid': 57.5, 'r2': 0.45561794868854144}, {'age_bin': '60-64', 'age_mid': 62.5, 'r2': 0.44919436198527585}, {'age_bin': '65-69', 'age_mid': 67.5, 'r2': 0.4787707002657745}, {'age_bin': '70-74', 'age_mid': 72.5, 'r2': 0.7129165929562458}, {'age_bin': '75-79', 'age_mid': 77.5, 'r2': None}, {'age_bin': '80-84', 'age_mid': 82.5, 'r2': None}]"
2 2 3 4 4 -pentabromodiphenyl ether lipid adjusted,"2,2',3,4,4'-pentabromodiphenyl ether lipid adjusted (ng/g)",0.6749854607078184,0.5082814066656101,0.688349902070748,11,0.36422149430289524,0.13864260945110685,0.25691293502110185,0.33586246562949407,"[{'age_bin': '20-24', 'age_mid': 22.5, 'r2': 0.7435999509375943}, {'age_bin': '25-29', 'age_mid': 27.5, 'r2': 0.8374807061903725}, {'age_bin': '30-34', 'age_mid': 32.5, 'r2': 0.688349902070748}, {'age_bin': '35-39', 'age_mid': 37.5, 'r2': 0.7656148458337377}, {'age_bin': '40-44', 'age_mid': 42.5, 'r2': 0.7662502374225415}, {'age_bin': '45-49', 'age_mid': 47.5, 'r2': 0.5833473601811643}, {'age_bin': '50-54', 'age_mid': 52.5, 'r2': 0.589259526354684}, {'age_bin': '55-59', 'age_mid': 57.5, 'r2': 0.6400887175353385}, {'age_bin': '60-64', 'age_mid': 62.5, 'r2': 0.5134022670757792}, {'age_bin': '65-69', 'age_mid': 67.5, 'r2': 0.5082814066656101}, {'age_bin': '70-74', 'age_mid': 72.5, 'r2': 0.7891651475184323}, {'age_bin': '75-79', 'age_mid': 77.5, 'r2': None}, {'age_bin': '80-84', 'age_mid': 82.5, 'r2': None}]"
2 2 4 4 5 5 -hexabromobiphenyl,"2,2',4,4',5,5'-hexabromobiphenyl (pg/g)",0.7744345252917998,0.6305600412383525,0.7937063766931918,11,17.420851849083974,7.189092463217785,-8.538576732677155,8.933571543955468,"[{'age_bin': '20-24', 'age_mid': 22.5, 'r2': 0.9740994162021537}, {'age_bin': '25-29', 'age_mid': 27.5, 'r2': 0.9136229023317243}, {'age_bin': '30-34', 'age_mid': 32.5, 'r2': 0.8559464057063907}, {'age_bin': '35-39', 'age_mid': 37.5, 'r2': 0.6305600412383525}, {'age_bin': '40-44', 'age_mid': 42.5, 'r2': 0.63351039823096}, {'age_bin': '45-49', 'age_mid': 47.5, 'r2': 0.6346254829503011}, {'age_bin': '50-54', 'age_mid': 52.5, 'r2': 0.6693416813947957}, {'age_bin': '55-59', 'age_mid': 57.5, 'r2': 0.8410146434824712}, {'age_bin': '60-64', 'age_mid': 62.5, 'r2': 0.7937063766931918}, {'age_bin': '65-69', 'age_mid': 67.5, 'r2': 0.6614840875924779}, {'age_bin': '70-74', 'age_mid': 72.5, 'r2': 0.910868342386979}, {'age_bin': '75-79', 'age_mid': 77.5, 'r2': None}, {'age_bin': '80-84', 'age_mid': 82.5, 'r2': None}]"
2 2 4 4 5 5 -hexabromobiphenyl lipid adjusted,"2,2',4,4',5,5'-hexabromobiphenyl lipid adjusted (ng/g)",0.7792478689318171,0.5920952852962005,0.7847376214059352,11,2.7540602381796466,1.1603335621036528,-1.3499963506776582,1.4332432080125246,"[{'age_bin': '20-24', 'age_mid': 22.5, 'r2': 0.9396663653969001}, {'age_bin': '25-29', 'age_mid': 27.5, 'r2': 0.9308388067550629}, {'age_bin': '30-34', 'age_mid': 32.5, 'r2': 0.8575646985479781}, {'age_bin': '35-39', 'age_mid': 37.5, 'r2': 0.5954338368186034}, {'age_bin': '40-44', 'age_mid': 42.5, 'r2': 0.5920952852962005}, {'age_bin': '45-49', 'age_mid': 47.5, 'r2': 0.6973646633133186}, {'age_bin': '50-54', 'age_mid': 52.5, 'r2': 0.6916048724276715}, {'age_bin': '55-59', 'age_mid': 57.5, 'r2': 0.8476249427360054}, {'age_bin': '60-64', 'age_mid': 62.5, 'r2': 0.7847376214059352}, {'age_bin': '65-69', 'age_mid': 67.5, 'r2': 0.6862234764259948}, {'age_bin': '70-74', 'age_mid': 72.5, 'r2': 0.9485719891263182}, {'age_bin': '75-79', 'age_mid': 77.5, 'r2': None}, {'age_bin': '80-84', 'age_mid': 82.5, 'r2': None}]"
2 2 4 4 5 5 -hexabromodiphenyl ether,"2,2',4,4',5,5'-hexabromodiphenyl ether (pg/g)",0.6742937651564335,0.45477629550196197,0.6771066663699925,11,38.64900825801601,12.254915854113458,-21.530250892787784,25.81214132837215,"[{'age_bin': '20-24', 'age_mid': 22.5, 'r2': 0.8828136818997676}, {'age_bin': '25-29', 'age_mid': 27.5, 'r2': 0.751783599427607}, {'age_bin': '30-34', 'age_mid': 32.5, 'r2': 0.7974831779774405}, {'age_bin': '35-39', 'age_mid': 37.5, 'r2': 0.6771066663699925}, {'age_bin': '40-44', 'age_mid': 42.5, 'r2': 0.5731741131305992}, {'age_bin': '45-49', 'age_mid': 47.5, 'r2': 0.6838017996517483}, {'age_bin': '50-54', 'age_mid': 52.5, 'r2': 0.45477629550196197}, {'age_bin': '55-59', 'age_mid': 57.5, 'r2': 0.5510568796493373}, {'age_bin': '60-64', 'age_mid': 62.5, 'r2': 0.6510556310777785}, {'age_bin': '65-69', 'age_mid': 67.5, 'r2': 0.7509726232530162}, {'age_bin': '70-74', 'age_mid': 72.5, 'r2': 0.6432069487815184}, {'age_bin': '75-79', 'age_mid': 77.5, 'r2': None}, {'age_bin': '80-84', 'age_mid': 82.5, 'r2': None}]"
2 2 4 4 5 5 -hexabromodiphenyl ether lipid adjusted,"2,2',4,4',5,5'-hexabromodiphenyl ether lipid adjusted (ng/g)",0.6879454660739985,0.48928136329229666,0.7295171277290082,11,6.088569828505876,2.2921580170565194,-3.071379636327679,3.734506883166566,"[{'age_bin': '20-24', 'age_mid': 22.5, 'r2': 0.8253190019909133}, {'age_bin': '25-29', 'age_mid': 27.5, 'r2': 0.7330479176283814}, {'age_bin': '30-34', 'age_mid': 32.5, 'r2': 0.7385385681715371}, {'age_bin': '35-39', 'age_mid': 37.5, 'r2': 0.7295171277290082}, {'age_bin': '40-44', 'age_mid': 42.5, 'r2': 0.5853288777245608}, {'age_bin': '45-49', 'age_mid': 47.5, 'r2': 0.7570844486995562}, {'age_bin': '50-54', 'age_mid': 52.5, 'r2': 0.48928136329229666}, {'age_bin': '55-59', 'age_mid': 57.5, 'r2': 0.640534749478123}, {'age_bin': '60-64', 'age_mid': 62.5, 'r2': 0.6494928706807093}, {'age_bin': '65-69', 'age_mid': 67.5, 'r2': 0.7528706940113707}, {'age_bin': '70-74', 'age_mid': 72.5, 'r2': 0.6663845074075262}, {'age_bin': '75-79', 'age_mid': 77.5, 'r2': None}, {'age_bin': '80-84', 'age_mid': 82.5, 'r2': None}]"
2 2 4 4 5 6 -hexabromodiphenyl ether,"2,2',4,4',5,6'-hexabromodiphenyl ether (pg/g)",0.7125024826386275,0.42541850563875616,0.7373788882488459,11,2.7372843981061443,0.7914762785655889,-0.644776659108349,1.4416887631877844,"[{'age_bin': '20-24', 'age_mid': 22.5, 'r2': 0.840947987178276}, {'age_bin': '25-29', 'age_mid': 27.5, 'r2': 0.880223470556574}, {'age_bin': '30-34', 'age_mid': 32.5, 'r2': 0.6090986691089217}, {'age_bin': '35-39', 'age_mid': 37.5, 'r2': 0.7373788882488459}, {'age_bin': '40-44', 'age_mid': 42.5, 'r2': 0.7729627185201269}, {'age_bin': '45-49', 'age_mid': 47.5, 'r2': 0.673556535020466}, {'age_bin': '50-54', 'age_mid': 52.5, 'r2': 0.42541850563875616}, {'age_bin': '55-59', 'age_mid': 57.5, 'r2': 0.5906771454099758}, {'age_bin': '60-64', 'age_mid': 62.5, 'r2': 0.6653271658459374}, {'age_bin': '65-69', 'age_mid': 67.5, 'r2': 0.7814979984041805}, {'age_bin': '70-74', 'age_mid': 72.5, 'r2': 0.8604382250928417}, {'age_bin': '75-79', 'age_mid': 77.5, 'r2': None}, {'age_bin': '80-84', 'age_mid': 82.5, 'r2': None}]"
2 2 4 4 5 6 -hexabromodiphenyl ether lipid adjusted,"2,2',4,4',5,6'-hexabromodiphenyl ether lipid adjusted (ng/g)",0.742139311174789,0.5357191148533499,0.7315435440730805,11,0.4095794675954204,0.11952212549206977,-0.03970651844104375,0.21714982106879024,"[{'age_bin': '20-24', 'age_mid': 22.5, 'r2': 0.8066402891369704}, {'age_bin': '25-29', 'age_mid': 27.5, 'r2': 0.9089523898231896}, {'age_bin': '30-34', 'age_mid': 32.5, 'r2': 0.7315435440730805}, {'age_bin': '35-39', 'age_mid': 37.5, 'r2': 0.7392812695369322}, {'age_bin': '40-44', 'age_mid': 42.5, 'r2': 0.8456699220896321}, {'age_bin': '45-49', 'age_mid': 47.5, 'r2': 0.6959537918822769}, {'age_bin': '50-54', 'age_mid': 52.5, 'r2': 0.5357191148533499}, {'age_bin': '55-59', 'age_mid': 57.5, 'r2': 0.6847236439055886}, {'age_bin': '60-64', 'age_mid': 62.5, 'r2': 0.6971594081375138}, {'age_bin': '65-69', 'age_mid': 67.5, 'r2': 0.6289404357894095}, {'age_bin': '70-74', 'age_mid': 72.5, 'r2': 0.8889486136947347}, {'age_bin': '75-79', 'age_mid': 77.5, 'r2': None}, {'age_bin': '80-84', 'age_mid': 82.5, 'r2': None}]"
2 2 4 4 5-pentabromodiphenyl ether lipid adjusted,"2,2',4,4',5-pentabromodiphenyl ether lipid adjusted (ng/g)",0.7668649172019982,0.5684551353191262,0.8113487129512276,11,4.2244644846977915,1.4155443686489162,-1.373004317108248,2.206868054247066,"[{'age_bin': '20-24', 'age_mid': 22.5, 'r2': 0.8113487129512276}, {'age_bin': '25-29', 'age_mid': 27.5, 'r2': 0.9028693709357417}, {'age_bin': '30-34', 'age_mid': 32.5, 'r2': 0.6497027032183258}, {'age_bin': '35-39', 'age_mid': 37.5, 'r2': 0.8819764524661714}, {'age_bin': '40-44', 'age_mid': 42.5, 'r2': 0.9482578275296779}, {'age_bin': '45-49', 'age_mid': 47.5, 'r2': 0.6684025068242875}, {'age_bin': '50-54', 'age_mid': 52.5, 'r2': 0.5783025945192941}, {'age_bin': '55-59', 'age_mid': 57.5, 'r2': 0.8571372113166826}, {'age_bin': '60-64', 'age_mid': 62.5, 'r2': 0.5684551353191262}, {'age_bin': '65-69', 'age_mid': 67.5, 'r2': 0.7327822647983145}, {'age_bin': '70-74', 'age_mid': 72.5, 'r2': 0.8362793093431313}, {'age_bin': '75-79', 'age_mid': 77.5, 'r2': None}, {'age_bin': '80-84', 'age_mid': 82.5, 'r2': None}]"
2 2 4 4 6-pentabromodiphenyl ether,"2,2',4,4',6-pentabromodiphenyl ether (pg/g)",0.7242641997196086,0.4734355898852197,0.7719790138220627,11,25.108086758418036,5.506150350162189,-11.948953403637807,15.30208280153752,"[{'age_bin': '20-24', 'age_mid': 22.5, 'r2': 0.8829220166778755}, {'age_bin': '25-29', 'age_mid': 27.5, 'r2': 0.8745169171795162}, {'age_bin': '30-34', 'age_mid': 32.5, 'r2': 0.7873689332441636}, {'age_bin': '35-39', 'age_mid': 37.5, 'r2': 0.8129488534527789}, {'age_bin': '40-44', 'age_mid': 42.5, 'r2': 0.7719790138220627}, {'age_bin': '45-49', 'age_mid': 47.5, 'r2': 0.6556699813588247}, {'age_bin': '50-54', 'age_mid': 52.5, 'r2': 0.47694292674236094}, {'age_bin': '55-59', 'age_mid': 57.5, 'r2': 0.4734355898852197}, {'age_bin': '60-64', 'age_mid': 62.5, 'r2': 0.6952996876386881}, {'age_bin': '65-69', 'age_mid': 67.5, 'r2': 0.7838058510339999}, {'age_bin': '70-74', 'age_mid': 72.5, 'r2': 0.7520164258802057}, {'age_bin': '75-79', 'age_mid': 77.5, 'r2': None}, {'age_bin': '80-84', 'age_mid': 82.5, 'r2': None}]"
2 2 4 4 6-pentabromodiphenyl ether lipid adjusted,"2,2',4,4',6-pentabromodiphenyl ether lipid adjusted (ng/g)",0.762514519386259,0.5902939894503945,0.7916391315182784,11,3.792008657205793,0.8967604766265456,-1.5290209942517707,2.1998383484611366,"[{'age_bin': '20-24', 'age_mid': 22.5, 'r2': 0.9155042533062221}, {'age_bin': '25-29', 'age_mid': 27.5, 'r2': 0.8846174596860519}, {'age_bin': '30-34', 'age_mid': 32.5, 'r2': 0.8410696751562167}, {'age_bin': '35-39', 'age_mid': 37.5, 'r2': 0.8319881337724144}, {'age_bin': '40-44', 'age_mid': 42.5, 'r2': 0.8225301738181126}, {'age_bin': '45-49', 'age_mid': 47.5, 'r2': 0.6630364272210205}, {'age_bin': '50-54', 'age_mid': 52.5, 'r2': 0.609025382838471}, {'age_bin': '55-59', 'age_mid': 57.5, 'r2': 0.5902939894503945}, {'age_bin': '60-64', 'age_mid': 62.5, 'r2': 0.7104679769993101}, {'age_bin': '65-69', 'age_mid': 67.5, 'r2': 0.7274871094823577}, {'age_bin': '70-74', 'age_mid': 72.5, 'r2': 0.7916391315182784}, {'age_bin': '75-79', 'age_mid': 77.5, 'r2': None}, {'age_bin': '80-84', 'age_mid': 82.5, 'r2': None}]"
2 2 4 4 -tetrabromodiphenyl ether,"2,2',4,4'-tetrabromodiphenyl ether (pg/g)",0.7476084445016365,0.5779021491768632,0.757066132522953,11,114.47645824747451,24.466293558185075,-37.066773003790836,56.4355317478063,"[{'age_bin': '20-24', 'age_mid': 22.5, 'r2': 0.8860388486348806}, {'age_bin': '25-29', 'age_mid': 27.5, 'r2': 0.8286267773729504}, {'age_bin': '30-34', 'age_mid': 32.5, 'r2': 0.7366105013250722}, {'age_bin': '35-39', 'age_mid': 37.5, 'r2': 0.8392489732743231}, {'age_bin': '40-44', 'age_mid': 42.5, 'r2': 0.8799343058188367}, {'age_bin': '45-49', 'age_mid': 47.5, 'r2': 0.757066132522953}, {'age_bin': '50-54', 'age_mid': 52.5, 'r2': 0.6075419416276515}, {'age_bin': '55-59', 'age_mid': 57.5, 'r2': 0.5779021491768632}, {'age_bin': '60-64', 'age_mid': 62.5, 'r2': 0.6969713457604274}, {'age_bin': '65-69', 'age_mid': 67.5, 'r2': 0.6244966397558398}, {'age_bin': '70-74', 'age_mid': 72.5, 'r2': 0.7892552742482036}, {'age_bin': '75-79', 'age_mid': 77.5, 'r2': None}, {'age_bin': '80-84', 'age_mid': 82.5, 'r2': None}]"
2 2 4 4 -tetrabromodiphenyl ether lipid adjusted,"2,2',4,4'-tetrabromodiphenyl ether lipid adjusted (ng/g)",0.7955383835526356,0.6258797103551207,0.8595288678674609,11,17.482534263876623,3.892221045647303,-4.2985512702260635,8.398904600504686,"[{'age_bin': '20-24', 'age_mid': 22.5, 'r2': 0.8894938611941369}, {'age_bin': '25-29', 'age_mid': 27.5, 'r2': 0.9069736234740157}, {'age_bin': '30-34', 'age_mid': 32.5, 'r2': 0.8627390978023843}, {'age_bin': '35-39', 'age_mid': 37.5, 'r2': 0.9074045009962572}, {'age_bin': '40-44', 'age_mid': 42.5, 'r2': 0.9083307695352582}, {'age_bin': '45-49', 'age_mid': 47.5, 'r2': 0.7696658361419494}, {'age_bin': '50-54', 'age_mid': 52.5, 'r2': 0.6258797103551207}, {'age_bin': '55-59', 'age_mid': 57.5, 'r2': 0.6545377220472544}, {'age_bin': '60-64', 'age_mid': 62.5, 'r2': 0.7383254290580574}, {'age_bin': '65-69', 'age_mid': 67.5, 'r2': 0.6280428006070968}, {'age_bin': '70-74', 'age_mid': 72.5, 'r2': 0.8595288678674609}, {'age_bin': '75-79', 'age_mid': 77.5, 'r2': None}, {'age_bin': '80-84', 'age_mid': 82.5, 'r2': None}]"
2 2 4-tribromodiphenyl ether,"2,2',4-tribromodiphenyl ether (pg/g)",0.47458486817356405,0.2121500310422031,0.5258678753821646,11,0.056577727818675046,0.03038392976797381,1.6966727784200935,0.05469916955366402,"[{'age_bin': '20-24', 'age_mid': 22.5, 'r2': 0.4387599677700167}, {'age_bin': '25-29', 'age_mid': 27.5, 'r2': 0.5592016161081534}, {'age_bin': '30-34', 'age_mid': 32.5, 'r2': 0.5258678753821646}, {'age_bin': '35-39', 'age_mid': 37.5, 'r2': 0.4426335460360852}, {'age_bin': '40-44', 'age_mid': 42.5, 'r2': 0.5271779536276169}, {'age_bin': '45-49', 'age_mid': 47.5, 'r2': 0.2121500310422031}, {'age_bin': '50-54', 'age_mid': 52.5, 'r2': 0.2929711748478415}, {'age_bin': '55-59', 'age_mid': 57.5, 'r2': 0.6123932344449594}, {'age_bin': '60-64', 'age_mid': 62.5, 'r2': 0.41887305137433306}, {'age_bin': '65-69', 'age_mid': 67.5, 'r2': 0.6406465714964525}, {'age_bin': '70-74', 'age_mid': 72.5, 'r2': 0.5497585277793778}, {'age_bin': '75-79', 'age_mid': 77.5, 'r2': None}, {'age_bin': '80-84', 'age_mid': 82.5, 'r2': None}]"
2 2 4-tribromodiphenyl ether lipid adjusted,"2,2',4-tribromodiphenyl ether lipid adjusted (ng/g)",0.7574928635136778,0.4827686316710521,0.7915427425061501,11,0.04076701384976193,0.010772230967566259,0.23940542700291303,0.03605346520295772,"[{'age_bin': '20-24', 'age_mid': 22.5, 'r2': 0.4827686316710521}, {'age_bin': '25-29', 'age_mid': 27.5, 'r2': 0.7915427425061501}, {'age_bin': '30-34', 'age_mid': 32.5, 'r2': 0.6675445424088916}, {'age_bin': '35-39', 'age_mid': 37.5, 'r2': 0.7147026021704745}, {'age_bin': '40-44', 'age_mid': 42.5, 'r2': 0.7811520470054638}, {'age_bin': '45-49', 'age_mid': 47.5, 'r2': 0.836382648564409}, {'age_bin': '50-54', 'age_mid': 52.5, 'r2': 0.7975277647780697}, {'age_bin': '55-59', 'age_mid': 57.5, 'r2': 0.8514006126251451}, {'age_bin': '60-64', 'age_mid': 62.5, 'r2': 0.8504453271773946}, {'age_bin': '65-69', 'age_mid': 67.5, 'r2': 0.7332898629962028}, {'age_bin': '70-74', 'age_mid': 72.5, 'r2': 0.8256647167472025}, {'age_bin': '75-79', 'age_mid': 77.5, 'r2': None}, {'age_bin': '80-84', 'age_mid': 82.5, 'r2': None}]"
2 2 4 4 5-pentabromodiphenyl ether,"2,2’,4,4’,5-pentabromodiphenyl ether (pg/g)",0.7447209231268748,0.5416409219723832,0.7798222792138366,11,27.401136541999588,9.280130100921212,-10.977121592853734,15.619984573538286,"[{'age_bin': '20-24', 'age_mid': 22.5, 'r2': 0.868094556204138}, {'age_bin': '25-29', 'age_mid': 27.5, 'r2': 0.8412058437878339}, {'age_bin': '30-34', 'age_mid': 32.5, 'r2': 0.5777360622264334}, {'age_bin': '35-39', 'age_mid': 37.5, 'r2': 0.9124394741806451}, {'age_bin': '40-44', 'age_mid': 42.5, 'r2': 0.921448912337923}, {'age_bin': '45-49', 'age_mid': 47.5, 'r2': 0.6507636794181101}, {'age_bin': '50-54', 'age_mid': 52.5, 'r2': 0.5495722942028547}, {'age_bin': '55-59', 'age_mid': 57.5, 'r2': 0.8418182457545391}, {'age_bin': '60-64', 'age_mid': 62.5, 'r2': 0.5416409219723832}, {'age_bin': '65-69', 'age_mid': 67.5, 'r2': 0.707387885096926}, {'age_bin': '70-74', 'age_mid': 72.5, 'r2': 0.7798222792138366}, {'age_bin': '75-79', 'age_mid': 77.5, 'r2': None}, {'age_bin': '80-84', 'age_mid': 82.5, 'r2': None}]"
2 3 4 4 -tetrabromodiphenyl ether,"2,3',4,4'-tetrabromodiphenyl ether (pg/g)",0.5389775172712762,0.3799399088587989,0.559433552271725,11,0.691725451664453,0.33145325409862647,0.9616184134287855,0.4995615974020207,"[{'age_bin': '20-24', 'age_mid': 22.5, 'r2': 0.48185857497931095}, {'age_bin': '25-29', 'age_mid': 27.5, 'r2': 0.6433821817729336}, {'age_bin': '30-34', 'age_mid': 32.5, 'r2': 0.5067613873720607}, {'age_bin': '35-39', 'age_mid': 37.5, 'r2': 0.3799399088587989}, {'age_bin': '40-44', 'age_mid': 42.5, 'r2': 0.559433552271725}, {'age_bin': '45-49', 'age_mid': 47.5, 'r2': 0.5685987579362979}, {'age_bin': '50-54', 'age_mid': 52.5, 'r2': 0.3867378017933918}, {'age_bin': '55-59', 'age_mid': 57.5, 'r2': 0.45569580347628247}, {'age_bin': '60-64', 'age_mid': 62.5, 'r2': 0.6331158973211659}, {'age_bin': '65-69', 'age_mid': 67.5, 'r2': 0.5700193715797442}, {'age_bin': '70-74', 'age_mid': 72.5, 'r2': 0.7432094526223264}, {'age_bin': '75-79', 'age_mid': 77.5, 'r2': None}, {'age_bin': '80-84', 'age_mid': 82.5, 'r2': None}]"
2 3 4 4 -tetrabromodiphenyl ether lipid adjusted,"2,3',4,4'-tetrabromodiphenyl ether lipid adjusted (ng/g)",0.6992708192890793,0.5251405498821016,0.6820644798450702,11,0.11450239783252866,0.04351748758126369,0.1662202937846059,0.08762094186865589,"[{'age_bin': '20-24', 'age_mid': 22.5, 'r2': 0.6314764805214002}, {'age_bin': '25-29', 'age_mid': 27.5, 'r2': 0.8232928125404739}, {'age_bin': '30-34', 'age_mid': 32.5, 'r2': 0.8194846519042709}, {'age_bin': '35-39', 'age_mid': 37.5, 'r2': 0.7446769259754932}, {'age_bin': '40-44', 'age_mid': 42.5, 'r2': 0.6820644798450702}, {'age_bin': '45-49', 'age_mid': 47.5, 'r2': 0.6155607422386238}, {'age_bin': '50-54', 'age_mid': 52.5, 'r2': 0.5251405498821016}, {'age_bin': '55-59', 'age_mid': 57.5, 'r2': 0.585392086626489}, {'age_bin': '60-64', 'age_mid': 62.5, 'r2': 0.7713505435573331}, {'age_bin': '65-69', 'age_mid': 67.5, 'r2': 0.6638430665784666}, {'age_bin': '70-74', 'age_mid': 72.5, 'r2': 0.8296966725101498}, {'age_bin': '75-79', 'age_mid': 77.5, 'r2': None}, {'age_bin': '80-84', 'age_mid': 82.5, 'r2': None}]"
2 3 4 6 7 8 -hexchlorodibenzofuran hxcdf,"2,3,4,6,7,8,-Hexchlorodibenzofuran (hxcdf) (fg/g)",0.9697207091202202,0.9369046643467123,0.97478739237472,13,3.1227743288006944,0.6064280802090191,9.770799551792619,1.3825722605459925,"[{'age_bin': '20-24', 'age_mid': 22.5, 'r2': 0.9446472382337844}, {'age_bin': '25-29', 'age_mid': 27.5, 'r2': 0.9526691595090978}, {'age_bin': '30-34', 'age_mid': 32.5, 'r2': 0.9729126921886556}, {'age_bin': '35-39', 'age_mid': 37.5, 'r2': 0.97478739237472}, {'age_bin': '40-44', 'age_mid': 42.5, 'r2': 0.9751548586973303}, {'age_bin': '45-49', 'age_mid': 47.5, 'r2': 0.9491580244242044}, {'age_bin': '50-54', 'age_mid': 52.5, 'r2': 0.9867657002452487}, {'age_bin': '55-59', 'age_mid': 57.5, 'r2': 0.9870853313449167}, {'age_bin': '60-64', 'age_mid': 62.5, 'r2': 0.9795703392714308}, {'age_bin': '65-69', 'age_mid': 67.5, 'r2': 0.9369046643467123}, {'age_bin': '70-74', 'age_mid': 72.5, 'r2': 0.9897803682745806}, {'age_bin': '75-79', 'age_mid': 77.5, 'r2': 0.9708646644013925}, {'age_bin': '80-84', 'age_mid': 82.5, 'r2': 0.9860687852507889}]"
2 3 4 6 7 8 -hexchlorodibenzofuran hxcdf lipid adjusted,"2,3,4,6,7,8,-Hexchlorodibenzofuran (hxcdf) Lipid Adjusted",0.9688425123749269,0.9450820203670448,0.9671708580817601,13,0.5350036743276483,0.15479178045646816,1.5311236120023513,0.2814566928216267,"[{'age_bin': '20-24', 'age_mid': 22.5, 'r2': 0.9450820203670448}, {'age_bin': '25-29', 'age_mid': 27.5, 'r2': 0.9618455516098022}, {'age_bin': '30-34', 'age_mid': 32.5, 'r2': 0.9571676684965206}, {'age_bin': '35-39', 'age_mid': 37.5, 'r2': 0.9670815606394638}, {'age_bin': '40-44', 'age_mid': 42.5, 'r2': 0.9713266845550138}, {'age_bin': '45-49', 'age_mid': 47.5, 'r2': 0.9488512563608494}, {'age_bin': '50-54', 'age_mid': 52.5, 'r2': 0.9791374553440876}, {'age_bin': '55-59', 'age_mid': 57.5, 'r2': 0.9874255766832787}, {'age_bin': '60-64', 'age_mid': 62.5, 'r2': 0.9904864455237365}, {'age_bin': '65-69', 'age_mid': 67.5, 'r2': 0.9516462589843464}, {'age_bin': '70-74', 'age_mid': 72.5, 'r2': 0.9900445856565877}, {'age_bin': '75-79', 'age_mid': 77.5, 'r2': 0.9671708580817601}, {'age_bin': '80-84', 'age_mid': 82.5, 'r2': 0.9776867385715572}]"
2 3 4 6 7 8-hexchlorodibenzofuran hxcdf,"2,3,4,6,7,8-Hexchlorodibenzofuran (hxcdf) (fg/g serum)",0.9524180183672287,0.8930070547304121,0.9571338781910985,10,2.0022227216447086,0.4714953921333692,8.098869017907322,0.6536626382484413,"[{'age_bin': '20-24', 'age_mid': 22.5, 'r2': 0.9631563403776087}, {'age_bin': '25-29', 'age_mid': 27.5, 'r2': 0.9508142680598136}, {'age_bin': '30-34', 'age_mid': 32.5, 'r2': 0.9087243004321705}, {'age_bin': '35-39', 'age_mid': 37.5, 'r2': 0.9536388894319374}, {'age_bin': '40-44', 'age_mid': 42.5, 'r2': 0.9752571107204894}, {'age_bin': '45-49', 'age_mid': 47.5, 'r2': 0.9550216337008394}, {'age_bin': '50-54', 'age_mid': 52.5, 'r2': 0.9592461226813577}, {'age_bin': '55-59', 'age_mid': 57.5, 'r2': 0.8930070547304121}, {'age_bin': '60-64', 'age_mid': 62.5, 'r2': 0.9884683819080889}, {'age_bin': '65-69', 'age_mid': 67.5, 'r2': 0.9768460816295704}, {'age_bin': '70-74', 'age_mid': 72.5, 'r2': None}, {'age_bin': '75-79', 'age_mid': 77.5, 'r2': None}, {'age_bin': '80-84', 'age_mid': 82.5, 'r2': None}]"
2 3 4 6 7 8-hexchlorodibenzofuran hxcdf lipid adjusted,"2,3,4,6,7,8-Hexchlorodibenzofuran (hxcdf) Lipid Adjusted (pg/g serum lipid)",0.9691659449298106,0.920735111746899,0.9732465013864625,10,0.36516289557234927,0.07818415593167001,1.2306248019275754,0.1860058343468516,"[{'age_bin': '20-24', 'age_mid': 22.5, 'r2': 0.9747833535481277}, {'age_bin': '25-29', 'age_mid': 27.5, 'r2': 0.9635317322796316}, {'age_bin': '30-34', 'age_mid': 32.5, 'r2': 0.9672185900709546}, {'age_bin': '35-39', 'age_mid': 37.5, 'r2': 0.9857433480614095}, {'age_bin': '40-44', 'age_mid': 42.5, 'r2': 0.9808816309755825}, {'age_bin': '45-49', 'age_mid': 47.5, 'r2': 0.9787839727753922}, {'age_bin': '50-54', 'age_mid': 52.5, 'r2': 0.920735111746899}, {'age_bin': '55-59', 'age_mid': 57.5, 'r2': 0.9882936071516302}, {'age_bin': '60-64', 'age_mid': 62.5, 'r2': 0.959978453463681}, {'age_bin': '65-69', 'age_mid': 67.5, 'r2': 0.9717096492247973}, {'age_bin': '70-74', 'age_mid': 72.5, 'r2': None}, {'age_bin': '75-79', 'age_mid': 77.5, 'r2': None}, {'age_bin': '80-84', 'age_mid': 82.5, 'r2': None}]"
2 3 4 7 8-pentachlorodibenzofuran pncdf,"2,3,4,7,8-Pentachlorodibenzofuran (pncdf) (fg/g)",0.9775311149339779,0.939140637991233,0.9853938985297005,13,11.286321930421487,2.2690682034202374,13.748829578161777,4.077133979093137,"[{'age_bin': '20-24', 'age_mid': 22.5, 'r2': 0.939140637991233}, {'age_bin': '25-29', 'age_mid': 27.5, 'r2': 0.9479025449428968}, {'age_bin': '30-34', 'age_mid': 32.5, 'r2': 0.9817910518857507}, {'age_bin': '35-39', 'age_mid': 37.5, 'r2': 0.9880164764883788}, {'age_bin': '40-44', 'age_mid': 42.5, 'r2': 0.9929878252017645}, {'age_bin': '45-49', 'age_mid': 47.5, 'r2': 0.957445384281987}, {'age_bin': '50-54', 'age_mid': 52.5, 'r2': 0.9853938985297005}, {'age_bin': '55-59', 'age_mid': 57.5, 'r2': 0.9873912467110836}, {'age_bin': '60-64', 'age_mid': 62.5, 'r2': 0.9926901794995141}, {'age_bin': '65-69', 'age_mid': 67.5, 'r2': 0.9848809444888494}, {'age_bin': '70-74', 'age_mid': 72.5, 'r2': 0.9927012398677362}, {'age_bin': '75-79', 'age_mid': 77.5, 'r2': 0.9902963136191498}, {'age_bin': '80-84', 'age_mid': 82.5, 'r2': 0.9672667506336694}]"
2 3 4 7 8-pentachlorodibenzofuran pncdf lipid adjusted,"2,3,4,7,8-Pentachlorodibenzofuran (pncdf) Lipid Adjusted (pg/g serum lipid)",0.9829819678355846,0.9320779350024506,0.9870730222998838,13,1.695807564757152,0.22338971997796478,2.328839247940842,0.6013216707473679,"[{'age_bin': '20-24', 'age_mid': 22.5, 'r2': 0.9320779350024506}, {'age_bin': '25-29', 'age_mid': 27.5, 'r2': 0.9752098070174596}, {'age_bin': '30-34', 'age_mid': 32.5, 'r2': 0.9790307975950586}, {'age_bin': '35-39', 'age_mid': 37.5, 'r2': 0.9887738109406263}, {'age_bin': '40-44', 'age_mid': 42.5, 'r2': 0.9868990796530847}, {'age_bin': '45-49', 'age_mid': 47.5, 'r2': 0.9862514936807875}, {'age_bin': '50-54', 'age_mid': 52.5, 'r2': 0.9929801464851762}, {'age_bin': '55-59', 'age_mid': 57.5, 'r2': 0.9909801353435365}, {'age_bin': '60-64', 'age_mid': 62.5, 'r2': 0.9870730222998838}, {'age_bin': '65-69', 'age_mid': 67.5, 'r2': 0.9923774263938121}, {'age_bin': '70-74', 'age_mid': 72.5, 'r2': 0.9923725393827534}, {'age_bin': '75-79', 'age_mid': 77.5, 'r2': 0.9931273324502626}, {'age_bin': '80-84', 'age_mid': 82.5, 'r2': 0.9816120556177075}]"
2 3 7 8 -tetrachlorodibenzofuran tcdf,"2,3,7,8,-Tetrachlorodibenzofuran (tcdf) (fg/g)",0.9850950086083496,0.9671918196729107,0.9897938552386402,13,2.450064453985802,0.6357184531238568,7.42335673469904,0.9719134117571754,"[{'age_bin': '20-24', 'age_mid': 22.5, 'r2': 0.9719408693232585}, {'age_bin': '25-29', 'age_mid': 27.5, 'r2': 0.9912156831883842}, {'age_bin': '30-34', 'age_mid': 32.5, 'r2': 0.9897938552386402}, {'age_bin': '35-39', 'age_mid': 37.5, 'r2': 0.9924386056474521}, {'age_bin': '40-44', 'age_mid': 42.5, 'r2': 0.9892357855236636}, {'age_bin': '45-49', 'age_mid': 47.5, 'r2': 0.9671918196729107}, {'age_bin': '50-54', 'age_mid': 52.5, 'r2': 0.9951583525021692}, {'age_bin': '55-59', 'age_mid': 57.5, 'r2': 0.9922412064574885}, {'age_bin': '60-64', 'age_mid': 62.5, 'r2': 0.9905890133742972}, {'age_bin': '65-69', 'age_mid': 67.5, 'r2': 0.9921562735926126}, {'age_bin': '70-74', 'age_mid': 72.5, 'r2': 0.9838252077254072}, {'age_bin': '75-79', 'age_mid': 77.5, 'r2': 0.978714766033408}, {'age_bin': '80-84', 'age_mid': 82.5, 'r2': 0.9717336736288519}]"
2 3 7 8 -tetrachlorodibenzofuran tcdf lipid adjusted,"2,3,7,8,-Tetrachlorodibenzofuran (tcdf) Lipid Adjusted (pg/g)",0.9852715476470778,0.9713239525131148,0.9861297316672953,13,0.4416139549114832,0.15304334158055463,1.134349144074576,0.20867572385948807,"[{'age_bin': '20-24', 'age_mid': 22.5, 'r2': 0.9713239525131148}, {'age_bin': '25-29', 'age_mid': 27.5, 'r2': 0.9754972134543705}, {'age_bin': '30-34', 'age_mid': 32.5, 'r2': 0.9899405392232855}, {'age_bin': '35-39', 'age_mid': 37.5, 'r2': 0.9816341006272044}, {'age_bin': '40-44', 'age_mid': 42.5, 'r2': 0.9842274337427225}, {'age_bin': '45-49', 'age_mid': 47.5, 'r2': 0.9861297316672953}, {'age_bin': '50-54', 'age_mid': 52.5, 'r2': 0.9936163868739146}, {'age_bin': '55-59', 'age_mid': 57.5, 'r2': 0.9924885342406273}, {'age_bin': '60-64', 'age_mid': 62.5, 'r2': 0.9821530418997845}, {'age_bin': '65-69', 'age_mid': 67.5, 'r2': 0.9890701731374194}, {'age_bin': '70-74', 'age_mid': 72.5, 'r2': 0.9939509645526138}, {'age_bin': '75-79', 'age_mid': 77.5, 'r2': 0.979102930977681}, {'age_bin': '80-84', 'age_mid': 82.5, 'r2': 0.9893951165019781}]"
2 3 7 8-tetrachlorodienzo-p-dioxin tcdd,"2,3,7,8-Tetrachlorodienzo-p-dioxin (tcdd) (fg/g)",0.9546000488644028,0.898568686376522,0.9605404723777322,13,3.9217460187975735,0.5958705327676056,6.326630240187579,1.971027206267953,"[{'age_bin': '20-24', 'age_mid': 22.5, 'r2': 0.898568686376522}, {'age_bin': '25-29', 'age_mid': 27.5, 'r2': 0.9484651977698356}, {'age_bin': '30-34', 'age_mid': 32.5, 'r2': 0.9605404723777322}, {'age_bin': '35-39', 'age_mid': 37.5, 'r2': 0.9434447957993686}, {'age_bin': '40-44', 'age_mid': 42.5, 'r2': 0.9658089965965583}, {'age_bin': '45-49', 'age_mid': 47.5, 'r2': 0.9638639274038474}, {'age_bin': '50-54', 'age_mid': 52.5, 'r2': 0.9548818047176442}, {'age_bin': '55-59', 'age_mid': 57.5, 'r2': 0.9666002500104319}, {'age_bin': '60-64', 'age_mid': 62.5, 'r2': 0.9768863309173678}, {'age_bin': '65-69', 'age_mid': 67.5, 'r2': 0.9467381453856801}, {'age_bin': '70-74', 'age_mid': 72.5, 'r2': 0.9658167070798797}, {'age_bin': '75-79', 'age_mid': 77.5, 'r2': 0.9842859279766638}, {'age_bin': '80-84', 'age_mid': 82.5, 'r2': 0.9338993928257047}]"
2 3 7 8-tetrachlorodienzo-p-dioxin tcdd lipid adjusted,"2,3,7,8-Tetrachlorodienzo-p-dioxin (tcdd) Lipid Adjusted (pg/g serum lipid)",0.9680320253316534,0.9384933531253215,0.9716821881841048,13,0.6612396701405028,0.1442348563366816,0.9568655057378834,0.26672919385775135,"[{'age_bin': '20-24', 'age_mid': 22.5, 'r2': 0.9384933531253215}, {'age_bin': '25-29', 'age_mid': 27.5, 'r2': 0.9677095592520922}, {'age_bin': '30-34', 'age_mid': 32.5, 'r2': 0.971975687337948}, {'age_bin': '35-39', 'age_mid': 37.5, 'r2': 0.9716821881841048}, {'age_bin': '40-44', 'age_mid': 42.5, 'r2': 0.9799521110314326}, {'age_bin': '45-49', 'age_mid': 47.5, 'r2': 0.9646382228034844}, {'age_bin': '50-54', 'age_mid': 52.5, 'r2': 0.9652168081743997}, {'age_bin': '55-59', 'age_mid': 57.5, 'r2': 0.9470130036024785}, {'age_bin': '60-64', 'age_mid': 62.5, 'r2': 0.9848240805279181}, {'age_bin': '65-69', 'age_mid': 67.5, 'r2': 0.9778247877761284}, {'age_bin': '70-74', 'age_mid': 72.5, 'r2': 0.9867028789943252}, {'age_bin': '75-79', 'age_mid': 77.5, 'r2': 0.9858402849475669}, {'age_bin': '80-84', 'age_mid': 82.5, 'r2': 0.9425433635542926}]"
2 4 4 -tribromodiphenyl ether,"2,4,4'-tribromodiphenyl ether (pg/g)",0.8094799006547373,0.6856616163008014,0.8243674109399893,11,6.053007347506521,1.0990434617770957,-1.6157944769462675,2.491878717960148,"[{'age_bin': '20-24', 'age_mid': 22.5, 'r2': 0.9409032336147126}, {'age_bin': '25-29', 'age_mid': 27.5, 'r2': 0.6933971029577957}, {'age_bin': '30-34', 'age_mid': 32.5, 'r2': 0.7624748312246102}, {'age_bin': '35-39', 'age_mid': 37.5, 'r2': 0.8819326268630525}, {'age_bin': '40-44', 'age_mid': 42.5, 'r2': 0.856938137320514}, {'age_bin': '45-49', 'age_mid': 47.5, 'r2': 0.8243674109399893}, {'age_bin': '50-54', 'age_mid': 52.5, 'r2': 0.7382830625058338}, {'age_bin': '55-59', 'age_mid': 57.5, 'r2': 0.6856616163008014}, {'age_bin': '60-64', 'age_mid': 62.5, 'r2': 0.8670210833254164}, {'age_bin': '65-69', 'age_mid': 67.5, 'r2': 0.7651934426138324}, {'age_bin': '70-74', 'age_mid': 72.5, 'r2': 0.8881063595355526}, {'age_bin': '75-79', 'age_mid': 77.5, 'r2': None}, {'age_bin': '80-84', 'age_mid': 82.5, 'r2': None}]"
2 4 4 -tribromodphenyl ether lipid adjusted,"2,4,4'-tribromodphenyl ether lipid adjusted (ng/g)",0.8350104403773446,0.6982864169462099,0.8665170640912023,11,0.9076446172163369,0.16137370046079655,-0.1582687599481688,0.3703115759443833,"[{'age_bin': '20-24', 'age_mid': 22.5, 'r2': 0.8966719052298412}, {'age_bin': '25-29', 'age_mid': 27.5, 'r2': 0.7915243641100012}, {'age_bin': '30-34', 'age_mid': 32.5, 'r2': 0.8665170640912023}, {'age_bin': '35-39', 'age_mid': 37.5, 'r2': 0.9070994352508862}, {'age_bin': '40-44', 'age_mid': 42.5, 'r2': 0.9037555571261513}, {'age_bin': '45-49', 'age_mid': 47.5, 'r2': 0.8182797167483719}, {'age_bin': '50-54', 'age_mid': 52.5, 'r2': 0.6982864169462099}, {'age_bin': '55-59', 'age_mid': 57.5, 'r2': 0.7100364032401391}, {'age_bin': '60-64', 'age_mid': 62.5, 'r2': 0.8878400093184818}, {'age_bin': '65-69', 'age_mid': 67.5, 'r2': 0.7751601762800784}, {'age_bin': '70-74', 'age_mid': 72.5, 'r2': 0.9299437958094267}, {'age_bin': '75-79', 'age_mid': 77.5, 'r2': None}, {'age_bin': '80-84', 'age_mid': 82.5, 'r2': None}]"
2- n-ethyl-perfluorooctane sulfonamido acetic acid,2-(N-Ethyl-perfluorooctane sulfonamido) acetic acid,0.19967487017173738,0.06131644156716276,0.17888868233876032,5,0.0017101784908474457,0.001082108485463295,0.06601241484864384,0.0035946944708389245,"[{'age_bin': '20-24', 'age_mid': 22.5, 'r2': None}, {'age_bin': '25-29', 'age_mid': 27.5, 'r2': None}, {'age_bin': '30-34', 'age_mid': 32.5, 'r2': 0.061720950598534996}, {'age_bin': '35-39', 'age_mid': 37.5, 'r2': 0.06131644156716276}, {'age_bin': '40-44', 'age_mid': 42.5, 'r2': None}, {'age_bin': '45-49', 'age_mid': 47.5, 'r2': 0.17888868233876032}, {'age_bin': '50-54', 'age_mid': 52.5, 'r2': None}, {'age_bin': '55-59', 'age_mid': 57.5, 'r2': None}, {'age_bin': '60-64', 'age_mid': 62.5, 'r2': None}, {'age_bin': '65-69', 'age_mid': 67.5, 'r2': None}, {'age_bin': '70-74', 'age_mid': 72.5, 'r2': 0.42075439395194614}, {'age_bin': '75-79', 'age_mid': 77.5, 'r2': None}, {'age_bin': '80-84', 'age_mid': 82.5, 'r2': 0.27569388240228265}]"
2- n-methyl-perfluorooctane sulfonamido acetic acid,2-(N-Methyl-perfluorooctane sulfonamido) acetic acid (ug/L),0.9053308486791594,0.841793895527516,0.9143707011106951,13,0.14524321202666926,0.02507650771626513,-0.029829198883759813,0.07201964008584939,"[{'age_bin': '20-24', 'age_mid': 22.5, 'r2': 0.9475251616177219}, {'age_bin': '25-29', 'age_mid': 27.5, 'r2': 0.925702843176924}, {'age_bin': '30-34', 'age_mid': 32.5, 'r2': 0.9216596602793368}, {'age_bin': '35-39', 'age_mid': 37.5, 'r2': 0.9071429237171655}, {'age_bin': '40-44', 'age_mid': 42.5, 'r2': 0.8747997978604112}, {'age_bin': '45-49', 'age_mid': 47.5, 'r2': 0.9060307534601962}, {'age_bin': '50-54', 'age_mid': 52.5, 'r2': 0.920209076546978}, {'age_bin': '55-59', 'age_mid': 57.5, 'r2': 0.9143707011106951}, {'age_bin': '60-64', 'age_mid': 62.5, 'r2': 0.9225490706351265}, {'age_bin': '65-69', 'age_mid': 67.5, 'r2': 0.841793895527516}, {'age_bin': '70-74', 'age_mid': 72.5, 'r2': 0.8818375990620597}, {'age_bin': '75-79', 'age_mid': 77.5, 'r2': 0.927006365607407}, {'age_bin': '80-84', 'age_mid': 82.5, 'r2': 0.8786731842275356}]"
2- n-methylperfluoroctanesulfonamido acetic acid me-pfosa-acoh,2-(N-methylperfluoroctanesulfonamido)acetic acid (Me-PFOSA-AcOH) (ng/mL),0.71937840393821,0.6096754615619837,0.7357526332879819,13,0.06260172539989227,0.018491813514723753,-0.011382866229444084,0.06107145187032416,"[{'age_bin': '20-24', 'age_mid': 22.5, 'r2': 0.8193630277177878}, {'age_bin': '25-29', 'age_mid': 27.5, 'r2': 0.7206197644561162}, {'age_bin': '30-34', 'age_mid': 32.5, 'r2': 0.7005260779045547}, {'age_bin': '35-39', 'age_mid': 37.5, 'r2': 0.632257469248922}, {'age_bin': '40-44', 'age_mid': 42.5, 'r2': 0.6158981743396061}, {'age_bin': '45-49', 'age_mid': 47.5, 'r2': 0.6096754615619837}, {'age_bin': '50-54', 'age_mid': 52.5, 'r2': 0.6526035735602564}, {'age_bin': '55-59', 'age_mid': 57.5, 'r2': 0.7357526332879819}, {'age_bin': '60-64', 'age_mid': 62.5, 'r2': 0.7476068614449973}, {'age_bin': '65-69', 'age_mid': 67.5, 'r2': 0.7580744788520433}, {'age_bin': '70-74', 'age_mid': 72.5, 'r2': 0.7533321223709617}, {'age_bin': '75-79', 'age_mid': 77.5, 'r2': 0.8301838478673569}, {'age_bin': '80-84', 'age_mid': 82.5, 'r2': 0.7760257585841609}]"
25-hydroxyvitamin d2,25-hydroxyvitamin D2 (nmol/L),0.4114142126853472,0.3097152585424062,0.4116239756670421,13,0.6394478380951317,0.2064926165519014,0.30283902648716027,0.9635913285590336,"[{'age_bin': '20-24', 'age_mid': 22.5, 'r2': 0.4644176581149073}, {'age_bin': '25-29', 'age_mid': 27.5, 'r2': 0.487036312786718}, {'age_bin': '30-34', 'age_mid': 32.5, 'r2': 0.4540405206685587}, {'age_bin': '35-39', 'age_mid': 37.5, 'r2': 0.40452049509685684}, {'age_bin': '40-44', 'age_mid': 42.5, 'r2': 0.390675359554167}, {'age_bin': '45-49', 'age_mid': 47.5, 'r2': 0.39538462343919567}, {'age_bin': '50-54', 'age_mid': 52.5, 'r2': 0.38521799297214143}, {'age_bin': '55-59', 'age_mid': 57.5, 'r2': 0.43184617897968525}, {'age_bin': '60-64', 'age_mid': 62.5, 'r2': 0.4116239756670421}, {'age_bin': '65-69', 'age_mid': 67.5, 'r2': 0.35283870609505597}, {'age_bin': '70-74', 'age_mid': 72.5, 'r2': 0.44735772057569245}, {'age_bin': '75-79', 'age_mid': 77.5, 'r2': 0.4137099624170876}, {'age_bin': '80-84', 'age_mid': 82.5, 'r2': 0.3097152585424062}]"
25-hydroxyvitamin d2 + d3,25-hydroxyvitamin D2 + D3,0.9752692223884184,0.9391133552585822,0.9812754081719479,13,12.428788650498378,2.145662233068652,37.18292594020708,1.4476051740767892,"[{'age_bin': '20-24', 'age_mid': 22.5, 'r2': 0.9391133552585822}, {'age_bin': '25-29', 'age_mid': 27.5, 'r2': 0.9581678487427218}, {'age_bin': '30-34', 'age_mid': 32.5, 'r2': 0.949131554052764}, {'age_bin': '35-39', 'age_mid': 37.5, 'r2': 0.9675309554321118}, {'age_bin': '40-44', 'age_mid': 42.5, 'r2': 0.960089803726126}, {'age_bin': '45-49', 'age_mid': 47.5, 'r2': 0.9736282013588219}, {'age_bin': '50-54', 'age_mid': 52.5, 'r2': 0.9812754081719479}, {'age_bin': '55-59', 'age_mid': 57.5, 'r2': 0.9874174911856703}, {'age_bin': '60-64', 'age_mid': 62.5, 'r2': 0.9938154413210585}, {'age_bin': '65-69', 'age_mid': 67.5, 'r2': 0.9959769779125235}, {'age_bin': '70-74', 'age_mid': 72.5, 'r2': 0.9906684688992183}, {'age_bin': '75-79', 'age_mid': 77.5, 'r2': 0.9876160116002117}, {'age_bin': '80-84', 'age_mid': 82.5, 'r2': 0.9940683733876821}]"
25-hydroxyvitamin d3,25-hydroxyvitamin D3 (nmol/L),0.9749506046400541,0.940103463247709,0.9795946529761153,13,12.529738503010046,2.011626670871918,33.04248867808343,1.2631590124494474,"[{'age_bin': '20-24', 'age_mid': 22.5, 'r2': 0.940103463247709}, {'age_bin': '25-29', 'age_mid': 27.5, 'r2': 0.9572561442869253}, {'age_bin': '30-34', 'age_mid': 32.5, 'r2': 0.9514648940801765}, {'age_bin': '35-39', 'age_mid': 37.5, 'r2': 0.967916673295838}, {'age_bin': '40-44', 'age_mid': 42.5, 'r2': 0.960313612804484}, {'age_bin': '45-49', 'age_mid': 47.5, 'r2': 0.9746078970479203}, {'age_bin': '50-54', 'age_mid': 52.5, 'r2': 0.984902128613631}, {'age_bin': '55-59', 'age_mid': 57.5, 'r2': 0.9863925207044696}, {'age_bin': '60-64', 'age_mid': 62.5, 'r2': 0.992852025824067}, {'age_bin': '65-69', 'age_mid': 67.5, 'r2': 0.9962200281885647}, {'age_bin': '70-74', 'age_mid': 72.5, 'r2': 0.9902817915653055}, {'age_bin': '75-79', 'age_mid': 77.5, 'r2': 0.9795946529761153}, {'age_bin': '80-84', 'age_mid': 82.5, 'r2': 0.9924520276854985}]"
3 3 4 4 5 5 -hexachlorobiphenyl hxcb,"3,3',4,4',5,5'-hexachlorobiphenyl (hxcb) (fg/g)",0.9769547080844141,0.9401004978384019,0.9810158082234253,13,34.181860351042346,9.596416769255622,48.94222236835708,21.3541159481738,"[{'age_bin': '20-24', 'age_mid': 22.5, 'r2': 0.9749593249356687}, {'age_bin': '25-29', 'age_mid': 27.5, 'r2': 0.9651481087775481}, {'age_bin': '30-34', 'age_mid': 32.5, 'r2': 0.9500624177084241}, {'age_bin': '35-39', 'age_mid': 37.5, 'r2': 0.9614809136883429}, {'age_bin': '40-44', 'age_mid': 42.5, 'r2': 0.9755421404057613}, {'age_bin': '45-49', 'age_mid': 47.5, 'r2': 0.9401004978384019}, {'age_bin': '50-54', 'age_mid': 52.5, 'r2': 0.9932568455799434}, {'age_bin': '55-59', 'age_mid': 57.5, 'r2': 0.9810158082234253}, {'age_bin': '60-64', 'age_mid': 62.5, 'r2': 0.9929986891781796}, {'age_bin': '65-69', 'age_mid': 67.5, 'r2': 0.9942185510302276}, {'age_bin': '70-74', 'age_mid': 72.5, 'r2': 0.9912292926435233}, {'age_bin': '75-79', 'age_mid': 77.5, 'r2': 0.9919193567548769}, {'age_bin': '80-84', 'age_mid': 82.5, 'r2': 0.9884792583330603}]"
3 3 4 4 5 5 -hexachlorobiphenyl hxcb lipid adjusted,"3,3',4,4',5,5'-hexachlorobiphenyl (hxcb) Lipid Adjusted (pg/g serum lipid)",0.9727405833385645,0.9439803263504881,0.9867260660378308,13,5.183968813664469,1.1834510285421307,7.906966377511476,3.191908702893255,"[{'age_bin': '20-24', 'age_mid': 22.5, 'r2': 0.9465438075448038}, {'age_bin': '25-29', 'age_mid': 27.5, 'r2': 0.9454214429497655}, {'age_bin': '30-34', 'age_mid': 32.5, 'r2': 0.9686272366643136}, {'age_bin': '35-39', 'age_mid': 37.5, 'r2': 0.9439803263504881}, {'age_bin': '40-44', 'age_mid': 42.5, 'r2': 0.9692265816444713}, {'age_bin': '45-49', 'age_mid': 47.5, 'r2': 0.9440374393336893}, {'age_bin': '50-54', 'age_mid': 52.5, 'r2': 0.9880347085995208}, {'age_bin': '55-59', 'age_mid': 57.5, 'r2': 0.9876763003770315}, {'age_bin': '60-64', 'age_mid': 62.5, 'r2': 0.9867260660378308}, {'age_bin': '65-69', 'age_mid': 67.5, 'r2': 0.9919974734503241}, {'age_bin': '70-74', 'age_mid': 72.5, 'r2': 0.9892088018739497}, {'age_bin': '75-79', 'age_mid': 77.5, 'r2': 0.989084506587433}, {'age_bin': '80-84', 'age_mid': 82.5, 'r2': 0.9950628919877156}]"
3 3 4 4 5-pentachlorobiphenyl pncb,"3,3',4,4',5-Pentachlorobiphenyl (pncb) (fg/g)",0.9517347762605066,0.8377125303445554,0.9628741076811723,13,69.78745212445031,21.630724416034397,2.1759080184346433,56.53106345118217,"[{'age_bin': '20-24', 'age_mid': 22.5, 'r2': 0.9783544641198515}, {'age_bin': '25-29', 'age_mid': 27.5, 'r2': 0.9715403647864257}, {'age_bin': '30-34', 'age_mid': 32.5, 'r2': 0.937414448759663}, {'age_bin': '35-39', 'age_mid': 37.5, 'r2': 0.9852449131021681}, {'age_bin': '40-44', 'age_mid': 42.5, 'r2': 0.9751629693910528}, {'age_bin': '45-49', 'age_mid': 47.5, 'r2': 0.9309206976327749}, {'age_bin': '50-54', 'age_mid': 52.5, 'r2': 0.9638508554718596}, {'age_bin': '55-59', 'age_mid': 57.5, 'r2': 0.9579793597071922}, {'age_bin': '60-64', 'age_mid': 62.5, 'r2': 0.9448696238648031}, {'age_bin': '65-69', 'age_mid': 67.5, 'r2': 0.9526218082197074}, {'age_bin': '70-74', 'age_mid': 72.5, 'r2': 0.9628741076811723}, {'age_bin': '75-79', 'age_mid': 77.5, 'r2': 0.9740059483053612}, {'age_bin': '80-84', 'age_mid': 82.5, 'r2': 0.8377125303445554}]"
3 3 4 4 5-pentachlorobiphenyl pncb lipid adjusted,"3,3',4,4',5-Pentachlorobiphenyl (pncb) Lipid Adjusted (pg/g serum lipid)",0.9571172249342141,0.9006665984470392,0.9647978658912065,13,10.274605966714054,2.7703544175893096,1.5222237572312698,7.892250176001577,"[{'age_bin': '20-24', 'age_mid': 22.5, 'r2': 0.9702675833701213}, {'age_bin': '25-29', 'age_mid': 27.5, 'r2': 0.9679036232062194}, {'age_bin': '30-34', 'age_mid': 32.5, 'r2': 0.9294682310543277}, {'age_bin': '35-39', 'age_mid': 37.5, 'r2': 0.9909261952086434}, {'age_bin': '40-44', 'age_mid': 42.5, 'r2': 0.9743104880367538}, {'age_bin': '45-49', 'age_mid': 47.5, 'r2': 0.9549302900154016}, {'age_bin': '50-54', 'age_mid': 52.5, 'r2': 0.9688991885965095}, {'age_bin': '55-59', 'age_mid': 57.5, 'r2': 0.973061354224923}, {'age_bin': '60-64', 'age_mid': 62.5, 'r2': 0.9332155108107881}, {'age_bin': '65-69', 'age_mid': 67.5, 'r2': 0.9510177850981348}, {'age_bin': '70-74', 'age_mid': 72.5, 'r2': 0.9630592101847145}, {'age_bin': '75-79', 'age_mid': 77.5, 'r2': 0.9647978658912065}, {'age_bin': '80-84', 'age_mid': 82.5, 'r2': 0.9006665984470392}]"
3 4 4 5-tetrachlorobiphenyl tcb,"3,4,4',5-Tetrachlorobiphenyl (tcb) (fg/g)",0.9772997726345036,0.9295712720961021,0.9813819046768236,13,17.347088125430652,4.50318197240527,25.75211951409837,7.27357855179826,"[{'age_bin': '20-24', 'age_mid': 22.5, 'r2': 0.9295712720961021}, {'age_bin': '25-29', 'age_mid': 27.5, 'r2': 0.9623998464714755}, {'age_bin': '30-34', 'age_mid': 32.5, 'r2': 0.9718740362574773}, {'age_bin': '35-39', 'age_mid': 37.5, 'r2': 0.9706085432600569}, {'age_bin': '40-44', 'age_mid': 42.5, 'r2': 0.9877484281379622}, {'age_bin': '45-49', 'age_mid': 47.5, 'r2': 0.9934001628157048}, {'age_bin': '50-54', 'age_mid': 52.5, 'r2': 0.9950835678516875}, {'age_bin': '55-59', 'age_mid': 57.5, 'r2': 0.9813819046768236}, {'age_bin': '60-64', 'age_mid': 62.5, 'r2': 0.9909712272971603}, {'age_bin': '65-69', 'age_mid': 67.5, 'r2': 0.9869183440949972}, {'age_bin': '70-74', 'age_mid': 72.5, 'r2': 0.9722516719031521}, {'age_bin': '75-79', 'age_mid': 77.5, 'r2': 0.97342799327495}, {'age_bin': '80-84', 'age_mid': 82.5, 'r2': 0.9892600461109987}]"
3 4 4 5-tetrachlorobiphenyl tcb lipid adjusted,"3,4,4',5-Tetrachlorobiphenyl (tcb) Lipid Adjusted (pg/g serum lipid)",0.986025082646065,0.9614774853728552,0.98810931733364,13,3.006038444564074,1.0538315580899051,3.9161820839820667,1.1487830635823248,"[{'age_bin': '20-24', 'age_mid': 22.5, 'r2': 0.9614774853728552}, {'age_bin': '25-29', 'age_mid': 27.5, 'r2': 0.9723771068881558}, {'age_bin': '30-34', 'age_mid': 32.5, 'r2': 0.98810931733364}, {'age_bin': '35-39', 'age_mid': 37.5, 'r2': 0.9833496541283999}, {'age_bin': '40-44', 'age_mid': 42.5, 'r2': 0.9862941735190208}, {'age_bin': '45-49', 'age_mid': 47.5, 'r2': 0.9936245816251453}, {'age_bin': '50-54', 'age_mid': 52.5, 'r2': 0.9968680348592438}, {'age_bin': '55-59', 'age_mid': 57.5, 'r2': 0.9854003418204367}, {'age_bin': '60-64', 'age_mid': 62.5, 'r2': 0.9892873584829669}, {'age_bin': '65-69', 'age_mid': 67.5, 'r2': 0.990451469210818}, {'age_bin': '70-74', 'age_mid': 72.5, 'r2': 0.9971189815357345}, {'age_bin': '75-79', 'age_mid': 77.5, 'r2': 0.9892703963766556}, {'age_bin': '80-84', 'age_mid': 82.5, 'r2': 0.9846971732457729}]"
3-chlorotyrosine cl-tyr,3-chlorotyrosine (Cl-Tyr) (ng/mL),0.6192595213082744,0.4652168264507298,0.6420602826352888,12,0.2861185412152802,0.1370879930330192,1.4559822176561534,0.151023677573226,"[{'age_bin': '20-24', 'age_mid': 22.5, 'r2': 0.6840953412823443}, {'age_bin': '25-29', 'age_mid': 27.5, 'r2': 0.8067206031645648}, {'age_bin': '30-34', 'age_mid': 32.5, 'r2': 0.6516793626526365}, {'age_bin': '35-39', 'age_mid': 37.5, 'r2': 0.5279319624360281}, {'age_bin': '40-44', 'age_mid': 42.5, 'r2': 0.49545273139398105}, {'age_bin': '45-49', 'age_mid': 47.5, 'r2': 0.4652168264507298}, {'age_bin': '50-54', 'age_mid': 52.5, 'r2': 0.51753799158303}, {'age_bin': '55-59', 'age_mid': 57.5, 'r2': 0.6357562461347374}, {'age_bin': '60-64', 'age_mid': 62.5, 'r2': 0.693296275918994}, {'age_bin': '65-69', 'age_mid': 67.5, 'r2': 0.6483643191358401}, {'age_bin': '70-74', 'age_mid': 72.5, 'r2': 0.6138348704670908}, {'age_bin': '75-79', 'age_mid': 77.5, 'r2': None}, {'age_bin': '80-84', 'age_mid': 82.5, 'r2': 0.6912277250793171}]"
4-pyridoxic acid,4-pyridoxic acid (nmol/L),0.7617149911921884,0.5447566786340103,0.7681976320642839,13,20.17654076006808,5.718857787874282,-11.095550948755452,20.47046832927146,"[{'age_bin': '20-24', 'age_mid': 22.5, 'r2': 0.8875151283506885}, {'age_bin': '25-29', 'age_mid': 27.5, 'r2': 0.7953434865202452}, {'age_bin': '30-34', 'age_mid': 32.5, 'r2': 0.7681976320642839}, {'age_bin': '35-39', 'age_mid': 37.5, 'r2': 0.7516383442902403}, {'age_bin': '40-44', 'age_mid': 42.5, 'r2': 0.7474505597953311}, {'age_bin': '45-49', 'age_mid': 47.5, 'r2': 0.7461798122347727}, {'age_bin': '50-54', 'age_mid': 52.5, 'r2': 0.7917764519686977}, {'age_bin': '55-59', 'age_mid': 57.5, 'r2': 0.7454615121119093}, {'age_bin': '60-64', 'age_mid': 62.5, 'r2': 0.7810366224671121}, {'age_bin': '65-69', 'age_mid': 67.5, 'r2': 0.7896996009921118}, {'age_bin': '70-74', 'age_mid': 72.5, 'r2': 0.5447566786340103}, {'age_bin': '75-79', 'age_mid': 77.5, 'r2': 0.749222204678629}, {'age_bin': '80-84', 'age_mid': 82.5, 'r2': 0.8040168513904171}]"
5 10-methenyl-tetrahydrofolate,"5,10-Methenyl-tetrahydrofolate (nmol/L)",0.794119916157275,0.6823238023307008,0.8006026403991275,13,0.025006889848229855,0.006014697246766664,0.12458873959690814,0.015927473160988984,"[{'age_bin': '20-24', 'age_mid': 22.5, 'r2': 0.8147265917048458}, {'age_bin': '25-29', 'age_mid': 27.5, 'r2': 0.8241987527942882}, {'age_bin': '30-34', 'age_mid': 32.5, 'r2': 0.82347709961924}, {'age_bin': '35-39', 'age_mid': 37.5, 'r2': 0.8135560214272513}, {'age_bin': '40-44', 'age_mid': 42.5, 'r2': 0.8064082389015641}, {'age_bin': '45-49', 'age_mid': 47.5, 'r2': 0.8006026403991275}, {'age_bin': '50-54', 'age_mid': 52.5, 'r2': 0.7854850976163289}, {'age_bin': '55-59', 'age_mid': 57.5, 'r2': 0.7873939787446688}, {'age_bin': '60-64', 'age_mid': 62.5, 'r2': 0.7947880611101472}, {'age_bin': '65-69', 'age_mid': 67.5, 'r2': 0.8267177067019547}, {'age_bin': '70-74', 'age_mid': 72.5, 'r2': 0.7976313845424798}, {'age_bin': '75-79', 'age_mid': 77.5, 'r2': 0.7662495341519776}, {'age_bin': '80-84', 'age_mid': 82.5, 'r2': 0.6823238023307008}]"
5-formyl-tetrahydrofolate,5-Formyl-tetrahydrofolate (nmol/L),0.6144578308367467,0.563033103071389,0.610474116673041,13,0.013673566148346552,0.004484495910479985,0.12615574899601995,0.005182490856731248,"[{'age_bin': '20-24', 'age_mid': 22.5, 'r2': 0.7089563826772094}, {'age_bin': '25-29', 'age_mid': 27.5, 'r2': 0.6148039525825135}, {'age_bin': '30-34', 'age_mid': 32.5, 'r2': 0.6490309308421811}, {'age_bin': '35-39', 'age_mid': 37.5, 'r2': 0.6247218860225121}, {'age_bin': '40-44', 'age_mid': 42.5, 'r2': 0.5860061885087277}, {'age_bin': '45-49', 'age_mid': 47.5, 'r2': 0.5969843539846456}, {'age_bin': '50-54', 'age_mid': 52.5, 'r2': 0.6562292076819172}, {'age_bin': '55-59', 'age_mid': 57.5, 'r2': 0.610474116673041}, {'age_bin': '60-64', 'age_mid': 62.5, 'r2': 0.615508573550861}, {'age_bin': '65-69', 'age_mid': 67.5, 'r2': 0.5782370669465294}, {'age_bin': '70-74', 'age_mid': 72.5, 'r2': 0.5910639589652162}, {'age_bin': '75-79', 'age_mid': 77.5, 'r2': 0.563033103071389}, {'age_bin': '80-84', 'age_mid': 82.5, 'r2': 0.5929020793709632}]"
5-methyl-tetrahydrofolate,5-Methyl-tetrahydrofolate (nmol/L),0.9889937702807361,0.967645250119288,0.9937636916240331,13,9.643873064960134,0.8452542464845795,15.204135259961323,3.1135463734795317,"[{'age_bin': '20-24', 'age_mid': 22.5, 'r2': 0.967645250119288}, {'age_bin': '25-29', 'age_mid': 27.5, 'r2': 0.9733150820903321}, {'age_bin': '30-34', 'age_mid': 32.5, 'r2': 0.9815095048476946}, {'age_bin': '35-39', 'age_mid': 37.5, 'r2': 0.9830250616365594}, {'age_bin': '40-44', 'age_mid': 42.5, 'r2': 0.9876454119241224}, {'age_bin': '45-49', 'age_mid': 47.5, 'r2': 0.9919598913675504}, {'age_bin': '50-54', 'age_mid': 52.5, 'r2': 0.9937636916240331}, {'age_bin': '55-59', 'age_mid': 57.5, 'r2': 0.9957314461018996}, {'age_bin': '60-64', 'age_mid': 62.5, 'r2': 0.9971775927894407}, {'age_bin': '65-69', 'age_mid': 67.5, 'r2': 0.9980235959058935}, {'age_bin': '70-74', 'age_mid': 72.5, 'r2': 0.9970225293556553}, {'age_bin': '75-79', 'age_mid': 77.5, 'r2': 0.9942200633546601}, {'age_bin': '80-84', 'age_mid': 82.5, 'r2': 0.9958798925324391}]"
alt,ALT (U/L),0.963748258948407,0.9348976455905973,0.9644433403778573,13,5.983384364531626,3.2212305141099034,12.131887884195542,1.228410500345941,"[{'age_bin': '20-24', 'age_mid': 22.5, 'r2': 0.9397939798443714}, {'age_bin': '25-29', 'age_mid': 27.5, 'r2': 0.9412431249627286}, {'age_bin': '30-34', 'age_mid': 32.5, 'r2': 0.9348976455905973}, {'age_bin': '35-39', 'age_mid': 37.5, 'r2': 0.9721208033483856}, {'age_bin': '40-44', 'age_mid': 42.5, 'r2': 0.9644354175509424}, {'age_bin': '45-49', 'age_mid': 47.5, 'r2': 0.9710728737074829}, {'age_bin': '50-54', 'age_mid': 52.5, 'r2': 0.9517579721004114}, {'age_bin': '55-59', 'age_mid': 57.5, 'r2': 0.9644433403778573}, {'age_bin': '60-64', 'age_mid': 62.5, 'r2': 0.9734464408215934}, {'age_bin': '65-69', 'age_mid': 67.5, 'r2': 0.9875095982791225}, {'age_bin': '70-74', 'age_mid': 72.5, 'r2': 0.9589019572861955}, {'age_bin': '75-79', 'age_mid': 77.5, 'r2': 0.9800975868452244}, {'age_bin': '80-84', 'age_mid': 82.5, 'r2': 0.989006625614378}]"
alt si,ALT: SI (U/L),0.9615815094720611,0.9258369775293832,0.9594921639815261,13,5.334284608386978,2.481407515234571,12.568608037550108,1.1868515155374286,"[{'age_bin': '20-24', 'age_mid': 22.5, 'r2': 0.9574577868068297}, {'age_bin': '25-29', 'age_mid': 27.5, 'r2': 0.9569419833970728}, {'age_bin': '30-34', 'age_mid': 32.5, 'r2': 0.9594921639815261}, {'age_bin': '35-39', 'age_mid': 37.5, 'r2': 0.9488722462748396}, {'age_bin': '40-44', 'age_mid': 42.5, 'r2': 0.9552130978763004}, {'age_bin': '45-49', 'age_mid': 47.5, 'r2': 0.9258369775293832}, {'age_bin': '50-54', 'age_mid': 52.5, 'r2': 0.9689318563581785}, {'age_bin': '55-59', 'age_mid': 57.5, 'r2': 0.9649218222305682}, {'age_bin': '60-64', 'age_mid': 62.5, 'r2': 0.9872173703926205}, {'age_bin': '65-69', 'age_mid': 67.5, 'r2': 0.9716974055815536}, {'age_bin': '70-74', 'age_mid': 72.5, 'r2': 0.9855947848174627}, {'age_bin': '75-79', 'age_mid': 77.5, 'r2': 0.981117952257182}, {'age_bin': '80-84', 'age_mid': 82.5, 'r2': 0.9372641756332764}]"
ast,AST (U/L),0.9560227024859868,0.9155803302766033,0.9601252514784931,13,3.521213259172894,1.3760947442276155,15.984011422619604,0.5332517887688214,"[{'age_bin': '20-24', 'age_mid': 22.5, 'r2': 0.9713848418752877}, {'age_bin': '25-29', 'age_mid': 27.5, 'r2': 0.9155803302766033}, {'age_bin': '30-34', 'age_mid': 32.5, 'r2': 0.9439748679098675}, {'age_bin': '35-39', 'age_mid': 37.5, 'r2': 0.968305289645398}, {'age_bin': '40-44', 'age_mid': 42.5, 'r2': 0.9575268613332745}, {'age_bin': '45-49', 'age_mid': 47.5, 'r2': 0.9827023765002788}, {'age_bin': '50-54', 'age_mid': 52.5, 'r2': 0.9459054168638706}, {'age_bin': '55-59', 'age_mid': 57.5, 'r2': 0.9713852702833872}, {'age_bin': '60-64', 'age_mid': 62.5, 'r2': 0.9667511912572523}, {'age_bin': '65-69', 'age_mid': 67.5, 'r2': 0.9390607284795429}, {'age_bin': '70-74', 'age_mid': 72.5, 'r2': 0.9175666559894926}, {'age_bin': '75-79', 'age_mid': 77.5, 'r2': 0.9601252514784931}, {'age_bin': '80-84', 'age_mid': 82.5, 'r2': 0.9880260504250797}]"
ast si,AST: SI (U/L),0.9554004521186497,0.9281398071045162,0.9537989161909569,13,3.3425886835660963,1.1347983840014062,16.387796327889255,0.7038201689046194,"[{'age_bin': '20-24', 'age_mid': 22.5, 'r2': 0.9572409543562151}, {'age_bin': '25-29', 'age_mid': 27.5, 'r2': 0.929126073357197}, {'age_bin': '30-34', 'age_mid': 32.5, 'r2': 0.9527491146487623}, {'age_bin': '35-39', 'age_mid': 37.5, 'r2': 0.955583839109442}, {'age_bin': '40-44', 'age_mid': 42.5, 'r2': 0.939019111636493}, {'age_bin': '45-49', 'age_mid': 47.5, 'r2': 0.9281398071045162}, {'age_bin': '50-54', 'age_mid': 52.5, 'r2': 0.9830969360724207}, {'age_bin': '55-59', 'age_mid': 57.5, 'r2': 0.935025792596029}, {'age_bin': '60-64', 'age_mid': 62.5, 'r2': 0.9762868148459333}, {'age_bin': '65-69', 'age_mid': 67.5, 'r2': 0.9763696065657522}, {'age_bin': '70-74', 'age_mid': 72.5, 'r2': 0.9900814631480923}, {'age_bin': '75-79', 'age_mid': 77.5, 'r2': 0.9436874479106354}, {'age_bin': '80-84', 'age_mid': 82.5, 'r2': 0.9537989161909569}]"
acrylamide,Acrylamide (pmol/g Hb),0.8856383213316822,0.8456676998885139,0.8733402603978114,13,25.57917432332192,13.309770818795334,17.584760963699328,5.194405704883007,"[{'age_bin': '20-24', 'age_mid': 22.5, 'r2': 0.9034069705679231}, {'age_bin': '25-29', 'age_mid': 27.5, 'r2': 0.9045804590278708}, {'age_bin': '30-34', 'age_mid': 32.5, 'r2': 0.8554277712438523}, {'age_bin': '35-39', 'age_mid': 37.5, 'r2': 0.8456676998885139}, {'age_bin': '40-44', 'age_mid': 42.5, 'r2': 0.8478282151409812}, {'age_bin': '45-49', 'age_mid': 47.5, 'r2': 0.8733402603978114}, {'age_bin': '50-54', 'age_mid': 52.5, 'r2': 0.9092021780263867}, {'age_bin': '55-59', 'age_mid': 57.5, 'r2': 0.8938701544861478}, {'age_bin': '60-64', 'age_mid': 62.5, 'r2': 0.8678830947556199}, {'age_bin': '65-69', 'age_mid': 67.5, 'r2': 0.8569305330983358}, {'age_bin': '70-74', 'age_mid': 72.5, 'r2': 0.8550537503795168}, {'age_bin': '75-79', 'age_mid': 77.5, 'r2': 0.9304940449740594}, {'age_bin': '80-84', 'age_mid': 82.5, 'r2': 0.9696130453248497}]"
alanine aminotransferase,Alanine aminotransferase (U/L),0.9644692296739964,0.8916513008644475,0.9751926096823701,13,5.437902100037391,2.743208056393547,13.06133783062164,1.0284156945001424,"[{'age_bin': '20-24', 'age_mid': 22.5, 'r2': 0.9440236425370044}, {'age_bin': '25-29', 'age_mid': 27.5, 'r2': 0.9878833615296824}, {'age_bin': '30-34', 'age_mid': 32.5, 'r2': 0.9425612715597125}, {'age_bin': '35-39', 'age_mid': 37.5, 'r2': 0.9415102554005527}, {'age_bin': '40-44', 'age_mid': 42.5, 'r2': 0.9751926096823701}, {'age_bin': '45-49', 'age_mid': 47.5, 'r2': 0.9575387767690899}, {'age_bin': '50-54', 'age_mid': 52.5, 'r2': 0.8916513008644475}, {'age_bin': '55-59', 'age_mid': 57.5, 'r2': 0.9909823933231541}, {'age_bin': '60-64', 'age_mid': 62.5, 'r2': 0.9812685642965013}, {'age_bin': '65-69', 'age_mid': 67.5, 'r2': 0.97371200541891}, {'age_bin': '70-74', 'age_mid': 72.5, 'r2': 0.9820949531942768}, {'age_bin': '75-79', 'age_mid': 77.5, 'r2': 0.9906452880823338}, {'age_bin': '80-84', 'age_mid': 82.5, 'r2': 0.9790355631039174}]"
alanine aminotransferase alt,Alanine aminotransferase ALT (U/L),0.9576752576628886,0.9178879272795714,0.9632699665180345,13,5.671954025563238,2.781488362664905,10.728733761162987,1.2118413855192887,"[{'age_bin': '20-24', 'age_mid': 22.5, 'r2': 0.9178879272795714}, {'age_bin': '25-29', 'age_mid': 27.5, 'r2': 0.9259080365126073}, {'age_bin': '30-34', 'age_mid': 32.5, 'r2': 0.9425178271072242}, {'age_bin': '35-39', 'age_mid': 37.5, 'r2': 0.9419734570227145}, {'age_bin': '40-44', 'age_mid': 42.5, 'r2': 0.9453032085265334}, {'age_bin': '45-49', 'age_mid': 47.5, 'r2': 0.9632699665180345}, {'age_bin': '50-54', 'age_mid': 52.5, 'r2': 0.9558221719685838}, {'age_bin': '55-59', 'age_mid': 57.5, 'r2': 0.9729520677991538}, {'age_bin': '60-64', 'age_mid': 62.5, 'r2': 0.9677065660029821}, {'age_bin': '65-69', 'age_mid': 67.5, 'r2': 0.979646310791384}, {'age_bin': '70-74', 'age_mid': 72.5, 'r2': 0.9784720472802069}, {'age_bin': '75-79', 'age_mid': 77.5, 'r2': 0.9757035198304354}, {'age_bin': '80-84', 'age_mid': 82.5, 'r2': 0.98261524297812}]"
albumin,Albumin (g/dL),0.929252899895181,0.8718778272610836,0.9407025036813114,13,0.16533129650106043,0.05429518095230075,3.8772965456092674,0.13991543701540204,"[{'age_bin': '20-24', 'age_mid': 22.5, 'r2': 0.8718778272610836}, {'age_bin': '25-29', 'age_mid': 27.5, 'r2': 0.8886585401678486}, {'age_bin': '30-34', 'age_mid': 32.5, 'r2': 0.90767140636013}, {'age_bin': '35-39', 'age_mid': 37.5, 'r2': 0.8994098450344221}, {'age_bin': '40-44', 'age_mid': 42.5, 'r2': 0.9206259319576435}, {'age_bin': '45-49', 'age_mid': 47.5, 'r2': 0.9207681948656543}, {'age_bin': '50-54', 'age_mid': 52.5, 'r2': 0.9407025036813114}, {'age_bin': '55-59', 'age_mid': 57.5, 'r2': 0.9520521387584716}, {'age_bin': '60-64', 'age_mid': 62.5, 'r2': 0.9530112057901536}, {'age_bin': '65-69', 'age_mid': 67.5, 'r2': 0.9517463510985715}, {'age_bin': '70-74', 'age_mid': 72.5, 'r2': 0.9536882855150541}, {'age_bin': '75-79', 'age_mid': 77.5, 'r2': 0.9642509707450695}, {'age_bin': '80-84', 'age_mid': 82.5, 'r2': 0.9558244974019358}]"
aldrin,Aldrin (ng/g),0.5756302933737174,0.4501892686447948,0.5924756117690999,11,0.0005470176391546822,0.0002503310091001039,0.011018236875032604,0.00010472285008699649,"[{'age_bin': '20-24', 'age_mid': 22.5, 'r2': 0.5228073466507791}, {'age_bin': '25-29', 'age_mid': 27.5, 'r2': 0.6962181161124166}, {'age_bin': '30-34', 'age_mid': 32.5, 'r2': 0.6258435763989648}, {'age_bin': '35-39', 'age_mid': 37.5, 'r2': 0.5489811156291033}, {'age_bin': '40-44', 'age_mid': 42.5, 'r2': 0.5252686550093048}, {'age_bin': '45-49', 'age_mid': 47.5, 'r2': 0.5924756117690999}, {'age_bin': '50-54', 'age_mid': 52.5, 'r2': 0.6406345397810553}, {'age_bin': '55-59', 'age_mid': 57.5, 'r2': 0.4501892686447948}, {'age_bin': '60-64', 'age_mid': 62.5, 'r2': 0.6186537037172741}, {'age_bin': '65-69', 'age_mid': 67.5, 'r2': 0.48652492357593535}, {'age_bin': '70-74', 'age_mid': 72.5, 'r2': 0.6243363698221638}, {'age_bin': '75-79', 'age_mid': 77.5, 'r2': None}, {'age_bin': '80-84', 'age_mid': 82.5, 'r2': None}]"
aldrin lipid adjusted,Aldrin Lipid Adjusted (ng/g),0.9632343094926841,0.9384079755566921,0.9616440099737763,13,0.5040073065605599,0.19842201180006908,1.6787739880724528,0.26836193057884017,"[{'age_bin': '20-24', 'age_mid': 22.5, 'r2': 0.9506183657868473}, {'age_bin': '25-29', 'age_mid': 27.5, 'r2': 0.9647819467319139}, {'age_bin': '30-34', 'age_mid': 32.5, 'r2': 0.974227507616636}, {'age_bin': '35-39', 'age_mid': 37.5, 'r2': 0.9581126270248234}, {'age_bin': '40-44', 'age_mid': 42.5, 'r2': 0.975110029799439}, {'age_bin': '45-49', 'age_mid': 47.5, 'r2': 0.9616440099737763}, {'age_bin': '50-54', 'age_mid': 52.5, 'r2': 0.9749488273009993}, {'age_bin': '55-59', 'age_mid': 57.5, 'r2': 0.9574714393842105}, {'age_bin': '60-64', 'age_mid': 62.5, 'r2': 0.9785975882164804}, {'age_bin': '65-69', 'age_mid': 67.5, 'r2': 0.9470130657486537}, {'age_bin': '70-74', 'age_mid': 72.5, 'r2': 0.9384079755566921}, {'age_bin': '75-79', 'age_mid': 77.5, 'r2': 0.9553978361537473}, {'age_bin': '80-84', 'age_mid': 82.5, 'r2': 0.9857148041106745}]"
alkaline phosphatase alp,Alkaline Phosphatase (ALP) (IU/L),0.9803692478768631,0.946121266347282,0.988635264707227,13,10.486853889514995,2.447907655812836,51.12448043132562,2.947367291780515,"[{'age_bin': '20-24', 'age_mid': 22.5, 'r2': 0.946121266347282}, {'age_bin': '25-29', 'age_mid': 27.5, 'r2': 0.9569218173978863}, {'age_bin': '30-34', 'age_mid': 32.5, 'r2': 0.9701423053602497}, {'age_bin': '35-39', 'age_mid': 37.5, 'r2': 0.9672605887085416}, {'age_bin': '40-44', 'age_mid': 42.5, 'r2': 0.9780733042258711}, {'age_bin': '45-49', 'age_mid': 47.5, 'r2': 0.9802154425355323}, {'age_bin': '50-54', 'age_mid': 52.5, 'r2': 0.9891102739579236}, {'age_bin': '55-59', 'age_mid': 57.5, 'r2': 0.990362707039724}, {'age_bin': '60-64', 'age_mid': 62.5, 'r2': 0.9932775437345788}, {'age_bin': '65-69', 'age_mid': 67.5, 'r2': 0.9963197682653785}, {'age_bin': '70-74', 'age_mid': 72.5, 'r2': 0.990004467899652}, {'age_bin': '75-79', 'age_mid': 77.5, 'r2': 0.9983554722193757}, {'age_bin': '80-84', 'age_mid': 82.5, 'r2': 0.988635264707227}]"
alkaline phosphatase,Alkaline phosphatase (U/L),0.9795950141956632,0.9503077243067349,0.9843872255820308,13,9.539298510493952,2.483514567083385,46.178555718809015,3.0141807639976217,"[{'age_bin': '20-24', 'age_mid': 22.5, 'r2': 0.9503077243067349}, {'age_bin': '25-29', 'age_mid': 27.5, 'r2': 0.9563290764336215}, {'age_bin': '30-34', 'age_mid': 32.5, 'r2': 0.9702274641497588}, {'age_bin': '35-39', 'age_mid': 37.5, 'r2': 0.9698051180225281}, {'age_bin': '40-44', 'age_mid': 42.5, 'r2': 0.9688194894394941}, {'age_bin': '45-49', 'age_mid': 47.5, 'r2': 0.9843872255820308}, {'age_bin': '50-54', 'age_mid': 52.5, 'r2': 0.9885591157904512}, {'age_bin': '55-59', 'age_mid': 57.5, 'r2': 0.990443206347086}, {'age_bin': '60-64', 'age_mid': 62.5, 'r2': 0.991035861696933}, {'age_bin': '65-69', 'age_mid': 67.5, 'r2': 0.9947962428190089}, {'age_bin': '70-74', 'age_mid': 72.5, 'r2': 0.9958373480284283}, {'age_bin': '75-79', 'age_mid': 77.5, 'r2': 0.9932760074016388}, {'age_bin': '80-84', 'age_mid': 82.5, 'r2': 0.9809113045259075}]"
alkaline phosphotase,Alkaline phosphotase (U/L),0.9836626105037151,0.9509422285291426,0.9888329270690165,13,10.268141112413467,2.706539169039668,47.951140340289484,2.733356540184725,"[{'age_bin': '20-24', 'age_mid': 22.5, 'r2': 0.9509422285291426}, {'age_bin': '25-29', 'age_mid': 27.5, 'r2': 0.967995759640658}, {'age_bin': '30-34', 'age_mid': 32.5, 'r2': 0.9695403734890524}, {'age_bin': '35-39', 'age_mid': 37.5, 'r2': 0.9743890469554184}, {'age_bin': '40-44', 'age_mid': 42.5, 'r2': 0.9786364726239147}, {'age_bin': '45-49', 'age_mid': 47.5, 'r2': 0.9858683096714558}, {'age_bin': '50-54', 'age_mid': 52.5, 'r2': 0.9888329270690165}, {'age_bin': '55-59', 'age_mid': 57.5, 'r2': 0.9948042785420058}, {'age_bin': '60-64', 'age_mid': 62.5, 'r2': 0.9965992862056673}, {'age_bin': '65-69', 'age_mid': 67.5, 'r2': 0.9925621223940635}, {'age_bin': '70-74', 'age_mid': 72.5, 'r2': 0.9969893067880384}, {'age_bin': '75-79', 'age_mid': 77.5, 'r2': 0.9945784367724911}, {'age_bin': '80-84', 'age_mid': 82.5, 'r2': 0.9958753878673718}]"
alpha-1-acid glycoprotein,Alpha-1-Acid Glycoprotein (g/L),0.957461338555372,0.9371885019935846,0.959053601351243,6,0.14779976146969143,0.022448368210357776,0.5805046895404432,0.012879009379811544,"[{'age_bin': '20-24', 'age_mid': 22.5, 'r2': 0.9371885019935846}, {'age_bin': '25-29', 'age_mid': 27.5, 'r2': 0.953726226564856}, {'age_bin': '30-34', 'age_mid': 32.5, 'r2': 0.9643809761376299}, {'age_bin': '35-39', 'age_mid': 37.5, 'r2': 0.9470628896225153}, {'age_bin': '40-44', 'age_mid': 42.5, 'r2': 0.9715641721197796}, {'age_bin': '45-49', 'age_mid': 47.5, 'r2': 0.970845264893867}, {'age_bin': '50-54', 'age_mid': 52.5, 'r2': None}, {'age_bin': '55-59', 'age_mid': 57.5, 'r2': None}, {'age_bin': '60-64', 'age_mid': 62.5, 'r2': None}, {'age_bin': '65-69', 'age_mid': 67.5, 'r2': None}, {'age_bin': '70-74', 'age_mid': 72.5, 'r2': None}, {'age_bin': '75-79', 'age_mid': 77.5, 'r2': None}, {'age_bin': '80-84', 'age_mid': 82.5, 'r2': None}]"
alpha-carotene,Alpha-carotene (ug/dL),0.9137021435401766,0.8706632814516233,0.9189742321382921,13,2.0980247118802713,0.5637606058823164,-0.28329051563685675,0.5196228200357501,"[{'age_bin': '20-24', 'age_mid': 22.5, 'r2': 0.9189742321382921}, {'age_bin': '25-29', 'age_mid': 27.5, 'r2': 0.8902389301849823}, {'age_bin': '30-34', 'age_mid': 32.5, 'r2': 0.873509155396576}, {'age_bin': '35-39', 'age_mid': 37.5, 'r2': 0.9322867427407869}, {'age_bin': '40-44', 'age_mid': 42.5, 'r2': 0.9325477733476453}, {'age_bin': '45-49', 'age_mid': 47.5, 'r2': 0.8979732248584753}, {'age_bin': '50-54', 'age_mid': 52.5, 'r2': 0.9080666253008202}, {'age_bin': '55-59', 'age_mid': 57.5, 'r2': 0.8812814530816208}, {'age_bin': '60-64', 'age_mid': 62.5, 'r2': 0.9406779795554545}, {'age_bin': '65-69', 'age_mid': 67.5, 'r2': 0.9315169028572}, {'age_bin': '70-74', 'age_mid': 72.5, 'r2': 0.9314141226197232}, {'age_bin': '75-79', 'age_mid': 77.5, 'r2': 0.8706632814516233}, {'age_bin': '80-84', 'age_mid': 82.5, 'r2': 0.9689774424890963}]"
alpha1,Alpha1,0.8115009357190115,0.7721266903069004,0.8086647833555098,5,0.01840736839044075,0.003374759488953199,0.20103001929361125,0.006134405983354143,"[{'age_bin': '20-24', 'age_mid': 22.5, 'r2': None}, {'age_bin': '25-29', 'age_mid': 27.5, 'r2': None}, {'age_bin': '30-34', 'age_mid': 32.5, 'r2': None}, {'age_bin': '35-39', 'age_mid': 37.5, 'r2': None}, {'age_bin': '40-44', 'age_mid': 42.5, 'r2': None}, {'age_bin': '45-49', 'age_mid': 47.5, 'r2': None}, {'age_bin': '50-54', 'age_mid': 52.5, 'r2': 0.8764392990212121}, {'age_bin': '55-59', 'age_mid': 57.5, 'r2': None}, {'age_bin': '60-64', 'age_mid': 62.5, 'r2': 0.8086647833555098}, {'age_bin': '65-69', 'age_mid': 67.5, 'r2': 0.7818155302603297}, {'age_bin': '70-74', 'age_mid': 72.5, 'r2': 0.8184583756511055}, {'age_bin': '75-79', 'age_mid': 77.5, 'r2': 0.7721266903069004}, {'age_bin': '80-84', 'age_mid': 82.5, 'r2': None}]"
alpha2,Alpha2,0.9267046881162176,0.8349443525572778,0.9613529903320829,5,0.06332025224789146,0.019456085974624785,0.8877525456285988,0.029227191721558583,"[{'age_bin': '20-24', 'age_mid': 22.5, 'r2': None}, {'age_bin': '25-29', 'age_mid': 27.5, 'r2': None}, {'age_bin': '30-34', 'age_mid': 32.5, 'r2': None}, {'age_bin': '35-39', 'age_mid': 37.5, 'r2': None}, {'age_bin': '40-44', 'age_mid': 42.5, 'r2': None}, {'age_bin': '45-49', 'age_mid': 47.5, 'r2': None}, {'age_bin': '50-54', 'age_mid': 52.5, 'r2': 0.9023935058985268}, {'age_bin': '55-59', 'age_mid': 57.5, 'r2': None}, {'age_bin': '60-64', 'age_mid': 62.5, 'r2': 0.9630776064857958}, {'age_bin': '65-69', 'age_mid': 67.5, 'r2': 0.8349443525572778}, {'age_bin': '70-74', 'age_mid': 72.5, 'r2': 0.9613529903320829}, {'age_bin': '75-79', 'age_mid': 77.5, 'r2': 0.9717549853074051}, {'age_bin': '80-84', 'age_mid': 82.5, 'r2': None}]"
androstenedione,Androstenedione (ng/dL),0.9813378760956495,0.9657857649823236,0.979597395717829,13,18.77732899035021,10.519433473543318,37.395561755039516,17.960258366801927,"[{'age_bin': '20-24', 'age_mid': 22.5, 'r2': 0.9685329510437422}, {'age_bin': '25-29', 'age_mid': 27.5, 'r2': 0.9733366292616072}, {'age_bin': '30-34', 'age_mid': 32.5, 'r2': 0.979597395717829}, {'age_bin': '35-39', 'age_mid': 37.5, 'r2': 0.9866162081308698}, {'age_bin': '40-44', 'age_mid': 42.5, 'r2': 0.9786668694686992}, {'age_bin': '45-49', 'age_mid': 47.5, 'r2': 0.985920647222171}, {'age_bin': '50-54', 'age_mid': 52.5, 'r2': 0.9657857649823236}, {'age_bin': '55-59', 'age_mid': 57.5, 'r2': 0.9884367954907494}, {'age_bin': '60-64', 'age_mid': 62.5, 'r2': 0.988026496995597}, {'age_bin': '65-69', 'age_mid': 67.5, 'r2': 0.9923577033395697}, {'age_bin': '70-74', 'age_mid': 72.5, 'r2': 0.9980270737132604}, {'age_bin': '75-79', 'age_mid': 77.5, 'r2': 0.9780409200811452}, {'age_bin': '80-84', 'age_mid': 82.5, 'r2': 0.9740469337958809}]"
anti-mullerian hormone,Anti-Mullerian Hormone (ng/ml),0.683563304407201,0.3141400138507878,0.6060733501035485,13,1.154767198578376,0.8468421836111283,-0.22780463766814563,0.9984728947496091,"[{'age_bin': '20-24', 'age_mid': 22.5, 'r2': 0.944559562891232}, {'age_bin': '25-29', 'age_mid': 27.5, 'r2': 0.9646328955678121}, {'age_bin': '30-34', 'age_mid': 32.5, 'r2': 0.9789839304148323}, {'age_bin': '35-39', 'age_mid': 37.5, 'r2': 0.9365592153893979}, {'age_bin': '40-44', 'age_mid': 42.5, 'r2': 0.8731357468147245}, {'age_bin': '45-49', 'age_mid': 47.5, 'r2': 0.7445431331807342}, {'age_bin': '50-54', 'age_mid': 52.5, 'r2': 0.6060733501035485}, {'age_bin': '55-59', 'age_mid': 57.5, 'r2': 0.5500827884430153}, {'age_bin': '60-64', 'age_mid': 62.5, 'r2': 0.599335475728854}, {'age_bin': '65-69', 'age_mid': 67.5, 'r2': 0.47470802111958155}, {'age_bin': '70-74', 'age_mid': 72.5, 'r2': 0.5143326568028578}, {'age_bin': '75-79', 'age_mid': 77.5, 'r2': 0.3852361669862352}, {'age_bin': '80-84', 'age_mid': 82.5, 'r2': 0.3141400138507878}]"
antibody against wild type polio virus 1,Antibody against wild type polio virus 1,0.9105132043878726,0.9005198107212583,0.9106394466046948,6,1.7426147382023764,0.183204034073942,4.342099378572496,0.13093876587662692,"[{'age_bin': '20-24', 'age_mid': 22.5, 'r2': 0.9030028495502047}, {'age_bin': '25-29', 'age_mid': 27.5, 'r2': 0.9005198107212583}, {'age_bin': '30-34', 'age_mid': 32.5, 'r2': 0.9211556439025916}, {'age_bin': '35-39', 'age_mid': 37.5, 'r2': 0.9171220289437916}, {'age_bin': '40-44', 'age_mid': 42.5, 'r2': 0.9094800270304181}, {'age_bin': '45-49', 'age_mid': 47.5, 'r2': 0.9117988661789715}, {'age_bin': '50-54', 'age_mid': 52.5, 'r2': None}, {'age_bin': '55-59', 'age_mid': 57.5, 'r2': None}, {'age_bin': '60-64', 'age_mid': 62.5, 'r2': None}, {'age_bin': '65-69', 'age_mid': 67.5, 'r2': None}, {'age_bin': '70-74', 'age_mid': 72.5, 'r2': None}, {'age_bin': '75-79', 'age_mid': 77.5, 'r2': None}, {'age_bin': '80-84', 'age_mid': 82.5, 'r2': None}]"
antibody against wild type polio virus 2,Antibody against wild type polio virus 2,0.905531140663615,0.8713214064752264,0.9082969601600286,6,1.548204196283627,0.09751531040390735,4.9003421239066345,0.3381848664321264,"[{'age_bin': '20-24', 'age_mid': 22.5, 'r2': 0.8713214064752264}, {'age_bin': '25-29', 'age_mid': 27.5, 'r2': 0.9251372065914817}, {'age_bin': '30-34', 'age_mid': 32.5, 'r2': 0.9227117412248411}, {'age_bin': '35-39', 'age_mid': 37.5, 'r2': 0.897422569370083}, {'age_bin': '40-44', 'age_mid': 42.5, 'r2': 0.9172505190066838}, {'age_bin': '45-49', 'age_mid': 47.5, 'r2': 0.8993434013133735}, {'age_bin': '50-54', 'age_mid': 52.5, 'r2': None}, {'age_bin': '55-59', 'age_mid': 57.5, 'r2': None}, {'age_bin': '60-64', 'age_mid': 62.5, 'r2': None}, {'age_bin': '65-69', 'age_mid': 67.5, 'r2': None}, {'age_bin': '70-74', 'age_mid': 72.5, 'r2': None}, {'age_bin': '75-79', 'age_mid': 77.5, 'r2': None}, {'age_bin': '80-84', 'age_mid': 82.5, 'r2': None}]"
antibody against wild type polio virus 3,Antibody against wild type polio virus 3,0.9850900777926138,0.9737510473291322,0.9867921811303257,6,1.6950821434729366,0.2017678576463916,2.8537245208318502,0.09780827693805579,"[{'age_bin': '20-24', 'age_mid': 22.5, 'r2': 0.9737510473291322}, {'age_bin': '25-29', 'age_mid': 27.5, 'r2': 0.9874443110731126}, {'age_bin': '30-34', 'age_mid': 32.5, 'r2': 0.9902575057755141}, {'age_bin': '35-39', 'age_mid': 37.5, 'r2': 0.9861400511875389}, {'age_bin': '40-44', 'age_mid': 42.5, 'r2': 0.9904221980349281}, {'age_bin': '45-49', 'age_mid': 47.5, 'r2': 0.9825253533554569}, {'age_bin': '50-54', 'age_mid': 52.5, 'r2': None}, {'age_bin': '55-59', 'age_mid': 57.5, 'r2': None}, {'age_bin': '60-64', 'age_mid': 62.5, 'r2': None}, {'age_bin': '65-69', 'age_mid': 67.5, 'r2': None}, {'age_bin': '70-74', 'age_mid': 72.5, 'r2': None}, {'age_bin': '75-79', 'age_mid': 77.5, 'r2': None}, {'age_bin': '80-84', 'age_mid': 82.5, 'r2': None}]"
apolipoprotein b,Apolipoprotein (B) (mg/dL),0.9725216843006153,0.9376875541397525,0.9753662591613533,13,12.104599946226129,3.914037820556432,72.20064015796048,4.7462415617529246,"[{'age_bin': '20-24', 'age_mid': 22.5, 'r2': 0.9376875541397525}, {'age_bin': '25-29', 'age_mid': 27.5, 'r2': 0.9538582571730692}, {'age_bin': '30-34', 'age_mid': 32.5, 'r2': 0.9640906494590145}, {'age_bin': '35-39', 'age_mid': 37.5, 'r2': 0.9637427105600278}, {'age_bin': '40-44', 'age_mid': 42.5, 'r2': 0.9753662591613533}, {'age_bin': '45-49', 'age_mid': 47.5, 'r2': 0.9747557468120639}, {'age_bin': '50-54', 'age_mid': 52.5, 'r2': 0.9863804942658638}, {'age_bin': '55-59', 'age_mid': 57.5, 'r2': 0.9605291167253127}, {'age_bin': '60-64', 'age_mid': 62.5, 'r2': 0.9930947943290876}, {'age_bin': '65-69', 'age_mid': 67.5, 'r2': 0.9866904806041332}, {'age_bin': '70-74', 'age_mid': 72.5, 'r2': 0.9901014084043149}, {'age_bin': '75-79', 'age_mid': 77.5, 'r2': 0.9784884978963081}, {'age_bin': '80-84', 'age_mid': 82.5, 'r2': 0.9779959263776975}]"
arachidic acid 20 0,Arachidic acid (20:0) (umol/L),0.9700684510839656,0.9172744660761002,0.976743729874585,13,2.4986969268029386,0.5629262964007343,18.20026154085773,0.8889519088258905,"[{'age_bin': '20-24', 'age_mid': 22.5, 'r2': 0.948807799956738}, {'age_bin': '25-29', 'age_mid': 27.5, 'r2': 0.9172744660761002}, {'age_bin': '30-34', 'age_mid': 32.5, 'r2': 0.9595056263685339}, {'age_bin': '35-39', 'age_mid': 37.5, 'r2': 0.948388596951975}, {'age_bin': '40-44', 'age_mid': 42.5, 'r2': 0.9706394837919056}, {'age_bin': '45-49', 'age_mid': 47.5, 'r2': 0.9735355726424293}, {'age_bin': '50-54', 'age_mid': 52.5, 'r2': 0.976743729874585}, {'age_bin': '55-59', 'age_mid': 57.5, 'r2': 0.9841419876625785}, {'age_bin': '60-64', 'age_mid': 62.5, 'r2': 0.987290939486197}, {'age_bin': '65-69', 'age_mid': 67.5, 'r2': 0.9824749910332458}, {'age_bin': '70-74', 'age_mid': 72.5, 'r2': 0.9890473797445649}, {'age_bin': '75-79', 'age_mid': 77.5, 'r2': 0.9822137819936501}, {'age_bin': '80-84', 'age_mid': 82.5, 'r2': 0.9908255085090494}]"
arachidic acid,Arachidic acid (micromol/L),0.9609396513172085,0.8778529444240366,0.9729715750262454,13,2.3617617778338866,0.7763599250430524,18.931198886867946,0.7761207937505409,"[{'age_bin': '20-24', 'age_mid': 22.5, 'r2': 0.8778529444240366}, {'age_bin': '25-29', 'age_mid': 27.5, 'r2': 0.921634502965965}, {'age_bin': '30-34', 'age_mid': 32.5, 'r2': 0.9554768292397979}, {'age_bin': '35-39', 'age_mid': 37.5, 'r2': 0.9598787388487708}, {'age_bin': '40-44', 'age_mid': 42.5, 'r2': 0.9729715750262454}, {'age_bin': '45-49', 'age_mid': 47.5, 'r2': 0.9809682069286367}, {'age_bin': '50-54', 'age_mid': 52.5, 'r2': 0.984420119407981}, {'age_bin': '55-59', 'age_mid': 57.5, 'r2': 0.9739332289487401}, {'age_bin': '60-64', 'age_mid': 62.5, 'r2': 0.9954014162491708}, {'age_bin': '65-69', 'age_mid': 67.5, 'r2': 0.9677022851926459}, {'age_bin': '70-74', 'age_mid': 72.5, 'r2': 0.9503928765445322}, {'age_bin': '75-79', 'age_mid': 77.5, 'r2': 0.9781060047657905}, {'age_bin': '80-84', 'age_mid': 82.5, 'r2': 0.9734767385813976}]"
arachidonic acid 20 4n-6,Arachidonic acid (20:4n-6) (umol/L),0.9748717294393009,0.9293548375256167,0.9817068062323407,13,115.17424192257089,26.944114094526547,603.2436260870875,35.459653630652575,"[{'age_bin': '20-24', 'age_mid': 22.5, 'r2': 0.9293548375256167}, {'age_bin': '25-29', 'age_mid': 27.5, 'r2': 0.9580001487494956}, {'age_bin': '30-34', 'age_mid': 32.5, 'r2': 0.9530162698383399}, {'age_bin': '35-39', 'age_mid': 37.5, 'r2': 0.9663177358727351}, {'age_bin': '40-44', 'age_mid': 42.5, 'r2': 0.9763271156223943}, {'age_bin': '45-49', 'age_mid': 47.5, 'r2': 0.9790906168515588}, {'age_bin': '50-54', 'age_mid': 52.5, 'r2': 0.9818930865020508}, {'age_bin': '55-59', 'age_mid': 57.5, 'r2': 0.9826160627101083}, {'age_bin': '60-64', 'age_mid': 62.5, 'r2': 0.9896395949104727}, {'age_bin': '65-69', 'age_mid': 67.5, 'r2': 0.9872325694879723}, {'age_bin': '70-74', 'age_mid': 72.5, 'r2': 0.9941507938593116}, {'age_bin': '75-79', 'age_mid': 77.5, 'r2': 0.9817068062323407}, {'age_bin': '80-84', 'age_mid': 82.5, 'r2': 0.9939868445485137}]"
arachidonic acid,Arachidonic acid (micromol/L),0.9566635427579188,0.9184679313199036,0.964995487875369,13,98.70537115007512,25.161019290329893,593.6841476631848,36.77215103833034,"[{'age_bin': '20-24', 'age_mid': 22.5, 'r2': 0.9295942580294736}, {'age_bin': '25-29', 'age_mid': 27.5, 'r2': 0.9184679313199036}, {'age_bin': '30-34', 'age_mid': 32.5, 'r2': 0.9701481103830716}, {'age_bin': '35-39', 'age_mid': 37.5, 'r2': 0.9305605495545395}, {'age_bin': '40-44', 'age_mid': 42.5, 'r2': 0.9369656872254724}, {'age_bin': '45-49', 'age_mid': 47.5, 'r2': 0.9453292483609537}, {'age_bin': '50-54', 'age_mid': 52.5, 'r2': 0.976682658363213}, {'age_bin': '55-59', 'age_mid': 57.5, 'r2': 0.9730319420292312}, {'age_bin': '60-64', 'age_mid': 62.5, 'r2': 0.964995487875369}, {'age_bin': '65-69', 'age_mid': 67.5, 'r2': 0.9680781855511463}, {'age_bin': '70-74', 'age_mid': 72.5, 'r2': 0.9915600384941209}, {'age_bin': '75-79', 'age_mid': 77.5, 'r2': 0.9798789929437195}, {'age_bin': '80-84', 'age_mid': 82.5, 'r2': 0.9513329657227283}]"
aspartate aminotransferase,Aspartate aminotransferase (U/L),0.9583999032822006,0.9279996844187052,0.9590206251409891,13,3.3393719761422185,1.3511190104351627,17.14365051298881,0.5058744788064965,"[{'age_bin': '20-24', 'age_mid': 22.5, 'r2': 0.9391619317888371}, {'age_bin': '25-29', 'age_mid': 27.5, 'r2': 0.9335333340490405}, {'age_bin': '30-34', 'age_mid': 32.5, 'r2': 0.9590206251409891}, {'age_bin': '35-39', 'age_mid': 37.5, 'r2': 0.9480151994511685}, {'age_bin': '40-44', 'age_mid': 42.5, 'r2': 0.9633213724936962}, {'age_bin': '45-49', 'age_mid': 47.5, 'r2': 0.9279996844187052}, {'age_bin': '50-54', 'age_mid': 52.5, 'r2': 0.9377405861615743}, {'age_bin': '55-59', 'age_mid': 57.5, 'r2': 0.989596946153329}, {'age_bin': '60-64', 'age_mid': 62.5, 'r2': 0.9704505591277506}, {'age_bin': '65-69', 'age_mid': 67.5, 'r2': 0.9870654453165952}, {'age_bin': '70-74', 'age_mid': 72.5, 'r2': 0.984861629669997}, {'age_bin': '75-79', 'age_mid': 77.5, 'r2': 0.9461062895731188}, {'age_bin': '80-84', 'age_mid': 82.5, 'r2': 0.9723251393238052}]"
aspartate aminotransferase ast,Aspartate aminotransferase AST (U/L),0.9658610653080877,0.9233626135110068,0.9690001815598561,13,3.5921336644371085,1.2710439487156482,15.115502116872786,0.90186999510164,"[{'age_bin': '20-24', 'age_mid': 22.5, 'r2': 0.9449154550803431}, {'age_bin': '25-29', 'age_mid': 27.5, 'r2': 0.9233626135110068}, {'age_bin': '30-34', 'age_mid': 32.5, 'r2': 0.9599468320570569}, {'age_bin': '35-39', 'age_mid': 37.5, 'r2': 0.9514499568259027}, {'age_bin': '40-44', 'age_mid': 42.5, 'r2': 0.9581819571513039}, {'age_bin': '45-49', 'age_mid': 47.5, 'r2': 0.9690001815598561}, {'age_bin': '50-54', 'age_mid': 52.5, 'r2': 0.9602080473964839}, {'age_bin': '55-59', 'age_mid': 57.5, 'r2': 0.9749439875614511}, {'age_bin': '60-64', 'age_mid': 62.5, 'r2': 0.9691611579173404}, {'age_bin': '65-69', 'age_mid': 67.5, 'r2': 0.9853884279605515}, {'age_bin': '70-74', 'age_mid': 72.5, 'r2': 0.9911712810548984}, {'age_bin': '75-79', 'age_mid': 77.5, 'r2': 0.9811165255009838}, {'age_bin': '80-84', 'age_mid': 82.5, 'r2': 0.9873474254279627}]"
basophils percent,Basophils percent (%),0.9612890256673986,0.9222407906531991,0.96712406597272,13,0.17688998308684117,0.04814733262834757,0.315624822655804,0.04353700397218103,"[{'age_bin': '20-24', 'age_mid': 22.5, 'r2': 0.9222407906531991}, {'age_bin': '25-29', 'age_mid': 27.5, 'r2': 0.9334618412955547}, {'age_bin': '30-34', 'age_mid': 32.5, 'r2': 0.9342139446721044}, {'age_bin': '35-39', 'age_mid': 37.5, 'r2': 0.9499725631283911}, {'age_bin': '40-44', 'age_mid': 42.5, 'r2': 0.954499792130116}, {'age_bin': '45-49', 'age_mid': 47.5, 'r2': 0.9630741444869789}, {'age_bin': '50-54', 'age_mid': 52.5, 'r2': 0.96712406597272}, {'age_bin': '55-59', 'age_mid': 57.5, 'r2': 0.9729157770671159}, {'age_bin': '60-64', 'age_mid': 62.5, 'r2': 0.9722770164289689}, {'age_bin': '65-69', 'age_mid': 67.5, 'r2': 0.9853119481831357}, {'age_bin': '70-74', 'age_mid': 72.5, 'r2': 0.9766825647661752}, {'age_bin': '75-79', 'age_mid': 77.5, 'r2': 0.9819590458859537}, {'age_bin': '80-84', 'age_mid': 82.5, 'r2': 0.9830238390057697}]"
benzaldehyde,Benzaldehyde (ng/mL),0.9510227986947907,0.8669993945595342,0.9556026400425955,12,0.45589860211179234,0.13926469603728808,0.48719194177575015,0.16879697323591586,"[{'age_bin': '20-24', 'age_mid': 22.5, 'r2': 0.9553131413696523}, {'age_bin': '25-29', 'age_mid': 27.5, 'r2': 0.9340955774040239}, {'age_bin': '30-34', 'age_mid': 32.5, 'r2': 0.9591767660286289}, {'age_bin': '35-39', 'age_mid': 37.5, 'r2': 0.947735136148437}, {'age_bin': '40-44', 'age_mid': 42.5, 'r2': 0.9535003826180887}, {'age_bin': '45-49', 'age_mid': 47.5, 'r2': 0.966146686966321}, {'age_bin': '50-54', 'age_mid': 52.5, 'r2': 0.969080048608489}, {'age_bin': '55-59', 'age_mid': 57.5, 'r2': 0.969184948665959}, {'age_bin': '60-64', 'age_mid': 62.5, 'r2': 0.9899875505788441}, {'age_bin': '65-69', 'age_mid': 67.5, 'r2': 0.8669993945595342}, {'age_bin': '70-74', 'age_mid': 72.5, 'r2': 0.9451618126739706}, {'age_bin': '75-79', 'age_mid': 77.5, 'r2': None}, {'age_bin': '80-84', 'age_mid': 82.5, 'r2': 0.9558921387155388}]"
benzene,Benzene (ug/cubic meter),0.8889380115237264,0.781096828878449,0.8921573720636229,8,2.652310372079983,0.8416491064988578,0.2954381013297389,0.7257299547818967,"[{'age_bin': '20-24', 'age_mid': 22.5, 'r2': 0.8065419355592829}, {'age_bin': '25-29', 'age_mid': 27.5, 'r2': 0.9072174054043634}, {'age_bin': '30-34', 'age_mid': 32.5, 'r2': 0.9556347578114794}, {'age_bin': '35-39', 'age_mid': 37.5, 'r2': 0.9525559044642224}, {'age_bin': '40-44', 'age_mid': 42.5, 'r2': 0.8770973387228824}, {'age_bin': '45-49', 'age_mid': 47.5, 'r2': 0.9658527921184258}, {'age_bin': '50-54', 'age_mid': 52.5, 'r2': 0.781096828878449}, {'age_bin': '55-59', 'age_mid': 57.5, 'r2': 0.8655071292307056}, {'age_bin': '60-64', 'age_mid': 62.5, 'r2': None}, {'age_bin': '65-69', 'age_mid': 67.5, 'r2': None}, {'age_bin': '70-74', 'age_mid': 72.5, 'r2': None}, {'age_bin': '75-79', 'age_mid': 77.5, 'r2': None}, {'age_bin': '80-84', 'age_mid': 82.5, 'r2': None}]"
benzene result,Benzene Result,0.8040387675638678,0.6917538496702935,0.8040387675638678,2,0.0710299526982333,0.013214166999014506,0.04373613174417502,0.004109056040438652,"[{'age_bin': '20-24', 'age_mid': 22.5, 'r2': 0.6917538496702935}, {'age_bin': '25-29', 'age_mid': 27.5, 'r2': None}, {'age_bin': '30-34', 'age_mid': 32.5, 'r2': None}, {'age_bin': '35-39', 'age_mid': 37.5, 'r2': None}, {'age_bin': '40-44', 'age_mid': 42.5, 'r2': 0.9163236854574421}, {'age_bin': '45-49', 'age_mid': 47.5, 'r2': None}, {'age_bin': '50-54', 'age_mid': 52.5, 'r2': None}, {'age_bin': '55-59', 'age_mid': 57.5, 'r2': None}, {'age_bin': '60-64', 'age_mid': 62.5, 'r2': None}, {'age_bin': '65-69', 'age_mid': 67.5, 'r2': None}, {'age_bin': '70-74', 'age_mid': 72.5, 'r2': None}, {'age_bin': '75-79', 'age_mid': 77.5, 'r2': None}, {'age_bin': '80-84', 'age_mid': 82.5, 'r2': None}]"
beta,Beta,0.9675956283151346,0.940670390321131,0.970999216641262,5,0.09224036279598266,0.014663375640991209,0.9234994703950669,0.02989291251808623,"[{'age_bin': '20-24', 'age_mid': 22.5, 'r2': None}, {'age_bin': '25-29', 'age_mid': 27.5, 'r2': None}, {'age_bin': '30-34', 'age_mid': 32.5, 'r2': None}, {'age_bin': '35-39', 'age_mid': 37.5, 'r2': None}, {'age_bin': '40-44', 'age_mid': 42.5, 'r2': None}, {'age_bin': '45-49', 'age_mid': 47.5, 'r2': None}, {'age_bin': '50-54', 'age_mid': 52.5, 'r2': 0.957322859681335}, {'age_bin': '55-59', 'age_mid': 57.5, 'r2': None}, {'age_bin': '60-64', 'age_mid': 62.5, 'r2': 0.9875865801055979}, {'age_bin': '65-69', 'age_mid': 67.5, 'r2': 0.970999216641262}, {'age_bin': '70-74', 'age_mid': 72.5, 'r2': 0.9813990948263468}, {'age_bin': '75-79', 'age_mid': 77.5, 'r2': 0.940670390321131}, {'age_bin': '80-84', 'age_mid': 82.5, 'r2': None}]"
beta 2 microglobulin,Beta 2 Microglobulin (mg/L),0.970353634300944,0.9209055763393124,0.9746028085679689,13,0.19803690666975185,0.025253914606584202,1.516854465465611,0.10395102573229681,"[{'age_bin': '20-24', 'age_mid': 22.5, 'r2': 0.9449854726700336}, {'age_bin': '25-29', 'age_mid': 27.5, 'r2': 0.9564348527353698}, {'age_bin': '30-34', 'age_mid': 32.5, 'r2': 0.9542823396055059}, {'age_bin': '35-39', 'age_mid': 37.5, 'r2': 0.9677594768053771}, {'age_bin': '40-44', 'age_mid': 42.5, 'r2': 0.9746028085679689}, {'age_bin': '45-49', 'age_mid': 47.5, 'r2': 0.9806610435177827}, {'age_bin': '50-54', 'age_mid': 52.5, 'r2': 0.9742951192281137}, {'age_bin': '55-59', 'age_mid': 57.5, 'r2': 0.9786652688396192}, {'age_bin': '60-64', 'age_mid': 62.5, 'r2': 0.983637548014493}, {'age_bin': '65-69', 'age_mid': 67.5, 'r2': 0.9926743310341398}, {'age_bin': '70-74', 'age_mid': 72.5, 'r2': 0.9957737143242499}, {'age_bin': '75-79', 'age_mid': 77.5, 'r2': 0.9209055763393124}, {'age_bin': '80-84', 'age_mid': 82.5, 'r2': 0.9899196942303079}]"
beta-hexachloro-cyclohexane,Beta-hexachloro-cyclohexane (ng/g),0.8053828973997184,0.6601042026994555,0.8164864875030993,13,0.059239112468679286,0.024959229222896822,-0.027980797770060233,0.048444285278626285,"[{'age_bin': '20-24', 'age_mid': 22.5, 'r2': 0.7053389332268192}, {'age_bin': '25-29', 'age_mid': 27.5, 'r2': 0.7621330051046523}, {'age_bin': '30-34', 'age_mid': 32.5, 'r2': 0.6769546303907791}, {'age_bin': '35-39', 'age_mid': 37.5, 'r2': 0.6845053108634}, {'age_bin': '40-44', 'age_mid': 42.5, 'r2': 0.6601042026994555}, {'age_bin': '45-49', 'age_mid': 47.5, 'r2': 0.8867437177127964}, {'age_bin': '50-54', 'age_mid': 52.5, 'r2': 0.809948983732672}, {'age_bin': '55-59', 'age_mid': 57.5, 'r2': 0.87090655601218}, {'age_bin': '60-64', 'age_mid': 62.5, 'r2': 0.9098781316715441}, {'age_bin': '65-69', 'age_mid': 67.5, 'r2': 0.8525866124626467}, {'age_bin': '70-74', 'age_mid': 72.5, 'r2': 0.92994040343094}, {'age_bin': '75-79', 'age_mid': 77.5, 'r2': 0.9044506913853554}, {'age_bin': '80-84', 'age_mid': 82.5, 'r2': 0.8164864875030993}]"
beta-hexachlorocyclohexane lipid adjusted,Beta-hexachlorocyclohexane Lipid Adjusted (ng/g),0.80483998844346,0.6286694213680648,0.830361656445088,13,8.7474992266121,3.254236624107047,-3.160600434886114,5.899002836229777,"[{'age_bin': '20-24', 'age_mid': 22.5, 'r2': 0.7054430611272202}, {'age_bin': '25-29', 'age_mid': 27.5, 'r2': 0.7931734498971849}, {'age_bin': '30-34', 'age_mid': 32.5, 'r2': 0.6548249771293888}, {'age_bin': '35-39', 'age_mid': 37.5, 'r2': 0.6829812291472204}, {'age_bin': '40-44', 'age_mid': 42.5, 'r2': 0.6286694213680648}, {'age_bin': '45-49', 'age_mid': 47.5, 'r2': 0.8598067154966902}, {'age_bin': '50-54', 'age_mid': 52.5, 'r2': 0.7789608479184696}, {'age_bin': '55-59', 'age_mid': 57.5, 'r2': 0.9190771544619876}, {'age_bin': '60-64', 'age_mid': 62.5, 'r2': 0.9278136063845015}, {'age_bin': '65-69', 'age_mid': 67.5, 'r2': 0.830361656445088}, {'age_bin': '70-74', 'age_mid': 72.5, 'r2': 0.9276995448768828}, {'age_bin': '75-79', 'age_mid': 77.5, 'r2': 0.9006736436228766}, {'age_bin': '80-84', 'age_mid': 82.5, 'r2': 0.8534345418894052}]"
bicarbonate,Bicarbonate (mmol/L),0.920961240336866,0.8686909467108256,0.9270730567652394,13,1.124354475068692,0.28888466590115125,22.810510431821434,0.24363630872679126,"[{'age_bin': '20-24', 'age_mid': 22.5, 'r2': 0.8686909467108256}, {'age_bin': '25-29', 'age_mid': 27.5, 'r2': 0.8828649618158553}, {'age_bin': '30-34', 'age_mid': 32.5, 'r2': 0.8891496447166933}, {'age_bin': '35-39', 'age_mid': 37.5, 'r2': 0.8851356859647546}, {'age_bin': '40-44', 'age_mid': 42.5, 'r2': 0.9193450601406286}, {'age_bin': '45-49', 'age_mid': 47.5, 'r2': 0.9270730567652394}, {'age_bin': '50-54', 'age_mid': 52.5, 'r2': 0.9109425218744398}, {'age_bin': '55-59', 'age_mid': 57.5, 'r2': 0.9381645870807422}, {'age_bin': '60-64', 'age_mid': 62.5, 'r2': 0.944786370843427}, {'age_bin': '65-69', 'age_mid': 67.5, 'r2': 0.9456145090564588}, {'age_bin': '70-74', 'age_mid': 72.5, 'r2': 0.9575930337335992}, {'age_bin': '75-79', 'age_mid': 77.5, 'r2': 0.9480617384495758}, {'age_bin': '80-84', 'age_mid': 82.5, 'r2': 0.9550740072270196}]"
bilirubin total,"Bilirubin, total (mg/dL)",0.955855989075049,0.9333639428156907,0.9576258633442466,13,0.12579618361655542,0.04365340526158478,0.4046849429107592,0.03512719661922074,"[{'age_bin': '20-24', 'age_mid': 22.5, 'r2': 0.9333639428156907}, {'age_bin': '25-29', 'age_mid': 27.5, 'r2': 0.9429304379395036}, {'age_bin': '30-34', 'age_mid': 32.5, 'r2': 0.9456525207015898}, {'age_bin': '35-39', 'age_mid': 37.5, 'r2': 0.9546885794573531}, {'age_bin': '40-44', 'age_mid': 42.5, 'r2': 0.9490627394735383}, {'age_bin': '45-49', 'age_mid': 47.5, 'r2': 0.9482975377329184}, {'age_bin': '50-54', 'age_mid': 52.5, 'r2': 0.9576258633442466}, {'age_bin': '55-59', 'age_mid': 57.5, 'r2': 0.9594016369676255}, {'age_bin': '60-64', 'age_mid': 62.5, 'r2': 0.9689285212611602}, {'age_bin': '65-69', 'age_mid': 67.5, 'r2': 0.9666396019089591}, {'age_bin': '70-74', 'age_mid': 72.5, 'r2': 0.9772993937546345}, {'age_bin': '75-79', 'age_mid': 77.5, 'r2': 0.95848793375419}, {'age_bin': '80-84', 'age_mid': 82.5, 'r2': 0.9637491488642254}]"
blood 1 1 1-trichloroethane,"Blood 1,1,1-Trichloroethane (ng/mL)",0.11355636332782815,0.058280186011308244,0.11355636332782815,2,0.00022028917570434984,0.00018628205434420873,0.006284360211061079,0.0007234543679014624,"[{'age_bin': '20-24', 'age_mid': 22.5, 'r2': None}, {'age_bin': '25-29', 'age_mid': 27.5, 'r2': None}, {'age_bin': '30-34', 'age_mid': 32.5, 'r2': None}, {'age_bin': '35-39', 'age_mid': 37.5, 'r2': None}, {'age_bin': '40-44', 'age_mid': 42.5, 'r2': None}, {'age_bin': '45-49', 'age_mid': 47.5, 'r2': None}, {'age_bin': '50-54', 'age_mid': 52.5, 'r2': None}, {'age_bin': '55-59', 'age_mid': 57.5, 'r2': None}, {'age_bin': '60-64', 'age_mid': 62.5, 'r2': None}, {'age_bin': '65-69', 'age_mid': 67.5, 'r2': None}, {'age_bin': '70-74', 'age_mid': 72.5, 'r2': 0.058280186011308244}, {'age_bin': '75-79', 'age_mid': 77.5, 'r2': None}, {'age_bin': '80-84', 'age_mid': 82.5, 'r2': 0.16883254064434805}]"
blood 1 2-dichloroethane,"Blood 1,2-Dichloroethane (ng/mL)",0.6580014969920439,0.13835407131277888,0.7038491289927176,13,2.7334962193579888e-05,9.906357044104043e-06,0.00698578887505442,2.604057845942069e-05,"[{'age_bin': '20-24', 'age_mid': 22.5, 'r2': 0.6452586512276464}, {'age_bin': '25-29', 'age_mid': 27.5, 'r2': 0.7236951428020912}, {'age_bin': '30-34', 'age_mid': 32.5, 'r2': 0.6983657771504245}, {'age_bin': '35-39', 'age_mid': 37.5, 'r2': 0.7122154462941797}, {'age_bin': '40-44', 'age_mid': 42.5, 'r2': 0.7036822910572402}, {'age_bin': '45-49', 'age_mid': 47.5, 'r2': 0.7011363050843616}, {'age_bin': '50-54', 'age_mid': 52.5, 'r2': 0.7042218775017057}, {'age_bin': '55-59', 'age_mid': 57.5, 'r2': 0.7044959216735343}, {'age_bin': '60-64', 'age_mid': 62.5, 'r2': 0.7046760828700258}, {'age_bin': '65-69', 'age_mid': 67.5, 'r2': 0.13835407131277888}, {'age_bin': '70-74', 'age_mid': 72.5, 'r2': 0.7038491289927176}, {'age_bin': '75-79', 'age_mid': 77.5, 'r2': 0.7114983536393928}, {'age_bin': '80-84', 'age_mid': 82.5, 'r2': 0.7025704112904718}]"
blood 1 3-dichlorobenzene,"Blood 1,3-Dichlorobenzene (ng/mL)",,,,0,,,,,"[{'age_bin': '20-24', 'age_mid': 22.5, 'r2': None}, {'age_bin': '25-29', 'age_mid': 27.5, 'r2': None}, {'age_bin': '30-34', 'age_mid': 32.5, 'r2': None}, {'age_bin': '35-39', 'age_mid': 37.5, 'r2': None}, {'age_bin': '40-44', 'age_mid': 42.5, 'r2': None}, {'age_bin': '45-49', 'age_mid': 47.5, 'r2': None}, {'age_bin': '50-54', 'age_mid': 52.5, 'r2': None}, {'age_bin': '55-59', 'age_mid': 57.5, 'r2': None}, {'age_bin': '60-64', 'age_mid': 62.5, 'r2': None}, {'age_bin': '65-69', 'age_mid': 67.5, 'r2': None}, {'age_bin': '70-74', 'age_mid': 72.5, 'r2': None}, {'age_bin': '75-79', 'age_mid': 77.5, 'r2': None}, {'age_bin': '80-84', 'age_mid': 82.5, 'r2': None}]"
blood 1 4-dichlorobenzene,"Blood 1,4-Dichlorobenzene (ng/mL)",0.4258667796947369,0.3546882338941726,0.4338112529327175,13,0.2424942668607374,0.08897550883662182,-0.27935236939295205,0.14139932892348225,"[{'age_bin': '20-24', 'age_mid': 22.5, 'r2': 0.4674569070637624}, {'age_bin': '25-29', 'age_mid': 27.5, 'r2': 0.4802116829599362}, {'age_bin': '30-34', 'age_mid': 32.5, 'r2': 0.42316865786895363}, {'age_bin': '35-39', 'age_mid': 37.5, 'r2': 0.4338112529327175}, {'age_bin': '40-44', 'age_mid': 42.5, 'r2': 0.3551203249097731}, {'age_bin': '45-49', 'age_mid': 47.5, 'r2': 0.39040540440779536}, {'age_bin': '50-54', 'age_mid': 52.5, 'r2': 0.4797902075260807}, {'age_bin': '55-59', 'age_mid': 57.5, 'r2': 0.4621939149249279}, {'age_bin': '60-64', 'age_mid': 62.5, 'r2': 0.3546882338941726}, {'age_bin': '65-69', 'age_mid': 67.5, 'r2': 0.45796817431009107}, {'age_bin': '70-74', 'age_mid': 72.5, 'r2': 0.39546720657999457}, {'age_bin': '75-79', 'age_mid': 77.5, 'r2': 0.3888759222137018}, {'age_bin': '80-84', 'age_mid': 82.5, 'r2': 0.44711024643967257}]"
blood 1 4-dichlorobenzene result,"Blood 1,4-Dichlorobenzene Result (ng/mL)",0.46573853032502316,0.14623475967484734,0.515646570216882,8,0.5833945403917631,0.3105045968431401,-0.38076558052094756,0.23910638957360483,"[{'age_bin': '20-24', 'age_mid': 22.5, 'r2': 0.517881013453351}, {'age_bin': '25-29', 'age_mid': 27.5, 'r2': 0.4326477367823438}, {'age_bin': '30-34', 'age_mid': 32.5, 'r2': 0.5810082939937748}, {'age_bin': '35-39', 'age_mid': 37.5, 'r2': 0.513412126980413}, {'age_bin': '40-44', 'age_mid': 42.5, 'r2': 0.5326041279540801}, {'age_bin': '45-49', 'age_mid': 47.5, 'r2': 0.6281369709076905}, {'age_bin': '50-54', 'age_mid': 52.5, 'r2': 0.37398321285368463}, {'age_bin': '55-59', 'age_mid': 57.5, 'r2': 0.14623475967484734}, {'age_bin': '60-64', 'age_mid': 62.5, 'r2': None}, {'age_bin': '65-69', 'age_mid': 67.5, 'r2': None}, {'age_bin': '70-74', 'age_mid': 72.5, 'r2': None}, {'age_bin': '75-79', 'age_mid': 77.5, 'r2': None}, {'age_bin': '80-84', 'age_mid': 82.5, 'r2': None}]"
blood 2 5 dimethylfuran result,"Blood 2,5 Dimethylfuran result",0.6235626350846418,0.4163189254086551,0.6269066547328896,8,0.018240813495298356,0.007032683265468179,-0.006687551363571207,0.006905552850765976,"[{'age_bin': '20-24', 'age_mid': 22.5, 'r2': 0.5997312081048065}, {'age_bin': '25-29', 'age_mid': 27.5, 'r2': 0.7495806290585412}, {'age_bin': '30-34', 'age_mid': 32.5, 'r2': 0.7353117884524976}, {'age_bin': '35-39', 'age_mid': 37.5, 'r2': 0.5684096904735352}, {'age_bin': '40-44', 'age_mid': 42.5, 'r2': 0.6413700102118502}, {'age_bin': '45-49', 'age_mid': 47.5, 'r2': 0.6653355297133199}, {'age_bin': '50-54', 'age_mid': 52.5, 'r2': 0.612443299253929}, {'age_bin': '55-59', 'age_mid': 57.5, 'r2': 0.4163189254086551}, {'age_bin': '60-64', 'age_mid': 62.5, 'r2': None}, {'age_bin': '65-69', 'age_mid': 67.5, 'r2': None}, {'age_bin': '70-74', 'age_mid': 72.5, 'r2': None}, {'age_bin': '75-79', 'age_mid': 77.5, 'r2': None}, {'age_bin': '80-84', 'age_mid': 82.5, 'r2': None}]"
blood 2 5-dimethylfuran,"Blood 2,5-Dimethylfuran (ng/mL)",0.5020730117821365,0.07084827426599649,0.5840116026709149,13,0.01626644596783511,0.00861575691203675,-0.00925595464944361,0.007611966974002568,"[{'age_bin': '20-24', 'age_mid': 22.5, 'r2': 0.6101050186250534}, {'age_bin': '25-29', 'age_mid': 27.5, 'r2': 0.5965019064278195}, {'age_bin': '30-34', 'age_mid': 32.5, 'r2': 0.648863391147338}, {'age_bin': '35-39', 'age_mid': 37.5, 'r2': 0.6181333014338564}, {'age_bin': '40-44', 'age_mid': 42.5, 'r2': 0.5887340544378249}, {'age_bin': '45-49', 'age_mid': 47.5, 'r2': 0.5770541797645341}, {'age_bin': '50-54', 'age_mid': 52.5, 'r2': 0.6324306426808046}, {'age_bin': '55-59', 'age_mid': 57.5, 'r2': 0.5840116026709149}, {'age_bin': '60-64', 'age_mid': 62.5, 'r2': 0.5213015231148947}, {'age_bin': '65-69', 'age_mid': 67.5, 'r2': 0.4520578394400788}, {'age_bin': '70-74', 'age_mid': 72.5, 'r2': 0.35160188747197507}, {'age_bin': '75-79', 'age_mid': 77.5, 'r2': 0.27530553168668404}, {'age_bin': '80-84', 'age_mid': 82.5, 'r2': 0.07084827426599649}]"
blood benzene,Blood Benzene (ng/mL),0.6527302065371784,0.5042980571513529,0.6735551000488684,13,0.0348622802876893,0.017145625635927576,-0.017402336242315207,0.01323452268118926,"[{'age_bin': '20-24', 'age_mid': 22.5, 'r2': 0.7668635471468973}, {'age_bin': '25-29', 'age_mid': 27.5, 'r2': 0.7608078629086887}, {'age_bin': '30-34', 'age_mid': 32.5, 'r2': 0.7499147674562858}, {'age_bin': '35-39', 'age_mid': 37.5, 'r2': 0.7147960476474859}, {'age_bin': '40-44', 'age_mid': 42.5, 'r2': 0.6735551000488684}, {'age_bin': '45-49', 'age_mid': 47.5, 'r2': 0.6661596211669493}, {'age_bin': '50-54', 'age_mid': 52.5, 'r2': 0.7081214775162512}, {'age_bin': '55-59', 'age_mid': 57.5, 'r2': 0.682632826879064}, {'age_bin': '60-64', 'age_mid': 62.5, 'r2': 0.635745550839592}, {'age_bin': '65-69', 'age_mid': 67.5, 'r2': 0.6009241257330571}, {'age_bin': '70-74', 'age_mid': 72.5, 'r2': 0.510058671438196}, {'age_bin': '75-79', 'age_mid': 77.5, 'r2': 0.5116150290506306}, {'age_bin': '80-84', 'age_mid': 82.5, 'r2': 0.5042980571513529}]"
blood benzene result,Blood Benzene Result (ng/mL),0.8075471510388267,0.7372930432238924,0.8042071311144818,8,0.03762413318460299,0.006854287851575105,-0.006903309634297281,0.00866815226211426,"[{'age_bin': '20-24', 'age_mid': 22.5, 'r2': 0.8709874907046664}, {'age_bin': '25-29', 'age_mid': 27.5, 'r2': 0.8832635872663582}, {'age_bin': '30-34', 'age_mid': 32.5, 'r2': 0.8584774084114168}, {'age_bin': '35-39', 'age_mid': 37.5, 'r2': 0.7481760007869178}, {'age_bin': '40-44', 'age_mid': 42.5, 'r2': 0.7879059525865864}, {'age_bin': '45-49', 'age_mid': 47.5, 'r2': 0.7372930432238924}, {'age_bin': '50-54', 'age_mid': 52.5, 'r2': 0.8205083096423772}, {'age_bin': '55-59', 'age_mid': 57.5, 'r2': 0.7537654156883975}, {'age_bin': '60-64', 'age_mid': 62.5, 'r2': None}, {'age_bin': '65-69', 'age_mid': 67.5, 'r2': None}, {'age_bin': '70-74', 'age_mid': 72.5, 'r2': None}, {'age_bin': '75-79', 'age_mid': 77.5, 'r2': None}, {'age_bin': '80-84', 'age_mid': 82.5, 'r2': None}]"
blood benzonitrile,Blood Benzonitrile (ng/mL),0.23237068153665702,0.05865027452332372,0.2598756184379868,10,0.007822299416825006,0.0048021164899350825,0.09868046184745333,0.0026438309897521147,"[{'age_bin': '20-24', 'age_mid': 22.5, 'r2': 0.3354039688654553}, {'age_bin': '25-29', 'age_mid': 27.5, 'r2': 0.27041822309490937}, {'age_bin': '30-34', 'age_mid': 32.5, 'r2': 0.27406578142387383}, {'age_bin': '35-39', 'age_mid': 37.5, 'r2': 0.30679390054485123}, {'age_bin': '40-44', 'age_mid': 42.5, 'r2': 0.26047978889803947}, {'age_bin': '45-49', 'age_mid': 47.5, 'r2': 0.16162540939157455}, {'age_bin': '50-54', 'age_mid': 52.5, 'r2': 0.2592714479779341}, {'age_bin': '55-59', 'age_mid': 57.5, 'r2': 0.24453657375002247}, {'age_bin': '60-64', 'age_mid': 62.5, 'r2': 0.15246144689658647}, {'age_bin': '65-69', 'age_mid': 67.5, 'r2': 0.05865027452332372}, {'age_bin': '70-74', 'age_mid': 72.5, 'r2': None}, {'age_bin': '75-79', 'age_mid': 77.5, 'r2': None}, {'age_bin': '80-84', 'age_mid': 82.5, 'r2': None}]"
blood bromodichloromethane,Blood Bromodichloromethane (ng/mL),0.7447417576114957,0.6966393355889406,0.7417956021997101,13,0.0011805244272137293,0.00042090452041112456,0.0014541575876288342,0.0002826854501380183,"[{'age_bin': '20-24', 'age_mid': 22.5, 'r2': 0.7309900620107158}, {'age_bin': '25-29', 'age_mid': 27.5, 'r2': 0.7146440134940348}, {'age_bin': '30-34', 'age_mid': 32.5, 'r2': 0.7320083978571214}, {'age_bin': '35-39', 'age_mid': 37.5, 'r2': 0.7591961536265477}, {'age_bin': '40-44', 'age_mid': 42.5, 'r2': 0.7685826301032505}, {'age_bin': '45-49', 'age_mid': 47.5, 'r2': 0.7852744198967283}, {'age_bin': '50-54', 'age_mid': 52.5, 'r2': 0.7625130799813937}, {'age_bin': '55-59', 'age_mid': 57.5, 'r2': 0.7377305291282122}, {'age_bin': '60-64', 'age_mid': 62.5, 'r2': 0.7585477618057748}, {'age_bin': '65-69', 'age_mid': 67.5, 'r2': 0.7763027815336775}, {'age_bin': '70-74', 'age_mid': 72.5, 'r2': 0.7417956021997101}, {'age_bin': '75-79', 'age_mid': 77.5, 'r2': 0.7174180817233361}, {'age_bin': '80-84', 'age_mid': 82.5, 'r2': 0.6966393355889406}]"
blood bromodichloromethane result,Blood Bromodichloromethane Result (pg/mL),0.9193565777230339,0.8569812954509453,0.934202717063585,8,1.7336015911373186,0.4768829248856764,0.0007541236906151022,0.22677668362342493,"[{'age_bin': '20-24', 'age_mid': 22.5, 'r2': 0.893739136284318}, {'age_bin': '25-29', 'age_mid': 27.5, 'r2': 0.9439661517261446}, {'age_bin': '30-34', 'age_mid': 32.5, 'r2': 0.9346027655989888}, {'age_bin': '35-39', 'age_mid': 37.5, 'r2': 0.9387582495503731}, {'age_bin': '40-44', 'age_mid': 42.5, 'r2': 0.8569812954509453}, {'age_bin': '45-49', 'age_mid': 47.5, 'r2': 0.941368638889344}, {'age_bin': '50-54', 'age_mid': 52.5, 'r2': 0.9116337157559765}, {'age_bin': '55-59', 'age_mid': 57.5, 'r2': 0.9338026685281813}, {'age_bin': '60-64', 'age_mid': 62.5, 'r2': None}, {'age_bin': '65-69', 'age_mid': 67.5, 'r2': None}, {'age_bin': '70-74', 'age_mid': 72.5, 'r2': None}, {'age_bin': '75-79', 'age_mid': 77.5, 'r2': None}, {'age_bin': '80-84', 'age_mid': 82.5, 'r2': None}]"
blood bromoform,Blood Bromoform (ng/mL),0.6258986730484793,0.5333106397405158,0.6311356336290763,13,0.0011633570463099696,0.00039367317245745824,0.0019669438986774984,0.00026886685561733283,"[{'age_bin': '20-24', 'age_mid': 22.5, 'r2': 0.6264814048589245}, {'age_bin': '25-29', 'age_mid': 27.5, 'r2': 0.6090585828051283}, {'age_bin': '30-34', 'age_mid': 32.5, 'r2': 0.6373464886051483}, {'age_bin': '35-39', 'age_mid': 37.5, 'r2': 0.6855135988266976}, {'age_bin': '40-44', 'age_mid': 42.5, 'r2': 0.6677526320799174}, {'age_bin': '45-49', 'age_mid': 47.5, 'r2': 0.6592806364812156}, {'age_bin': '50-54', 'age_mid': 52.5, 'r2': 0.6478694975367163}, {'age_bin': '55-59', 'age_mid': 57.5, 'r2': 0.6052542544135244}, {'age_bin': '60-64', 'age_mid': 62.5, 'r2': 0.6011769437618663}, {'age_bin': '65-69', 'age_mid': 67.5, 'r2': 0.5953390462279798}, {'age_bin': '70-74', 'age_mid': 72.5, 'r2': 0.6371633906635208}, {'age_bin': '75-79', 'age_mid': 77.5, 'r2': 0.6311356336290763}, {'age_bin': '80-84', 'age_mid': 82.5, 'r2': 0.5333106397405158}]"
blood bromoform result,Blood Bromoform Result (pg/mL),0.6326728789539816,0.35781239874739335,0.6612067325069171,8,1.2869676494948894,0.4808133275399011,0.020259403048716373,0.5457880487296076,"[{'age_bin': '20-24', 'age_mid': 22.5, 'r2': 0.6768617377359634}, {'age_bin': '25-29', 'age_mid': 27.5, 'r2': 0.5263345010147471}, {'age_bin': '30-34', 'age_mid': 32.5, 'r2': 0.5256731573043227}, {'age_bin': '35-39', 'age_mid': 37.5, 'r2': 0.6455517272778708}, {'age_bin': '40-44', 'age_mid': 42.5, 'r2': 0.7629078966578002}, {'age_bin': '45-49', 'age_mid': 47.5, 'r2': 0.8428409606040308}, {'age_bin': '50-54', 'age_mid': 52.5, 'r2': 0.35781239874739335}, {'age_bin': '55-59', 'age_mid': 57.5, 'r2': 0.7234006522897245}, {'age_bin': '60-64', 'age_mid': 62.5, 'r2': None}, {'age_bin': '65-69', 'age_mid': 67.5, 'r2': None}, {'age_bin': '70-74', 'age_mid': 72.5, 'r2': None}, {'age_bin': '75-79', 'age_mid': 77.5, 'r2': None}, {'age_bin': '80-84', 'age_mid': 82.5, 'r2': None}]"
blood carbon tetrachloride result,Blood Carbon Tetrachloride Result (ng/mL),0.6382196474106033,0.39479263460400693,0.6948996103547032,8,0.001607917390223181,0.0005280591758031615,0.0023126159519218734,0.0008989083402595447,"[{'age_bin': '20-24', 'age_mid': 22.5, 'r2': 0.7549480813814063}, {'age_bin': '25-29', 'age_mid': 27.5, 'r2': 0.39479263460400693}, {'age_bin': '30-34', 'age_mid': 32.5, 'r2': 0.740039923630358}, {'age_bin': '35-39', 'age_mid': 37.5, 'r2': 0.7828946116747044}, {'age_bin': '40-44', 'age_mid': 42.5, 'r2': 0.7300709197598404}, {'age_bin': '45-49', 'age_mid': 47.5, 'r2': 0.659728300949566}, {'age_bin': '50-54', 'age_mid': 52.5, 'r2': 0.5174089576060432}, {'age_bin': '55-59', 'age_mid': 57.5, 'r2': 0.5258737496789014}, {'age_bin': '60-64', 'age_mid': 62.5, 'r2': None}, {'age_bin': '65-69', 'age_mid': 67.5, 'r2': None}, {'age_bin': '70-74', 'age_mid': 72.5, 'r2': None}, {'age_bin': '75-79', 'age_mid': 77.5, 'r2': None}, {'age_bin': '80-84', 'age_mid': 82.5, 'r2': None}]"
blood chloroform,Blood Chloroform (ng/mL),0.878640785468387,0.8221612571345059,0.8804928784650248,13,0.005245455651041338,0.001685202662393246,0.00092312985035512,0.0016489066677695635,"[{'age_bin': '20-24', 'age_mid': 22.5, 'r2': 0.8865373914661326}, {'age_bin': '25-29', 'age_mid': 27.5, 'r2': 0.9278343922748455}, {'age_bin': '30-34', 'age_mid': 32.5, 'r2': 0.9029031770230054}, {'age_bin': '35-39', 'age_mid': 37.5, 'r2': 0.8804928784650248}, {'age_bin': '40-44', 'age_mid': 42.5, 'r2': 0.8838265187240602}, {'age_bin': '45-49', 'age_mid': 47.5, 'r2': 0.8737321176379631}, {'age_bin': '50-54', 'age_mid': 52.5, 'r2': 0.8807654438227531}, {'age_bin': '55-59', 'age_mid': 57.5, 'r2': 0.8651563344552002}, {'age_bin': '60-64', 'age_mid': 62.5, 'r2': 0.8735678923901086}, {'age_bin': '65-69', 'age_mid': 67.5, 'r2': 0.8804926425220747}, {'age_bin': '70-74', 'age_mid': 72.5, 'r2': 0.8580561398401387}, {'age_bin': '75-79', 'age_mid': 77.5, 'r2': 0.8868040253332188}, {'age_bin': '80-84', 'age_mid': 82.5, 'r2': 0.8221612571345059}]"
blood chloroform result,Blood Chloroform Result (pg/mL),0.9277419657816302,0.8991715877870599,0.9274782912247872,8,9.92877448318292,1.8656439923180828,1.105479027641993,2.855197397039757,"[{'age_bin': '20-24', 'age_mid': 22.5, 'r2': 0.9339635748218724}, {'age_bin': '25-29', 'age_mid': 27.5, 'r2': 0.9567548523509921}, {'age_bin': '30-34', 'age_mid': 32.5, 'r2': 0.9351946686024775}, {'age_bin': '35-39', 'age_mid': 37.5, 'r2': 0.9193380204179147}, {'age_bin': '40-44', 'age_mid': 42.5, 'r2': 0.9042275464375137}, {'age_bin': '45-49', 'age_mid': 47.5, 'r2': 0.9522924682075085}, {'age_bin': '50-54', 'age_mid': 52.5, 'r2': 0.9209930076277021}, {'age_bin': '55-59', 'age_mid': 57.5, 'r2': 0.8991715877870599}, {'age_bin': '60-64', 'age_mid': 62.5, 'r2': None}, {'age_bin': '65-69', 'age_mid': 67.5, 'r2': None}, {'age_bin': '70-74', 'age_mid': 72.5, 'r2': None}, {'age_bin': '75-79', 'age_mid': 77.5, 'r2': None}, {'age_bin': '80-84', 'age_mid': 82.5, 'r2': None}]"
blood cyclohexane,Blood Cyclohexane (ng/mL),0.6982286012787232,0.565349774434008,0.704105691198199,13,2.3795751851177177e-05,8.705125656542265e-06,0.013982986347817809,9.844871893983145e-06,"[{'age_bin': '20-24', 'age_mid': 22.5, 'r2': 0.7456432448399428}, {'age_bin': '25-29', 'age_mid': 27.5, 'r2': 0.745319751368362}, {'age_bin': '30-34', 'age_mid': 32.5, 'r2': 0.7435639599832418}, {'age_bin': '35-39', 'age_mid': 37.5, 'r2': 0.7398218936675987}, {'age_bin': '40-44', 'age_mid': 42.5, 'r2': 0.7300212097545722}, {'age_bin': '45-49', 'age_mid': 47.5, 'r2': 0.7169268247602942}, {'age_bin': '50-54', 'age_mid': 52.5, 'r2': 0.704105691198199}, {'age_bin': '55-59', 'age_mid': 57.5, 'r2': 0.7004705677384756}, {'age_bin': '60-64', 'age_mid': 62.5, 'r2': 0.6817305441878445}, {'age_bin': '65-69', 'age_mid': 67.5, 'r2': 0.6818749505948429}, {'age_bin': '70-74', 'age_mid': 72.5, 'r2': 0.6633933354869211}, {'age_bin': '75-79', 'age_mid': 77.5, 'r2': 0.6587500686091006}, {'age_bin': '80-84', 'age_mid': 82.5, 'r2': 0.565349774434008}]"
blood dibromochloromethane,Blood Dibromochloromethane (ng/mL),0.7329010763132692,0.6598290158980762,0.7412585088430477,13,0.0009618839715586489,0.00034432398946950427,0.0012924154876230826,0.0001819157924563689,"[{'age_bin': '20-24', 'age_mid': 22.5, 'r2': 0.7298879315851196}, {'age_bin': '25-29', 'age_mid': 27.5, 'r2': 0.6921691670159282}, {'age_bin': '30-34', 'age_mid': 32.5, 'r2': 0.7334456537760069}, {'age_bin': '35-39', 'age_mid': 37.5, 'r2': 0.7536763448627755}, {'age_bin': '40-44', 'age_mid': 42.5, 'r2': 0.7509559261636123}, {'age_bin': '45-49', 'age_mid': 47.5, 'r2': 0.7758278585571806}, {'age_bin': '50-54', 'age_mid': 52.5, 'r2': 0.757741536928628}, {'age_bin': '55-59', 'age_mid': 57.5, 'r2': 0.7412585088430477}, {'age_bin': '60-64', 'age_mid': 62.5, 'r2': 0.740390558671749}, {'age_bin': '65-69', 'age_mid': 67.5, 'r2': 0.7418440582841237}, {'age_bin': '70-74', 'age_mid': 72.5, 'r2': 0.7461326427723204}, {'age_bin': '75-79', 'age_mid': 77.5, 'r2': 0.7045547887139312}, {'age_bin': '80-84', 'age_mid': 82.5, 'r2': 0.6598290158980762}]"
blood dibromochloromethane result,Blood Dibromochloromethane Result (pg/mL),0.7819739721422105,0.705403870152495,0.805514470923482,8,1.1325192956849621,0.37038828128760987,-0.27782424698584474,0.14768282159231316,"[{'age_bin': '20-24', 'age_mid': 22.5, 'r2': 0.8091738911617266}, {'age_bin': '25-29', 'age_mid': 27.5, 'r2': 0.8020395105231745}, {'age_bin': '30-34', 'age_mid': 32.5, 'r2': 0.8089894313237898}, {'age_bin': '35-39', 'age_mid': 37.5, 'r2': 0.8328922551173252}, {'age_bin': '40-44', 'age_mid': 42.5, 'r2': 0.705403870152495}, {'age_bin': '45-49', 'age_mid': 47.5, 'r2': 0.8237388073279419}, {'age_bin': '50-54', 'age_mid': 52.5, 'r2': 0.7496071594660725}, {'age_bin': '55-59', 'age_mid': 57.5, 'r2': 0.7239468520651586}, {'age_bin': '60-64', 'age_mid': 62.5, 'r2': None}, {'age_bin': '65-69', 'age_mid': 67.5, 'r2': None}, {'age_bin': '70-74', 'age_mid': 72.5, 'r2': None}, {'age_bin': '75-79', 'age_mid': 77.5, 'r2': None}, {'age_bin': '80-84', 'age_mid': 82.5, 'r2': None}]"
blood ethyl acetate,Blood Ethyl Acetate (ng/mL),0.49429470926178437,0.36902452925141505,0.5112162287630136,13,5.881977980426163e-05,2.2027628177637092e-05,0.11179042815258093,1.6515038381794484e-05,"[{'age_bin': '20-24', 'age_mid': 22.5, 'r2': 0.547657133609634}, {'age_bin': '25-29', 'age_mid': 27.5, 'r2': 0.44165577766012054}, {'age_bin': '30-34', 'age_mid': 32.5, 'r2': 0.5327587005411405}, {'age_bin': '35-39', 'age_mid': 37.5, 'r2': 0.5335577103867423}, {'age_bin': '40-44', 'age_mid': 42.5, 'r2': 0.5618137219733729}, {'age_bin': '45-49', 'age_mid': 47.5, 'r2': 0.5556660275491174}, {'age_bin': '50-54', 'age_mid': 52.5, 'r2': 0.5444802307038812}, {'age_bin': '55-59', 'age_mid': 57.5, 'r2': 0.5112162287630136}, {'age_bin': '60-64', 'age_mid': 62.5, 'r2': 0.4613474995951553}, {'age_bin': '65-69', 'age_mid': 67.5, 'r2': 0.47211062440077545}, {'age_bin': '70-74', 'age_mid': 72.5, 'r2': 0.4723974157199351}, {'age_bin': '75-79', 'age_mid': 77.5, 'r2': 0.42214562024889324}, {'age_bin': '80-84', 'age_mid': 82.5, 'r2': 0.36902452925141505}]"
blood ethylbenzene,Blood Ethylbenzene (ng/mL),0.7270792488856948,0.548509257682211,0.7500609718584121,13,0.015002353034849432,0.006525890527606159,0.002345532806391012,0.004110786804620797,"[{'age_bin': '20-24', 'age_mid': 22.5, 'r2': 0.8135317023000908}, {'age_bin': '25-29', 'age_mid': 27.5, 'r2': 0.7794319477835212}, {'age_bin': '30-34', 'age_mid': 32.5, 'r2': 0.7951507039315282}, {'age_bin': '35-39', 'age_mid': 37.5, 'r2': 0.7695586709270044}, {'age_bin': '40-44', 'age_mid': 42.5, 'r2': 0.7669657065334855}, {'age_bin': '45-49', 'age_mid': 47.5, 'r2': 0.7500609718584121}, {'age_bin': '50-54', 'age_mid': 52.5, 'r2': 0.7749201783247722}, {'age_bin': '55-59', 'age_mid': 57.5, 'r2': 0.7480764974161261}, {'age_bin': '60-64', 'age_mid': 62.5, 'r2': 0.704529753945493}, {'age_bin': '65-69', 'age_mid': 67.5, 'r2': 0.6898175113421686}, {'age_bin': '70-74', 'age_mid': 72.5, 'r2': 0.6733471063821277}, {'age_bin': '75-79', 'age_mid': 77.5, 'r2': 0.638130227087093}, {'age_bin': '80-84', 'age_mid': 82.5, 'r2': 0.548509257682211}]"
blood ethylbenzene result,Blood Ethylbenzene Result (ng/mL),0.9432043626136266,0.8747772525427016,0.9572387193497827,8,0.01647466702043279,0.003071821431024707,0.011635437871631342,0.00300218777561409,"[{'age_bin': '20-24', 'age_mid': 22.5, 'r2': 0.9833549603223899}, {'age_bin': '25-29', 'age_mid': 27.5, 'r2': 0.9897339713696918}, {'age_bin': '30-34', 'age_mid': 32.5, 'r2': 0.9551741864946022}, {'age_bin': '35-39', 'age_mid': 37.5, 'r2': 0.8898218881020377}, {'age_bin': '40-44', 'age_mid': 42.5, 'r2': 0.8747772525427016}, {'age_bin': '45-49', 'age_mid': 47.5, 'r2': 0.9217052001672078}, {'age_bin': '50-54', 'age_mid': 52.5, 'r2': 0.9593032522049633}, {'age_bin': '55-59', 'age_mid': 57.5, 'r2': 0.9717641897054192}, {'age_bin': '60-64', 'age_mid': 62.5, 'r2': None}, {'age_bin': '65-69', 'age_mid': 67.5, 'r2': None}, {'age_bin': '70-74', 'age_mid': 72.5, 'r2': None}, {'age_bin': '75-79', 'age_mid': 77.5, 'r2': None}, {'age_bin': '80-84', 'age_mid': 82.5, 'r2': None}]"
blood furan,Blood Furan (ng/mL),0.4540175827264111,0.12781812024276507,0.5179243095888713,13,0.007655485590342174,0.004105701942387012,0.00940680704601153,0.0038974886011057014,"[{'age_bin': '20-24', 'age_mid': 22.5, 'r2': 0.4931955501395675}, {'age_bin': '25-29', 'age_mid': 27.5, 'r2': 0.5378582263425755}, {'age_bin': '30-34', 'age_mid': 32.5, 'r2': 0.5735851277613745}, {'age_bin': '35-39', 'age_mid': 37.5, 'r2': 0.5384730041516115}, {'age_bin': '40-44', 'age_mid': 42.5, 'r2': 0.5179243095888713}, {'age_bin': '45-49', 'age_mid': 47.5, 'r2': 0.5207511055191473}, {'age_bin': '50-54', 'age_mid': 52.5, 'r2': 0.575756515836759}, {'age_bin': '55-59', 'age_mid': 57.5, 'r2': 0.5472391430975555}, {'age_bin': '60-64', 'age_mid': 62.5, 'r2': 0.46403703953582787}, {'age_bin': '65-69', 'age_mid': 67.5, 'r2': 0.4019360909363655}, {'age_bin': '70-74', 'age_mid': 72.5, 'r2': 0.36016062720500186}, {'age_bin': '75-79', 'age_mid': 77.5, 'r2': 0.24349371508592}, {'age_bin': '80-84', 'age_mid': 82.5, 'r2': 0.12781812024276507}]"
blood heptane,Blood Heptane (ng/mL),0.535389900052867,0.38509477110017076,0.5564386519457696,13,6.297155874229531e-05,2.377562056719203e-05,0.07077274872538378,1.6941232038533976e-05,"[{'age_bin': '20-24', 'age_mid': 22.5, 'r2': 0.6067684564215285}, {'age_bin': '25-29', 'age_mid': 27.5, 'r2': 0.5123879238008168}, {'age_bin': '30-34', 'age_mid': 32.5, 'r2': 0.5887958991638005}, {'age_bin': '35-39', 'age_mid': 37.5, 'r2': 0.5880345176903705}, {'age_bin': '40-44', 'age_mid': 42.5, 'r2': 0.608311429510517}, {'age_bin': '45-49', 'age_mid': 47.5, 'r2': 0.59001980588868}, {'age_bin': '50-54', 'age_mid': 52.5, 'r2': 0.5636498984508764}, {'age_bin': '55-59', 'age_mid': 57.5, 'r2': 0.5564386519457696}, {'age_bin': '60-64', 'age_mid': 62.5, 'r2': 0.5110305986248842}, {'age_bin': '65-69', 'age_mid': 67.5, 'r2': 0.5079635622557529}, {'age_bin': '70-74', 'age_mid': 72.5, 'r2': 0.49561815300157874}, {'age_bin': '75-79', 'age_mid': 77.5, 'r2': 0.4459550328325247}, {'age_bin': '80-84', 'age_mid': 82.5, 'r2': 0.38509477110017076}]"
blood hexane,Blood Hexane (ng/mL),0.4076107506461039,0.2544690604604084,0.4187988497035974,13,4.8206572691469706e-05,1.3272720280054336e-05,0.08612270239269366,2.594677573807126e-05,"[{'age_bin': '20-24', 'age_mid': 22.5, 'r2': 0.2544690604604084}, {'age_bin': '25-29', 'age_mid': 27.5, 'r2': 0.4038092115358688}, {'age_bin': '30-34', 'age_mid': 32.5, 'r2': 0.37546801981956546}, {'age_bin': '35-39', 'age_mid': 37.5, 'r2': 0.41893671887155803}, {'age_bin': '40-44', 'age_mid': 42.5, 'r2': 0.3739571900846872}, {'age_bin': '45-49', 'age_mid': 47.5, 'r2': 0.4103966109608701}, {'age_bin': '50-54', 'age_mid': 52.5, 'r2': 0.4527528277441183}, {'age_bin': '55-59', 'age_mid': 57.5, 'r2': 0.445353502631883}, {'age_bin': '60-64', 'age_mid': 62.5, 'r2': 0.4198502604354375}, {'age_bin': '65-69', 'age_mid': 67.5, 'r2': 0.4058590827447519}, {'age_bin': '70-74', 'age_mid': 72.5, 'r2': 0.4189894684059169}, {'age_bin': '75-79', 'age_mid': 77.5, 'r2': 0.4187988497035974}, {'age_bin': '80-84', 'age_mid': 82.5, 'r2': 0.5002989550006878}]"
blood isobutyronitrile,Blood Isobutyronitrile (ng/mL),0.2786559775666057,0.056503633037809586,0.30358864385751,12,0.0027909120038576572,0.0016671965096632516,0.02454432225837157,0.001891760424973088,"[{'age_bin': '20-24', 'age_mid': 22.5, 'r2': 0.11236583066716077}, {'age_bin': '25-29', 'age_mid': 27.5, 'r2': 0.25335888214376445}, {'age_bin': '30-34', 'age_mid': 32.5, 'r2': 0.33791747853998344}, {'age_bin': '35-39', 'age_mid': 37.5, 'r2': 0.3751032449587678}, {'age_bin': '40-44', 'age_mid': 42.5, 'r2': 0.3140144109475175}, {'age_bin': '45-49', 'age_mid': 47.5, 'r2': 0.30994931310002105}, {'age_bin': '50-54', 'age_mid': 52.5, 'r2': 0.3894894236246398}, {'age_bin': '55-59', 'age_mid': 57.5, 'r2': 0.3461047310431018}, {'age_bin': '60-64', 'age_mid': 62.5, 'r2': 0.28522219708969043}, {'age_bin': '65-69', 'age_mid': 67.5, 'r2': 0.26661461103181283}, {'age_bin': '70-74', 'age_mid': 72.5, 'r2': 0.29722797461499895}, {'age_bin': '75-79', 'age_mid': 77.5, 'r2': 0.056503633037809586}, {'age_bin': '80-84', 'age_mid': 82.5, 'r2': None}]"
blood isopropylbenzene,Blood Isopropylbenzene (ng/mL),,,,0,,,,,"[{'age_bin': '20-24', 'age_mid': 22.5, 'r2': None}, {'age_bin': '25-29', 'age_mid': 27.5, 'r2': None}, {'age_bin': '30-34', 'age_mid': 32.5, 'r2': None}, {'age_bin': '35-39', 'age_mid': 37.5, 'r2': None}, {'age_bin': '40-44', 'age_mid': 42.5, 'r2': None}, {'age_bin': '45-49', 'age_mid': 47.5, 'r2': None}, {'age_bin': '50-54', 'age_mid': 52.5, 'r2': None}, {'age_bin': '55-59', 'age_mid': 57.5, 'r2': None}, {'age_bin': '60-64', 'age_mid': 62.5, 'r2': None}, {'age_bin': '65-69', 'age_mid': 67.5, 'r2': None}, {'age_bin': '70-74', 'age_mid': 72.5, 'r2': None}, {'age_bin': '75-79', 'age_mid': 77.5, 'r2': None}, {'age_bin': '80-84', 'age_mid': 82.5, 'r2': None}]"
blood mtbe,Blood MTBE (pg/mL),0.5411273935057287,0.43814986780455045,0.5465344757669341,13,6.586257683769443,3.3922239667929754,-6.520716043295606,3.037639134303884,"[{'age_bin': '20-24', 'age_mid': 22.5, 'r2': 0.6431325379366839}, {'age_bin': '25-29', 'age_mid': 27.5, 'r2': 0.603482141697188}, {'age_bin': '30-34', 'age_mid': 32.5, 'r2': 0.5465344757669341}, {'age_bin': '35-39', 'age_mid': 37.5, 'r2': 0.43814986780455045}, {'age_bin': '40-44', 'age_mid': 42.5, 'r2': 0.5561708518264123}, {'age_bin': '45-49', 'age_mid': 47.5, 'r2': 0.49071709600814895}, {'age_bin': '50-54', 'age_mid': 52.5, 'r2': 0.5405014303838207}, {'age_bin': '55-59', 'age_mid': 57.5, 'r2': 0.5579581027196854}, {'age_bin': '60-64', 'age_mid': 62.5, 'r2': 0.4977665002366938}, {'age_bin': '65-69', 'age_mid': 67.5, 'r2': 0.6176675970007068}, {'age_bin': '70-74', 'age_mid': 72.5, 'r2': 0.6275430215578915}, {'age_bin': '75-79', 'age_mid': 77.5, 'r2': 0.46757546858863275}, {'age_bin': '80-84', 'age_mid': 82.5, 'r2': 0.4474570240471244}]"
blood methyl isobutyl ketone,Blood Methyl Isobutyl Ketone (ng/mL),0.10299733911804643,0.10299733911804643,0.10299733911804643,1,0.00046425115868985254,0.0,0.06922625540991661,0.0,"[{'age_bin': '20-24', 'age_mid': 22.5, 'r2': None}, {'age_bin': '25-29', 'age_mid': 27.5, 'r2': None}, {'age_bin': '30-34', 'age_mid': 32.5, 'r2': None}, {'age_bin': '35-39', 'age_mid': 37.5, 'r2': None}, {'age_bin': '40-44', 'age_mid': 42.5, 'r2': None}, {'age_bin': '45-49', 'age_mid': 47.5, 'r2': None}, {'age_bin': '50-54', 'age_mid': 52.5, 'r2': None}, {'age_bin': '55-59', 'age_mid': 57.5, 'r2': None}, {'age_bin': '60-64', 'age_mid': 62.5, 'r2': None}, {'age_bin': '65-69', 'age_mid': 67.5, 'r2': None}, {'age_bin': '70-74', 'age_mid': 72.5, 'r2': None}, {'age_bin': '75-79', 'age_mid': 77.5, 'r2': None}, {'age_bin': '80-84', 'age_mid': 82.5, 'r2': 0.10299733911804643}]"
blood methyl t-butyl ether mtbe result,Blood Methyl t-Butyl Ether (MTBE) Result (pg/mL),0.8688118148732213,0.786296927121803,0.8757564004151668,8,30.11346333141666,6.960450215279491,-12.47633449755179,2.7455437234925406,"[{'age_bin': '20-24', 'age_mid': 22.5, 'r2': 0.8770658645047356}, {'age_bin': '25-29', 'age_mid': 27.5, 'r2': 0.8157452341376727}, {'age_bin': '30-34', 'age_mid': 32.5, 'r2': 0.786296927121803}, {'age_bin': '35-39', 'age_mid': 37.5, 'r2': 0.9132098196636891}, {'age_bin': '40-44', 'age_mid': 42.5, 'r2': 0.874446936325598}, {'age_bin': '45-49', 'age_mid': 47.5, 'r2': 0.8300457093057794}, {'age_bin': '50-54', 'age_mid': 52.5, 'r2': 0.9127981408775494}, {'age_bin': '55-59', 'age_mid': 57.5, 'r2': 0.940885887048944}, {'age_bin': '60-64', 'age_mid': 62.5, 'r2': None}, {'age_bin': '65-69', 'age_mid': 67.5, 'r2': None}, {'age_bin': '70-74', 'age_mid': 72.5, 'r2': None}, {'age_bin': '75-79', 'age_mid': 77.5, 'r2': None}, {'age_bin': '80-84', 'age_mid': 82.5, 'r2': None}]"
blood methyl-tert-butyl ether mtbe,Blood Methyl-tert-butyl ether (MTBE) (ng/mL),0.6159761710021704,0.531551835058607,0.6190292935721164,13,0.21471678659794957,0.08840635607202327,-0.21860813415954888,0.06648811101193702,"[{'age_bin': '20-24', 'age_mid': 22.5, 'r2': 0.7266228261885392}, {'age_bin': '25-29', 'age_mid': 27.5, 'r2': 0.6929428657197176}, {'age_bin': '30-34', 'age_mid': 32.5, 'r2': 0.6674532800910863}, {'age_bin': '35-39', 'age_mid': 37.5, 'r2': 0.677748837748982}, {'age_bin': '40-44', 'age_mid': 42.5, 'r2': 0.6319549333582233}, {'age_bin': '45-49', 'age_mid': 47.5, 'r2': 0.6398794601587096}, {'age_bin': '50-54', 'age_mid': 52.5, 'r2': 0.6190292935721164}, {'age_bin': '55-59', 'age_mid': 57.5, 'r2': 0.5573257885994377}, {'age_bin': '60-64', 'age_mid': 62.5, 'r2': 0.5769659993376122}, {'age_bin': '65-69', 'age_mid': 67.5, 'r2': 0.531551835058607}, {'age_bin': '70-74', 'age_mid': 72.5, 'r2': 0.5721618473092347}, {'age_bin': '75-79', 'age_mid': 77.5, 'r2': 0.5813994470785825}, {'age_bin': '80-84', 'age_mid': 82.5, 'r2': 0.5326538088073658}]"
blood methylcyclopentane,Blood Methylcyclopentane (ng/mL),0.6901943105595323,0.5490855162446662,0.697067804307619,13,2.315976832631258e-05,8.626808445895965e-06,0.013981741681200265,8.590602941816799e-06,"[{'age_bin': '20-24', 'age_mid': 22.5, 'r2': 0.7609528518654965}, {'age_bin': '25-29', 'age_mid': 27.5, 'r2': 0.7341611670323519}, {'age_bin': '30-34', 'age_mid': 32.5, 'r2': 0.73988160389522}, {'age_bin': '35-39', 'age_mid': 37.5, 'r2': 0.7295004420723228}, {'age_bin': '40-44', 'age_mid': 42.5, 'r2': 0.7260502456457598}, {'age_bin': '45-49', 'age_mid': 47.5, 'r2': 0.7097102873742867}, {'age_bin': '50-54', 'age_mid': 52.5, 'r2': 0.697067804307619}, {'age_bin': '55-59', 'age_mid': 57.5, 'r2': 0.6944032426653002}, {'age_bin': '60-64', 'age_mid': 62.5, 'r2': 0.6631306179924119}, {'age_bin': '65-69', 'age_mid': 67.5, 'r2': 0.6700308818403224}, {'age_bin': '70-74', 'age_mid': 72.5, 'r2': 0.6557780737596868}, {'age_bin': '75-79', 'age_mid': 77.5, 'r2': 0.6427733025784754}, {'age_bin': '80-84', 'age_mid': 82.5, 'r2': 0.5490855162446662}]"
blood nitromethane,Blood Nitromethane (pg/mL),0.9651376111866534,0.9230317462879253,0.9729829454668864,13,136.52506177236083,19.217325686819336,417.27564510627457,90.8897878053798,"[{'age_bin': '20-24', 'age_mid': 22.5, 'r2': 0.9530462833611291}, {'age_bin': '25-29', 'age_mid': 27.5, 'r2': 0.970318946809312}, {'age_bin': '30-34', 'age_mid': 32.5, 'r2': 0.9737954467567285}, {'age_bin': '35-39', 'age_mid': 37.5, 'r2': 0.9729829454668864}, {'age_bin': '40-44', 'age_mid': 42.5, 'r2': 0.975954038944664}, {'age_bin': '45-49', 'age_mid': 47.5, 'r2': 0.9827496733459191}, {'age_bin': '50-54', 'age_mid': 52.5, 'r2': 0.9820588576379679}, {'age_bin': '55-59', 'age_mid': 57.5, 'r2': 0.973330271428563}, {'age_bin': '60-64', 'age_mid': 62.5, 'r2': 0.9831779452388463}, {'age_bin': '65-69', 'age_mid': 67.5, 'r2': 0.9378029268573478}, {'age_bin': '70-74', 'age_mid': 72.5, 'r2': 0.9682994071988523}, {'age_bin': '75-79', 'age_mid': 77.5, 'r2': 0.9502404560923525}, {'age_bin': '80-84', 'age_mid': 82.5, 'r2': 0.9230317462879253}]"
blood octane,Blood Octane (ng/mL),0.616248817113773,0.44307968586143187,0.6540187680505961,13,7.032442845378383e-05,2.7376004137931443e-05,0.07073454657299696,2.3181325920442707e-05,"[{'age_bin': '20-24', 'age_mid': 22.5, 'r2': 0.7150790404903861}, {'age_bin': '25-29', 'age_mid': 27.5, 'r2': 0.679672462402}, {'age_bin': '30-34', 'age_mid': 32.5, 'r2': 0.7113643487395724}, {'age_bin': '35-39', 'age_mid': 37.5, 'r2': 0.701471198541347}, {'age_bin': '40-44', 'age_mid': 42.5, 'r2': 0.6924278910429206}, {'age_bin': '45-49', 'age_mid': 47.5, 'r2': 0.6750981243542887}, {'age_bin': '50-54', 'age_mid': 52.5, 'r2': 0.6540187680505961}, {'age_bin': '55-59', 'age_mid': 57.5, 'r2': 0.5956465433032607}, {'age_bin': '60-64', 'age_mid': 62.5, 'r2': 0.5446134489224861}, {'age_bin': '65-69', 'age_mid': 67.5, 'r2': 0.5513460107036162}, {'age_bin': '70-74', 'age_mid': 72.5, 'r2': 0.5387291662271061}, {'age_bin': '75-79', 'age_mid': 77.5, 'r2': 0.508687933840037}, {'age_bin': '80-84', 'age_mid': 82.5, 'r2': 0.44307968586143187}]"
blood styrene,Blood Styrene (ng/mL),0.7564844550301857,0.5269238259952977,0.7727996859829538,13,0.015772784718028253,0.00745591755762546,0.007026372752856423,0.004563119058422394,"[{'age_bin': '20-24', 'age_mid': 22.5, 'r2': 0.9149531237670288}, {'age_bin': '25-29', 'age_mid': 27.5, 'r2': 0.8220425015878127}, {'age_bin': '30-34', 'age_mid': 32.5, 'r2': 0.8299971458687936}, {'age_bin': '35-39', 'age_mid': 37.5, 'r2': 0.8173702435045465}, {'age_bin': '40-44', 'age_mid': 42.5, 'r2': 0.8095684245264259}, {'age_bin': '45-49', 'age_mid': 47.5, 'r2': 0.7230671080596811}, {'age_bin': '50-54', 'age_mid': 52.5, 'r2': 0.8104545117415405}, {'age_bin': '55-59', 'age_mid': 57.5, 'r2': 0.7549576531067939}, {'age_bin': '60-64', 'age_mid': 62.5, 'r2': 0.7727996859829538}, {'age_bin': '65-69', 'age_mid': 67.5, 'r2': 0.7112008700595429}, {'age_bin': '70-74', 'age_mid': 72.5, 'r2': 0.6557731134598641}, {'age_bin': '75-79', 'age_mid': 77.5, 'r2': 0.6851897077321341}, {'age_bin': '80-84', 'age_mid': 82.5, 'r2': 0.5269238259952977}]"
blood styrene result,Blood Styrene Result (ng/mL),0.8511602907892993,0.7734263825425673,0.8495715429079396,8,0.021905929666367063,0.004097961434683066,0.00788408830475507,0.0041352764482383095,"[{'age_bin': '20-24', 'age_mid': 22.5, 'r2': 0.8949436118285222}, {'age_bin': '25-29', 'age_mid': 27.5, 'r2': 0.9067876175185441}, {'age_bin': '30-34', 'age_mid': 32.5, 'r2': 0.8518331798960478}, {'age_bin': '35-39', 'age_mid': 37.5, 'r2': 0.7734263825425673}, {'age_bin': '40-44', 'age_mid': 42.5, 'r2': 0.8420221010378266}, {'age_bin': '45-49', 'age_mid': 47.5, 'r2': 0.8473099059198314}, {'age_bin': '50-54', 'age_mid': 52.5, 'r2': 0.8787990758369393}, {'age_bin': '55-59', 'age_mid': 57.5, 'r2': 0.8141604517341162}, {'age_bin': '60-64', 'age_mid': 62.5, 'r2': None}, {'age_bin': '65-69', 'age_mid': 67.5, 'r2': None}, {'age_bin': '70-74', 'age_mid': 72.5, 'r2': None}, {'age_bin': '75-79', 'age_mid': 77.5, 'r2': None}, {'age_bin': '80-84', 'age_mid': 82.5, 'r2': None}]"
blood tetrachloroethene,Blood Tetrachloroethene (ng/mL),0.27357529598086255,0.17895620640318655,0.271908631598898,13,0.003514071241393401,0.0013598410013190702,0.02902273904304902,0.0022259537765274714,"[{'age_bin': '20-24', 'age_mid': 22.5, 'r2': 0.2122249802420042}, {'age_bin': '25-29', 'age_mid': 27.5, 'r2': 0.26708299890803533}, {'age_bin': '30-34', 'age_mid': 32.5, 'r2': 0.2568941134680186}, {'age_bin': '35-39', 'age_mid': 37.5, 'r2': 0.271908631598898}, {'age_bin': '40-44', 'age_mid': 42.5, 'r2': 0.3323481398749737}, {'age_bin': '45-49', 'age_mid': 47.5, 'r2': 0.3230662423274685}, {'age_bin': '50-54', 'age_mid': 52.5, 'r2': 0.2899435664108714}, {'age_bin': '55-59', 'age_mid': 57.5, 'r2': 0.2840792276516282}, {'age_bin': '60-64', 'age_mid': 62.5, 'r2': 0.2696715549149108}, {'age_bin': '65-69', 'age_mid': 67.5, 'r2': 0.33191903460150174}, {'age_bin': '70-74', 'age_mid': 72.5, 'r2': 0.28278265377130585}, {'age_bin': '75-79', 'age_mid': 77.5, 'r2': 0.25560149757841044}, {'age_bin': '80-84', 'age_mid': 82.5, 'r2': 0.17895620640318655}]"
blood tetrachloroethene result,Blood Tetrachloroethene Result (ng/mL),0.496390412647208,0.3811233372989612,0.4725862073761938,8,0.012931632084340113,0.0032534644361071475,0.022479952539407815,0.003432941021514577,"[{'age_bin': '20-24', 'age_mid': 22.5, 'r2': 0.46351445810192704}, {'age_bin': '25-29', 'age_mid': 27.5, 'r2': 0.3811233372989612}, {'age_bin': '30-34', 'age_mid': 32.5, 'r2': 0.4732998573178302}, {'age_bin': '35-39', 'age_mid': 37.5, 'r2': 0.44961719464469074}, {'age_bin': '40-44', 'age_mid': 42.5, 'r2': 0.47187255743455736}, {'age_bin': '45-49', 'age_mid': 47.5, 'r2': 0.5013248168501723}, {'age_bin': '50-54', 'age_mid': 52.5, 'r2': 0.5868019692443969}, {'age_bin': '55-59', 'age_mid': 57.5, 'r2': 0.6435691102851283}, {'age_bin': '60-64', 'age_mid': 62.5, 'r2': None}, {'age_bin': '65-69', 'age_mid': 67.5, 'r2': None}, {'age_bin': '70-74', 'age_mid': 72.5, 'r2': None}, {'age_bin': '75-79', 'age_mid': 77.5, 'r2': None}, {'age_bin': '80-84', 'age_mid': 82.5, 'r2': None}]"
blood tetrahydrofuran,Blood Tetrahydrofuran (ng/mL),0.5340696051481971,0.3701787102413008,0.544613448922488,13,8.152671249626403e-05,2.3029476413647996e-05,0.08808983668213043,4.489596986223126e-05,"[{'age_bin': '20-24', 'age_mid': 22.5, 'r2': 0.3701787102413008}, {'age_bin': '25-29', 'age_mid': 27.5, 'r2': 0.574195480073433}, {'age_bin': '30-34', 'age_mid': 32.5, 'r2': 0.5174307185506045}, {'age_bin': '35-39', 'age_mid': 37.5, 'r2': 0.5614961276016257}, {'age_bin': '40-44', 'age_mid': 42.5, 'r2': 0.4925880124513996}, {'age_bin': '45-49', 'age_mid': 47.5, 'r2': 0.5572973320113933}, {'age_bin': '50-54', 'age_mid': 52.5, 'r2': 0.566938433840077}, {'age_bin': '55-59', 'age_mid': 57.5, 'r2': 0.5345662355089449}, {'age_bin': '60-64', 'age_mid': 62.5, 'r2': 0.544613448922488}, {'age_bin': '65-69', 'age_mid': 67.5, 'r2': 0.530249041911633}, {'age_bin': '70-74', 'age_mid': 72.5, 'r2': 0.5073418921919561}, {'age_bin': '75-79', 'age_mid': 77.5, 'r2': 0.5743126706666392}, {'age_bin': '80-84', 'age_mid': 82.5, 'r2': 0.6116967629550683}]"
blood toluene,Blood Toluene (ng/mL),0.8085628035773452,0.7006529152113663,0.8152908373431559,13,0.10336706538544665,0.0425760634662652,-0.047281656803413265,0.03127379624539832,"[{'age_bin': '20-24', 'age_mid': 22.5, 'r2': 0.8731218022129581}, {'age_bin': '25-29', 'age_mid': 27.5, 'r2': 0.8298358569229489}, {'age_bin': '30-34', 'age_mid': 32.5, 'r2': 0.8445493317534585}, {'age_bin': '35-39', 'age_mid': 37.5, 'r2': 0.8294068168110988}, {'age_bin': '40-44', 'age_mid': 42.5, 'r2': 0.8152908373431559}, {'age_bin': '45-49', 'age_mid': 47.5, 'r2': 0.8063458587390373}, {'age_bin': '50-54', 'age_mid': 52.5, 'r2': 0.8268957685957306}, {'age_bin': '55-59', 'age_mid': 57.5, 'r2': 0.7864216917171751}, {'age_bin': '60-64', 'age_mid': 62.5, 'r2': 0.7599781371112626}, {'age_bin': '65-69', 'age_mid': 67.5, 'r2': 0.7803979213934054}, {'age_bin': '70-74', 'age_mid': 72.5, 'r2': 0.7006529152113663}, {'age_bin': '75-79', 'age_mid': 77.5, 'r2': 0.8535131442830409}, {'age_bin': '80-84', 'age_mid': 82.5, 'r2': 0.804906364410851}]"
blood toluene result,Blood Toluene Result (ng/mL),0.9003038536005343,0.8347353452618815,0.8881934221267467,8,0.11658914995218579,0.019460600993348804,-0.010351537866566611,0.029749948222282573,"[{'age_bin': '20-24', 'age_mid': 22.5, 'r2': 0.9614545099856512}, {'age_bin': '25-29', 'age_mid': 27.5, 'r2': 0.9565426360020245}, {'age_bin': '30-34', 'age_mid': 32.5, 'r2': 0.9611083352787654}, {'age_bin': '35-39', 'age_mid': 37.5, 'r2': 0.8381856289551919}, {'age_bin': '40-44', 'age_mid': 42.5, 'r2': 0.8347353452618815}, {'age_bin': '45-49', 'age_mid': 47.5, 'r2': 0.8836286220633478}, {'age_bin': '50-54', 'age_mid': 52.5, 'r2': 0.8927582221901454}, {'age_bin': '55-59', 'age_mid': 57.5, 'r2': 0.8740175290672673}, {'age_bin': '60-64', 'age_mid': 62.5, 'r2': None}, {'age_bin': '65-69', 'age_mid': 67.5, 'r2': None}, {'age_bin': '70-74', 'age_mid': 72.5, 'r2': None}, {'age_bin': '75-79', 'age_mid': 77.5, 'r2': None}, {'age_bin': '80-84', 'age_mid': 82.5, 'r2': None}]"
blood trichloroethene,Blood Trichloroethene (ng/mL),0.6082259292635206,0.4065704985236974,0.6153185273097332,13,0.0001101881389933413,2.3407835368680766e-05,0.008032859837561456,0.00011482325143161622,"[{'age_bin': '20-24', 'age_mid': 22.5, 'r2': 0.4065704985236974}, {'age_bin': '25-29', 'age_mid': 27.5, 'r2': 0.5123879238008139}, {'age_bin': '30-34', 'age_mid': 32.5, 'r2': 0.5174307185506015}, {'age_bin': '35-39', 'age_mid': 37.5, 'r2': 0.5335577103867437}, {'age_bin': '40-44', 'age_mid': 42.5, 'r2': 0.574185376919832}, {'age_bin': '45-49', 'age_mid': 47.5, 'r2': 0.6005774822414961}, {'age_bin': '50-54', 'age_mid': 52.5, 'r2': 0.6153185273097332}, {'age_bin': '55-59', 'age_mid': 57.5, 'r2': 0.6873714600380594}, {'age_bin': '60-64', 'age_mid': 62.5, 'r2': 0.6888337760337357}, {'age_bin': '65-69', 'age_mid': 67.5, 'r2': 0.692117137022285}, {'age_bin': '70-74', 'age_mid': 72.5, 'r2': 0.6907364721052232}, {'age_bin': '75-79', 'age_mid': 77.5, 'r2': 0.6884684580452318}, {'age_bin': '80-84', 'age_mid': 82.5, 'r2': 0.699381539448314}]"
blood trichloroethene result,Blood Trichloroethene Result (ng/mL),0.11861886007236556,0.04718683672756496,0.08277323807775128,8,7.889695121214877e-05,4.4072614156372955e-05,0.00828268034829778,0.00013294830038792534,"[{'age_bin': '20-24', 'age_mid': 22.5, 'r2': 0.04718683672756496}, {'age_bin': '25-29', 'age_mid': 27.5, 'r2': 0.06352017636828}, {'age_bin': '30-34', 'age_mid': 32.5, 'r2': 0.04727240051292059}, {'age_bin': '35-39', 'age_mid': 37.5, 'r2': 0.13434530766353392}, {'age_bin': '40-44', 'age_mid': 42.5, 'r2': 0.18607444979238874}, {'age_bin': '45-49', 'age_mid': 47.5, 'r2': 0.07723448540815225}, {'age_bin': '50-54', 'age_mid': 52.5, 'r2': 0.0883119907473503}, {'age_bin': '55-59', 'age_mid': 57.5, 'r2': 0.30500523335873375}, {'age_bin': '60-64', 'age_mid': 62.5, 'r2': None}, {'age_bin': '65-69', 'age_mid': 67.5, 'r2': None}, {'age_bin': '70-74', 'age_mid': 72.5, 'r2': None}, {'age_bin': '75-79', 'age_mid': 77.5, 'r2': None}, {'age_bin': '80-84', 'age_mid': 82.5, 'r2': None}]"
blood cadmium,Blood cadmium (ug/L),0.906860843604892,0.8722128436917916,0.9034546237786868,13,0.18610267531679192,0.06262819645908901,0.05476313547216956,0.019086627262560354,"[{'age_bin': '20-24', 'age_mid': 22.5, 'r2': 0.8906024444965747}, {'age_bin': '25-29', 'age_mid': 27.5, 'r2': 0.8761539843308084}, {'age_bin': '30-34', 'age_mid': 32.5, 'r2': 0.879774239368144}, {'age_bin': '35-39', 'age_mid': 37.5, 'r2': 0.8821312813889026}, {'age_bin': '40-44', 'age_mid': 42.5, 'r2': 0.8722128436917916}, {'age_bin': '45-49', 'age_mid': 47.5, 'r2': 0.9074505486964628}, {'age_bin': '50-54', 'age_mid': 52.5, 'r2': 0.9126587127994104}, {'age_bin': '55-59', 'age_mid': 57.5, 'r2': 0.9034546237786868}, {'age_bin': '60-64', 'age_mid': 62.5, 'r2': 0.8994851525505252}, {'age_bin': '65-69', 'age_mid': 67.5, 'r2': 0.9198694133717279}, {'age_bin': '70-74', 'age_mid': 72.5, 'r2': 0.9329652989650209}, {'age_bin': '75-79', 'age_mid': 77.5, 'r2': 0.937448492357151}, {'age_bin': '80-84', 'age_mid': 82.5, 'r2': 0.9749839310683908}]"
blood lead,Blood lead (ug/dL),0.9522173632509292,0.9265487077862405,0.9523759196885753,13,0.4757693901970551,0.08385798424164662,0.3458172578580585,0.06646652940914231,"[{'age_bin': '20-24', 'age_mid': 22.5, 'r2': 0.9265487077862405}, {'age_bin': '25-29', 'age_mid': 27.5, 'r2': 0.9373367659535664}, {'age_bin': '30-34', 'age_mid': 32.5, 'r2': 0.9423111432222221}, {'age_bin': '35-39', 'age_mid': 37.5, 'r2': 0.9649038382042429}, {'age_bin': '40-44', 'age_mid': 42.5, 'r2': 0.9392954641868492}, {'age_bin': '45-49', 'age_mid': 47.5, 'r2': 0.9379911582803963}, {'age_bin': '50-54', 'age_mid': 52.5, 'r2': 0.9653998035650138}, {'age_bin': '55-59', 'age_mid': 57.5, 'r2': 0.9724596086199723}, {'age_bin': '60-64', 'age_mid': 62.5, 'r2': 0.955014438132248}, {'age_bin': '65-69', 'age_mid': 67.5, 'r2': 0.9523759196885753}, {'age_bin': '70-74', 'age_mid': 72.5, 'r2': 0.9565816152687727}, {'age_bin': '75-79', 'age_mid': 77.5, 'r2': 0.9780039659841803}, {'age_bin': '80-84', 'age_mid': 82.5, 'r2': 0.9506032933698003}]"
blood m-/p-xylene,Blood m-/p-Xylene (ng/mL),0.8871094363098749,0.8525668929769414,0.8818709791353804,13,0.04648803926486437,0.01766773839763247,-0.007071676521808102,0.012540078554050626,"[{'age_bin': '20-24', 'age_mid': 22.5, 'r2': 0.9518829151018916}, {'age_bin': '25-29', 'age_mid': 27.5, 'r2': 0.9158871588352684}, {'age_bin': '30-34', 'age_mid': 32.5, 'r2': 0.9147737266933279}, {'age_bin': '35-39', 'age_mid': 37.5, 'r2': 0.9031718953338767}, {'age_bin': '40-44', 'age_mid': 42.5, 'r2': 0.902354190717927}, {'age_bin': '45-49', 'age_mid': 47.5, 'r2': 0.8818709791353804}, {'age_bin': '50-54', 'age_mid': 52.5, 'r2': 0.8727675835279121}, {'age_bin': '55-59', 'age_mid': 57.5, 'r2': 0.8840097117748649}, {'age_bin': '60-64', 'age_mid': 62.5, 'r2': 0.8531525288221955}, {'age_bin': '65-69', 'age_mid': 67.5, 'r2': 0.8730761856054625}, {'age_bin': '70-74', 'age_mid': 72.5, 'r2': 0.8525668929769414}, {'age_bin': '75-79', 'age_mid': 77.5, 'r2': 0.8659554430994989}, {'age_bin': '80-84', 'age_mid': 82.5, 'r2': 0.8609534604038281}]"
blood m-/p-xylene result,Blood m-/p-Xylene Result (ng/mL),0.9330812947749989,0.8875739936261042,0.9419242351464767,8,0.06995168592486424,0.007538081860038887,0.0555805373204967,0.009438022157462053,"[{'age_bin': '20-24', 'age_mid': 22.5, 'r2': 0.9447021829340282}, {'age_bin': '25-29', 'age_mid': 27.5, 'r2': 0.9579834159336715}, {'age_bin': '30-34', 'age_mid': 32.5, 'r2': 0.9395260343353748}, {'age_bin': '35-39', 'age_mid': 37.5, 'r2': 0.902585594599445}, {'age_bin': '40-44', 'age_mid': 42.5, 'r2': 0.9264791929399048}, {'age_bin': '45-49', 'age_mid': 47.5, 'r2': 0.9443224359575786}, {'age_bin': '50-54', 'age_mid': 52.5, 'r2': 0.8875739936261042}, {'age_bin': '55-59', 'age_mid': 57.5, 'r2': 0.9614775078738846}, {'age_bin': '60-64', 'age_mid': 62.5, 'r2': None}, {'age_bin': '65-69', 'age_mid': 67.5, 'r2': None}, {'age_bin': '70-74', 'age_mid': 72.5, 'r2': None}, {'age_bin': '75-79', 'age_mid': 77.5, 'r2': None}, {'age_bin': '80-84', 'age_mid': 82.5, 'r2': None}]"
blood manganese,Blood manganese (ug/L),0.985527801206927,0.9567279910233709,0.9893554794810865,13,1.6464605216692014,0.5635408224759698,6.180555601123875,0.8447549257644548,"[{'age_bin': '20-24', 'age_mid': 22.5, 'r2': 0.9567279910233709}, {'age_bin': '25-29', 'age_mid': 27.5, 'r2': 0.9648935887709362}, {'age_bin': '30-34', 'age_mid': 32.5, 'r2': 0.9731621827125939}, {'age_bin': '35-39', 'age_mid': 37.5, 'r2': 0.9839625704520795}, {'age_bin': '40-44', 'age_mid': 42.5, 'r2': 0.9858401695578756}, {'age_bin': '45-49', 'age_mid': 47.5, 'r2': 0.9877660515568529}, {'age_bin': '50-54', 'age_mid': 52.5, 'r2': 0.9893554794810865}, {'age_bin': '55-59', 'age_mid': 57.5, 'r2': 0.9950628602486008}, {'age_bin': '60-64', 'age_mid': 62.5, 'r2': 0.9968121085252146}, {'age_bin': '65-69', 'age_mid': 67.5, 'r2': 0.9963237056117833}, {'age_bin': '70-74', 'age_mid': 72.5, 'r2': 0.995708247489907}, {'age_bin': '75-79', 'age_mid': 77.5, 'r2': 0.9963673389881612}, {'age_bin': '80-84', 'age_mid': 82.5, 'r2': 0.9898791212715885}]"
blood mercury total,"Blood mercury, total (ug/L)",0.8514315619602544,0.7994807440839737,0.8568642677045886,13,0.6067724344607274,0.16812893014032598,-0.24262861735774552,0.20200652413034825,"[{'age_bin': '20-24', 'age_mid': 22.5, 'r2': 0.8791590598124773}, {'age_bin': '25-29', 'age_mid': 27.5, 'r2': 0.8653866602977962}, {'age_bin': '30-34', 'age_mid': 32.5, 'r2': 0.8568642677045886}, {'age_bin': '35-39', 'age_mid': 37.5, 'r2': 0.8629026843348634}, {'age_bin': '40-44', 'age_mid': 42.5, 'r2': 0.8412760984730239}, {'age_bin': '45-49', 'age_mid': 47.5, 'r2': 0.7994807440839737}, {'age_bin': '50-54', 'age_mid': 52.5, 'r2': 0.8532294169067598}, {'age_bin': '55-59', 'age_mid': 57.5, 'r2': 0.8443920736430761}, {'age_bin': '60-64', 'age_mid': 62.5, 'r2': 0.8214316361958056}, {'age_bin': '65-69', 'age_mid': 67.5, 'r2': 0.857531155219625}, {'age_bin': '70-74', 'age_mid': 72.5, 'r2': 0.8667928004920731}, {'age_bin': '75-79', 'age_mid': 77.5, 'r2': 0.8541907696024319}, {'age_bin': '80-84', 'age_mid': 82.5, 'r2': 0.865972938716812}]"
blood o-xylene,Blood o-Xylene (ng/mL),0.7721410913036253,0.6306397108698268,0.7892683983552107,13,0.008633027172125114,0.0031359579963528075,0.008452266605798769,0.0023165530179551723,"[{'age_bin': '20-24', 'age_mid': 22.5, 'r2': 0.8225930505937333}, {'age_bin': '25-29', 'age_mid': 27.5, 'r2': 0.7892683983552107}, {'age_bin': '30-34', 'age_mid': 32.5, 'r2': 0.8031204896057615}, {'age_bin': '35-39', 'age_mid': 37.5, 'r2': 0.8085096410618854}, {'age_bin': '40-44', 'age_mid': 42.5, 'r2': 0.8160462407611235}, {'age_bin': '45-49', 'age_mid': 47.5, 'r2': 0.7728613380650882}, {'age_bin': '50-54', 'age_mid': 52.5, 'r2': 0.7936665647525485}, {'age_bin': '55-59', 'age_mid': 57.5, 'r2': 0.8088844657286992}, {'age_bin': '60-64', 'age_mid': 62.5, 'r2': 0.7673484615383157}, {'age_bin': '65-69', 'age_mid': 67.5, 'r2': 0.774676182175761}, {'age_bin': '70-74', 'age_mid': 72.5, 'r2': 0.7361150715675406}, {'age_bin': '75-79', 'age_mid': 77.5, 'r2': 0.7141045718716328}, {'age_bin': '80-84', 'age_mid': 82.5, 'r2': 0.6306397108698268}]"
blood o-xylene result,Blood o-Xylene Result (ng/mL),0.798419568205367,0.7636345452153512,0.7987156204972832,8,0.012269774665813298,0.001431490263742375,0.024686368939212,0.002514737614593137,"[{'age_bin': '20-24', 'age_mid': 22.5, 'r2': 0.7703014487921629}, {'age_bin': '25-29', 'age_mid': 27.5, 'r2': 0.7636345452153512}, {'age_bin': '30-34', 'age_mid': 32.5, 'r2': 0.7979075079959945}, {'age_bin': '35-39', 'age_mid': 37.5, 'r2': 0.7859601688157181}, {'age_bin': '40-44', 'age_mid': 42.5, 'r2': 0.8153710563767407}, {'age_bin': '45-49', 'age_mid': 47.5, 'r2': 0.804749281262461}, {'age_bin': '50-54', 'age_mid': 52.5, 'r2': 0.7995237329985719}, {'age_bin': '55-59', 'age_mid': 57.5, 'r2': 0.8499088041859358}, {'age_bin': '60-64', 'age_mid': 62.5, 'r2': None}, {'age_bin': '65-69', 'age_mid': 67.5, 'r2': None}, {'age_bin': '70-74', 'age_mid': 72.5, 'r2': None}, {'age_bin': '75-79', 'age_mid': 77.5, 'r2': None}, {'age_bin': '80-84', 'age_mid': 82.5, 'r2': None}]"
blood selenium,Blood selenium (ug/L),0.9672991361784246,0.9250844170852736,0.9769153158612061,13,11.725321121534838,2.8564573966609785,162.15589481716913,7.659266399707101,"[{'age_bin': '20-24', 'age_mid': 22.5, 'r2': 0.9314303130530648}, {'age_bin': '25-29', 'age_mid': 27.5, 'r2': 0.9250844170852736}, {'age_bin': '30-34', 'age_mid': 32.5, 'r2': 0.9440560703319015}, {'age_bin': '35-39', 'age_mid': 37.5, 'r2': 0.9464240692809596}, {'age_bin': '40-44', 'age_mid': 42.5, 'r2': 0.9701267956378433}, {'age_bin': '45-49', 'age_mid': 47.5, 'r2': 0.9628528905165192}, {'age_bin': '50-54', 'age_mid': 52.5, 'r2': 0.9782638153362235}, {'age_bin': '55-59', 'age_mid': 57.5, 'r2': 0.9769153158612061}, {'age_bin': '60-64', 'age_mid': 62.5, 'r2': 0.9784082731457462}, {'age_bin': '65-69', 'age_mid': 67.5, 'r2': 0.9900123783685981}, {'age_bin': '70-74', 'age_mid': 72.5, 'r2': 0.9955168225846761}, {'age_bin': '75-79', 'age_mid': 77.5, 'r2': 0.9812012798627139}, {'age_bin': '80-84', 'age_mid': 82.5, 'r2': 0.9945963292547911}]"
blood urea nitrogen,Blood urea nitrogen (mg/dL),0.968318042817145,0.9236716370077732,0.9785563241635875,13,2.0550805709728532,0.2845894540494004,8.950480860629007,0.3633002740601374,"[{'age_bin': '20-24', 'age_mid': 22.5, 'r2': 0.9236716370077732}, {'age_bin': '25-29', 'age_mid': 27.5, 'r2': 0.9432360039808095}, {'age_bin': '30-34', 'age_mid': 32.5, 'r2': 0.9404223138147959}, {'age_bin': '35-39', 'age_mid': 37.5, 'r2': 0.9500355566303508}, {'age_bin': '40-44', 'age_mid': 42.5, 'r2': 0.9588291785376701}, {'age_bin': '45-49', 'age_mid': 47.5, 'r2': 0.9689159181371666}, {'age_bin': '50-54', 'age_mid': 52.5, 'r2': 0.9790455972618083}, {'age_bin': '55-59', 'age_mid': 57.5, 'r2': 0.9785563241635875}, {'age_bin': '60-64', 'age_mid': 62.5, 'r2': 0.9862258154437674}, {'age_bin': '65-69', 'age_mid': 67.5, 'r2': 0.9897364227581696}, {'age_bin': '70-74', 'age_mid': 72.5, 'r2': 0.9878888328364446}, {'age_bin': '75-79', 'age_mid': 77.5, 'r2': 0.9946303844847402}, {'age_bin': '80-84', 'age_mid': 82.5, 'r2': 0.9869405715657998}]"
bone alkaline phosphotase,Bone alkaline phosphotase (ug/L),0.9798845143629834,0.9530926158906636,0.9830878473746921,13,2.8383931852305,0.8417747424699564,10.25336991686508,1.1212542582147593,"[{'age_bin': '20-24', 'age_mid': 22.5, 'r2': 0.9530926158906636}, {'age_bin': '25-29', 'age_mid': 27.5, 'r2': 0.9698780952869569}, {'age_bin': '30-34', 'age_mid': 32.5, 'r2': 0.968235299525493}, {'age_bin': '35-39', 'age_mid': 37.5, 'r2': 0.9794718637744172}, {'age_bin': '40-44', 'age_mid': 42.5, 'r2': 0.9830878473746921}, {'age_bin': '45-49', 'age_mid': 47.5, 'r2': 0.9870736968327578}, {'age_bin': '50-54', 'age_mid': 52.5, 'r2': 0.9768209292822264}, {'age_bin': '55-59', 'age_mid': 57.5, 'r2': 0.9830918888975058}, {'age_bin': '60-64', 'age_mid': 62.5, 'r2': 0.9804150960934493}, {'age_bin': '65-69', 'age_mid': 67.5, 'r2': 0.9891558658109737}, {'age_bin': '70-74', 'age_mid': 72.5, 'r2': 0.9883597727036585}, {'age_bin': '75-79', 'age_mid': 77.5, 'r2': 0.9893732784390208}, {'age_bin': '80-84', 'age_mid': 82.5, 'r2': 0.9904424368069695}]"
bromodichloromethane result,Bromodichloromethane Result,0.9256552747211589,0.8323341692452233,0.934726272850418,8,3.7177403361559866,0.801012816036651,-0.8742503621382378,0.848063583767015,"[{'age_bin': '20-24', 'age_mid': 22.5, 'r2': 0.959545289150965}, {'age_bin': '25-29', 'age_mid': 27.5, 'r2': 0.9532784139363215}, {'age_bin': '30-34', 'age_mid': 32.5, 'r2': 0.9908435398716963}, {'age_bin': '35-39', 'age_mid': 37.5, 'r2': 0.9875228368669687}, {'age_bin': '40-44', 'age_mid': 42.5, 'r2': 0.9110912839483482}, {'age_bin': '45-49', 'age_mid': 47.5, 'r2': 0.8323341692452233}, {'age_bin': '50-54', 'age_mid': 52.5, 'r2': 0.9161741317645145}, {'age_bin': '55-59', 'age_mid': 57.5, 'r2': 0.8544525329852343}, {'age_bin': '60-64', 'age_mid': 62.5, 'r2': None}, {'age_bin': '65-69', 'age_mid': 67.5, 'r2': None}, {'age_bin': '70-74', 'age_mid': 72.5, 'r2': None}, {'age_bin': '75-79', 'age_mid': 77.5, 'r2': None}, {'age_bin': '80-84', 'age_mid': 82.5, 'r2': None}]"
bromoform result,Bromoform Result,0.8506874929194221,0.7545950467664183,0.8373497469785103,8,0.9601022235714717,0.3201494749908249,-0.3934824355508835,0.24367896831120728,"[{'age_bin': '20-24', 'age_mid': 22.5, 'r2': 0.8339976288735189}, {'age_bin': '25-29', 'age_mid': 27.5, 'r2': 0.9112980014711937}, {'age_bin': '30-34', 'age_mid': 32.5, 'r2': 0.8288769718972939}, {'age_bin': '35-39', 'age_mid': 37.5, 'r2': 0.8181350987134158}, {'age_bin': '40-44', 'age_mid': 42.5, 'r2': 0.889726349356194}, {'age_bin': '45-49', 'age_mid': 47.5, 'r2': 0.9281689811938413}, {'age_bin': '50-54', 'age_mid': 52.5, 'r2': 0.8407018650835016}, {'age_bin': '55-59', 'age_mid': 57.5, 'r2': 0.7545950467664183}, {'age_bin': '60-64', 'age_mid': 62.5, 'r2': None}, {'age_bin': '65-69', 'age_mid': 67.5, 'r2': None}, {'age_bin': '70-74', 'age_mid': 72.5, 'r2': None}, {'age_bin': '75-79', 'age_mid': 77.5, 'r2': None}, {'age_bin': '80-84', 'age_mid': 82.5, 'r2': None}]"
butyraldehyde,Butyraldehyde (ng/mL),0.9558441503775085,0.9088539397281865,0.9651778617521011,13,0.13234184495219312,0.044954668410052745,0.24169229675836293,0.06120403649354285,"[{'age_bin': '20-24', 'age_mid': 22.5, 'r2': 0.9088539397281865}, {'age_bin': '25-29', 'age_mid': 27.5, 'r2': 0.9429242059059801}, {'age_bin': '30-34', 'age_mid': 32.5, 'r2': 0.9314624747997918}, {'age_bin': '35-39', 'age_mid': 37.5, 'r2': 0.9452002881327034}, {'age_bin': '40-44', 'age_mid': 42.5, 'r2': 0.9784032450751583}, {'age_bin': '45-49', 'age_mid': 47.5, 'r2': 0.9677800562008816}, {'age_bin': '50-54', 'age_mid': 52.5, 'r2': 0.9729731690578504}, {'age_bin': '55-59', 'age_mid': 57.5, 'r2': 0.9864263267305118}, {'age_bin': '60-64', 'age_mid': 62.5, 'r2': 0.9416809149203362}, {'age_bin': '65-69', 'age_mid': 67.5, 'r2': 0.9834553738772329}, {'age_bin': '70-74', 'age_mid': 72.5, 'r2': 0.9778208258067919}, {'age_bin': '75-79', 'age_mid': 77.5, 'r2': 0.9651778617521011}, {'age_bin': '80-84', 'age_mid': 82.5, 'r2': 0.9238152729200845}]"
c-peptide nmol/l in si units,C-peptide (nmol/L) in SI units,0.9829876852358006,0.968314868201684,0.9823799393246502,13,0.17376671056209564,0.037651394525817845,0.40802360075396094,0.040335378538050824,"[{'age_bin': '20-24', 'age_mid': 22.5, 'r2': 0.974056074490129}, {'age_bin': '25-29', 'age_mid': 27.5, 'r2': 0.968314868201684}, {'age_bin': '30-34', 'age_mid': 32.5, 'r2': 0.9703591273561574}, {'age_bin': '35-39', 'age_mid': 37.5, 'r2': 0.9750288163000511}, {'age_bin': '40-44', 'age_mid': 42.5, 'r2': 0.9823799393246502}, {'age_bin': '45-49', 'age_mid': 47.5, 'r2': 0.9933383150550676}, {'age_bin': '50-54', 'age_mid': 52.5, 'r2': 0.9875425624625227}, {'age_bin': '55-59', 'age_mid': 57.5, 'r2': 0.9809690672605588}, {'age_bin': '60-64', 'age_mid': 62.5, 'r2': 0.9907137700846493}, {'age_bin': '65-69', 'age_mid': 67.5, 'r2': 0.9947158614234192}, {'age_bin': '70-74', 'age_mid': 72.5, 'r2': 0.9962276036679102}, {'age_bin': '75-79', 'age_mid': 77.5, 'r2': 0.9813034821719079}, {'age_bin': '80-84', 'age_mid': 82.5, 'r2': 0.9838904202667003}]"
c-peptide,C-peptide (pmol/mL),,,,0,,,,,"[{'age_bin': '20-24', 'age_mid': 22.5, 'r2': None}, {'age_bin': '25-29', 'age_mid': 27.5, 'r2': None}, {'age_bin': '30-34', 'age_mid': 32.5, 'r2': None}, {'age_bin': '35-39', 'age_mid': 37.5, 'r2': None}, {'age_bin': '40-44', 'age_mid': 42.5, 'r2': None}, {'age_bin': '45-49', 'age_mid': 47.5, 'r2': None}, {'age_bin': '50-54', 'age_mid': 52.5, 'r2': None}, {'age_bin': '55-59', 'age_mid': 57.5, 'r2': None}, {'age_bin': '60-64', 'age_mid': 62.5, 'r2': None}, {'age_bin': '65-69', 'age_mid': 67.5, 'r2': None}, {'age_bin': '70-74', 'age_mid': 72.5, 'r2': None}, {'age_bin': '75-79', 'age_mid': 77.5, 'r2': None}, {'age_bin': '80-84', 'age_mid': 82.5, 'r2': None}]"
c-reactive protein,C-reactive protein (mg/dL),0.8615478760786439,0.8045423656278199,0.8637488708952138,13,0.18667592296906196,0.04566636505436064,-0.093444321113311,0.05998352109861404,"[{'age_bin': '20-24', 'age_mid': 22.5, 'r2': 0.8333353075687027}, {'age_bin': '25-29', 'age_mid': 27.5, 'r2': 0.8538590782258466}, {'age_bin': '30-34', 'age_mid': 32.5, 'r2': 0.8566092958440308}, {'age_bin': '35-39', 'age_mid': 37.5, 'r2': 0.8869579838619419}, {'age_bin': '40-44', 'age_mid': 42.5, 'r2': 0.8694121656650953}, {'age_bin': '45-49', 'age_mid': 47.5, 'r2': 0.8879690802023295}, {'age_bin': '50-54', 'age_mid': 52.5, 'r2': 0.8637488708952138}, {'age_bin': '55-59', 'age_mid': 57.5, 'r2': 0.9082310420485761}, {'age_bin': '60-64', 'age_mid': 62.5, 'r2': 0.8680792930421259}, {'age_bin': '65-69', 'age_mid': 67.5, 'r2': 0.8787895120197555}, {'age_bin': '70-74', 'age_mid': 72.5, 'r2': 0.85226253370817}, {'age_bin': '75-79', 'age_mid': 77.5, 'r2': 0.8363258603127623}, {'age_bin': '80-84', 'age_mid': 82.5, 'r2': 0.8045423656278199}]"
cd4 counts,CD4 counts (cells/mm3),,,,0,,,,,"[{'age_bin': '20-24', 'age_mid': 22.5, 'r2': None}, {'age_bin': '25-29', 'age_mid': 27.5, 'r2': None}, {'age_bin': '30-34', 'age_mid': 32.5, 'r2': None}, {'age_bin': '35-39', 'age_mid': 37.5, 'r2': None}, {'age_bin': '40-44', 'age_mid': 42.5, 'r2': None}, {'age_bin': '45-49', 'age_mid': 47.5, 'r2': None}, {'age_bin': '50-54', 'age_mid': 52.5, 'r2': None}, {'age_bin': '55-59', 'age_mid': 57.5, 'r2': None}, {'age_bin': '60-64', 'age_mid': 62.5, 'r2': None}, {'age_bin': '65-69', 'age_mid': 67.5, 'r2': None}, {'age_bin': '70-74', 'age_mid': 72.5, 'r2': None}, {'age_bin': '75-79', 'age_mid': 77.5, 'r2': None}, {'age_bin': '80-84', 'age_mid': 82.5, 'r2': None}]"
cd8 counts,CD8 counts (cells/mm3),,,,0,,,,,"[{'age_bin': '20-24', 'age_mid': 22.5, 'r2': None}, {'age_bin': '25-29', 'age_mid': 27.5, 'r2': None}, {'age_bin': '30-34', 'age_mid': 32.5, 'r2': None}, {'age_bin': '35-39', 'age_mid': 37.5, 'r2': None}, {'age_bin': '40-44', 'age_mid': 42.5, 'r2': None}, {'age_bin': '45-49', 'age_mid': 47.5, 'r2': None}, {'age_bin': '50-54', 'age_mid': 52.5, 'r2': None}, {'age_bin': '55-59', 'age_mid': 57.5, 'r2': None}, {'age_bin': '60-64', 'age_mid': 62.5, 'r2': None}, {'age_bin': '65-69', 'age_mid': 67.5, 'r2': None}, {'age_bin': '70-74', 'age_mid': 72.5, 'r2': None}, {'age_bin': '75-79', 'age_mid': 77.5, 'r2': None}, {'age_bin': '80-84', 'age_mid': 82.5, 'r2': None}]"
cmv optical density from elisa,CMV optical density from ELISA,0.9306916379290349,0.8849075613285072,0.9207354540659096,6,0.7741248012911411,0.08145255242986686,0.39377205025305106,0.08848325690816575,"[{'age_bin': '20-24', 'age_mid': 22.5, 'r2': 0.9727408606147988}, {'age_bin': '25-29', 'age_mid': 27.5, 'r2': 0.9781105578457485}, {'age_bin': '30-34', 'age_mid': 32.5, 'r2': 0.9252843094830702}, {'age_bin': '35-39', 'age_mid': 37.5, 'r2': 0.9161865986487491}, {'age_bin': '40-44', 'age_mid': 42.5, 'r2': 0.9069199396533354}, {'age_bin': '45-49', 'age_mid': 47.5, 'r2': 0.8849075613285072}, {'age_bin': '50-54', 'age_mid': 52.5, 'r2': None}, {'age_bin': '55-59', 'age_mid': 57.5, 'r2': None}, {'age_bin': '60-64', 'age_mid': 62.5, 'r2': None}, {'age_bin': '65-69', 'age_mid': 67.5, 'r2': None}, {'age_bin': '70-74', 'age_mid': 72.5, 'r2': None}, {'age_bin': '75-79', 'age_mid': 77.5, 'r2': None}, {'age_bin': '80-84', 'age_mid': 82.5, 'r2': None}]"
calcium total,"Calcium, total (mg/dL)",0.9416815576650854,0.882887696322471,0.9580625128611071,13,0.19101813624271605,0.04922511481187356,8.965259486057986,0.11867911952950579,"[{'age_bin': '20-24', 'age_mid': 22.5, 'r2': 0.882887696322471}, {'age_bin': '25-29', 'age_mid': 27.5, 'r2': 0.8869137045363866}, {'age_bin': '30-34', 'age_mid': 32.5, 'r2': 0.9100430347340491}, {'age_bin': '35-39', 'age_mid': 37.5, 'r2': 0.921197432520359}, {'age_bin': '40-44', 'age_mid': 42.5, 'r2': 0.9288683767394266}, {'age_bin': '45-49', 'age_mid': 47.5, 'r2': 0.9410002528589064}, {'age_bin': '50-54', 'age_mid': 52.5, 'r2': 0.965216505468928}, {'age_bin': '55-59', 'age_mid': 57.5, 'r2': 0.9653659543197165}, {'age_bin': '60-64', 'age_mid': 62.5, 'r2': 0.9603853930423347}, {'age_bin': '65-69', 'age_mid': 67.5, 'r2': 0.9714944175986118}, {'age_bin': '70-74', 'age_mid': 72.5, 'r2': 0.9780372279054782}, {'age_bin': '75-79', 'age_mid': 77.5, 'r2': 0.9580625128611071}, {'age_bin': '80-84', 'age_mid': 82.5, 'r2': 0.9723877407383367}]"
cancer antigen 125,Cancer antigen 125 (U/mL),0.9523980301909918,0.8821794702174218,0.9590799382275196,13,4.156352804840617,1.7591301849432481,4.240459282503511,2.0355417691107642,"[{'age_bin': '20-24', 'age_mid': 22.5, 'r2': 0.964104720829494}, {'age_bin': '25-29', 'age_mid': 27.5, 'r2': 0.9767168694976816}, {'age_bin': '30-34', 'age_mid': 32.5, 'r2': 0.9590799382275196}, {'age_bin': '35-39', 'age_mid': 37.5, 'r2': 0.9368339980893111}, {'age_bin': '40-44', 'age_mid': 42.5, 'r2': 0.9837454337800176}, {'age_bin': '45-49', 'age_mid': 47.5, 'r2': 0.9695943379672162}, {'age_bin': '50-54', 'age_mid': 52.5, 'r2': 0.9275148073075054}, {'age_bin': '55-59', 'age_mid': 57.5, 'r2': 0.9578320336313857}, {'age_bin': '60-64', 'age_mid': 62.5, 'r2': 0.8821794702174218}, {'age_bin': '65-69', 'age_mid': 67.5, 'r2': 0.9868280472693132}, {'age_bin': '70-74', 'age_mid': 72.5, 'r2': 0.9557626071421437}, {'age_bin': '75-79', 'age_mid': 77.5, 'r2': 0.9672789775325068}, {'age_bin': '80-84', 'age_mid': 82.5, 'r2': 0.9137031509913759}]"
cancer antigen 125 igg index,Cancer antigen 125 IgG index,0.8986634759482754,0.7420420483866887,0.9204741803376976,13,1.1158358871822542,0.45468328722884493,2.490864203535476,0.49458350677208296,"[{'age_bin': '20-24', 'age_mid': 22.5, 'r2': 0.8637139463473542}, {'age_bin': '25-29', 'age_mid': 27.5, 'r2': 0.8215230279918695}, {'age_bin': '30-34', 'age_mid': 32.5, 'r2': 0.9233569178537935}, {'age_bin': '35-39', 'age_mid': 37.5, 'r2': 0.8343727586972316}, {'age_bin': '40-44', 'age_mid': 42.5, 'r2': 0.9204741803376976}, {'age_bin': '45-49', 'age_mid': 47.5, 'r2': 0.8987772809046986}, {'age_bin': '50-54', 'age_mid': 52.5, 'r2': 0.929923886982863}, {'age_bin': '55-59', 'age_mid': 57.5, 'r2': 0.7420420483866887}, {'age_bin': '60-64', 'age_mid': 62.5, 'r2': 0.9075313644361552}, {'age_bin': '65-69', 'age_mid': 67.5, 'r2': 0.9740307467665844}, {'age_bin': '70-74', 'age_mid': 72.5, 'r2': 0.9591841833630604}, {'age_bin': '75-79', 'age_mid': 77.5, 'r2': 0.9549481081868925}, {'age_bin': '80-84', 'age_mid': 82.5, 'r2': 0.9527467370726913}]"
cancer antigen 125 igg luminescent units,Cancer antigen 125 IgG luminescent units,0.7606342186884667,0.5534319807823149,0.7608212001821653,13,1475.6177829554565,706.9673351596167,2294.16151016412,546.8557641919814,"[{'age_bin': '20-24', 'age_mid': 22.5, 'r2': 0.9191478238221871}, {'age_bin': '25-29', 'age_mid': 27.5, 'r2': 0.7870577295457211}, {'age_bin': '30-34', 'age_mid': 32.5, 'r2': 0.7608212001821653}, {'age_bin': '35-39', 'age_mid': 37.5, 'r2': 0.5534319807823149}, {'age_bin': '40-44', 'age_mid': 42.5, 'r2': 0.5727740724375616}, {'age_bin': '45-49', 'age_mid': 47.5, 'r2': 0.8018387671859506}, {'age_bin': '50-54', 'age_mid': 52.5, 'r2': 0.6270082624081706}, {'age_bin': '55-59', 'age_mid': 57.5, 'r2': 0.6861054752297555}, {'age_bin': '60-64', 'age_mid': 62.5, 'r2': 0.9532019365014077}, {'age_bin': '65-69', 'age_mid': 67.5, 'r2': 0.7299195926765766}, {'age_bin': '70-74', 'age_mid': 72.5, 'r2': 0.6982907567457193}, {'age_bin': '75-79', 'age_mid': 77.5, 'r2': 0.8144185454632822}, {'age_bin': '80-84', 'age_mid': 82.5, 'r2': 0.9842286999692561}]"
cancer antigen 15 3,Cancer antigen 15.3 (mU/mL),0.7465790728802504,0.3545846771785832,0.8283986943037114,13,561.0398980995432,404.9753695243305,98.50221098733678,245.41205934794687,"[{'age_bin': '20-24', 'age_mid': 22.5, 'r2': 0.4174906091206575}, {'age_bin': '25-29', 'age_mid': 27.5, 'r2': 0.40617267919663036}, {'age_bin': '30-34', 'age_mid': 32.5, 'r2': 0.3545846771785832}, {'age_bin': '35-39', 'age_mid': 37.5, 'r2': 0.510012655466459}, {'age_bin': '40-44', 'age_mid': 42.5, 'r2': 0.8283986943037114}, {'age_bin': '45-49', 'age_mid': 47.5, 'r2': 0.9875389329800703}, {'age_bin': '50-54', 'age_mid': 52.5, 'r2': 0.9892754016127544}, {'age_bin': '55-59', 'age_mid': 57.5, 'r2': 0.9778485548871074}, {'age_bin': '60-64', 'age_mid': 62.5, 'r2': 0.9291620750978917}, {'age_bin': '65-69', 'age_mid': 67.5, 'r2': 0.7856319352255658}, {'age_bin': '70-74', 'age_mid': 72.5, 'r2': 0.872866962813425}, {'age_bin': '75-79', 'age_mid': 77.5, 'r2': 0.9933105498821504}, {'age_bin': '80-84', 'age_mid': 82.5, 'r2': 0.6532342196782486}]"
cancer antigen 15 3 igg index,Cancer antigen 15.3 IgG index,0.776411912815331,0.5962492422510965,0.7937343298156657,13,4.437891640507716,1.6683717651549062,-0.09434976130644376,2.313926620325434,"[{'age_bin': '20-24', 'age_mid': 22.5, 'r2': 0.839081824575101}, {'age_bin': '25-29', 'age_mid': 27.5, 'r2': 0.8689196147589652}, {'age_bin': '30-34', 'age_mid': 32.5, 'r2': 0.6123857687567827}, {'age_bin': '35-39', 'age_mid': 37.5, 'r2': 0.719008875534908}, {'age_bin': '40-44', 'age_mid': 42.5, 'r2': 0.7623011215314526}, {'age_bin': '45-49', 'age_mid': 47.5, 'r2': 0.8489593963426205}, {'age_bin': '50-54', 'age_mid': 52.5, 'r2': 0.8023612566477736}, {'age_bin': '55-59', 'age_mid': 57.5, 'r2': 0.5962492422510965}, {'age_bin': '60-64', 'age_mid': 62.5, 'r2': 0.7867923029714654}, {'age_bin': '65-69', 'age_mid': 67.5, 'r2': 0.8524395343699936}, {'age_bin': '70-74', 'age_mid': 72.5, 'r2': 0.736602965100317}, {'age_bin': '75-79', 'age_mid': 77.5, 'r2': 0.8745186339431589}, {'age_bin': '80-84', 'age_mid': 82.5, 'r2': 0.7937343298156657}]"
cancer antigen15 3 igg luminescent unit,Cancer antigen15.3 IgG luminescent unit,0.7148234767818258,0.5578564573019812,0.7428958643619465,13,7364.572657122314,2826.2344456695396,-2991.700864775941,2695.8402272888866,"[{'age_bin': '20-24', 'age_mid': 22.5, 'r2': 0.7896531833645296}, {'age_bin': '25-29', 'age_mid': 27.5, 'r2': 0.7764596316733057}, {'age_bin': '30-34', 'age_mid': 32.5, 'r2': 0.5942742436271864}, {'age_bin': '35-39', 'age_mid': 37.5, 'r2': 0.7428958643619465}, {'age_bin': '40-44', 'age_mid': 42.5, 'r2': 0.5680068650098196}, {'age_bin': '45-49', 'age_mid': 47.5, 'r2': 0.7741403713012919}, {'age_bin': '50-54', 'age_mid': 52.5, 'r2': 0.7347645718684812}, {'age_bin': '55-59', 'age_mid': 57.5, 'r2': 0.6246111638936398}, {'age_bin': '60-64', 'age_mid': 62.5, 'r2': 0.8329032265867726}, {'age_bin': '65-69', 'age_mid': 67.5, 'r2': 0.690738597342986}, {'age_bin': '70-74', 'age_mid': 72.5, 'r2': 0.5578564573019812}, {'age_bin': '75-79', 'age_mid': 77.5, 'r2': 0.7577015441421235}, {'age_bin': '80-84', 'age_mid': 82.5, 'r2': 0.8486994776896705}]"
capric acid c10 0,Capric acid (C10:0) (umol/L),0.8247662485197451,0.7051037756105005,0.8253378970681159,13,0.8677475397964804,0.37740946756353444,0.4151648959324126,0.17614447122248011,"[{'age_bin': '20-24', 'age_mid': 22.5, 'r2': 0.8566144530201588}, {'age_bin': '25-29', 'age_mid': 27.5, 'r2': 0.8197083928694403}, {'age_bin': '30-34', 'age_mid': 32.5, 'r2': 0.8253378970681159}, {'age_bin': '35-39', 'age_mid': 37.5, 'r2': 0.8465090386210876}, {'age_bin': '40-44', 'age_mid': 42.5, 'r2': 0.7941538711436784}, {'age_bin': '45-49', 'age_mid': 47.5, 'r2': 0.7932688573064539}, {'age_bin': '50-54', 'age_mid': 52.5, 'r2': 0.7586701640096554}, {'age_bin': '55-59', 'age_mid': 57.5, 'r2': 0.7964897211321226}, {'age_bin': '60-64', 'age_mid': 62.5, 'r2': 0.8596039393426171}, {'age_bin': '65-69', 'age_mid': 67.5, 'r2': 0.7051037756105005}, {'age_bin': '70-74', 'age_mid': 72.5, 'r2': 0.8572963553085018}, {'age_bin': '75-79', 'age_mid': 77.5, 'r2': 0.8937151342543382}, {'age_bin': '80-84', 'age_mid': 82.5, 'r2': 0.9154896310700169}]"
carbon tetrachloride result,Carbon Tetrachloride Result,0.8689121703494931,0.8464869330353454,0.8689121703494931,2,0.005607700527512024,0.0015369533124021872,0.004490943365130138,0.001255489598963568,"[{'age_bin': '20-24', 'age_mid': 22.5, 'r2': 0.8464869330353454}, {'age_bin': '25-29', 'age_mid': 27.5, 'r2': None}, {'age_bin': '30-34', 'age_mid': 32.5, 'r2': None}, {'age_bin': '35-39', 'age_mid': 37.5, 'r2': None}, {'age_bin': '40-44', 'age_mid': 42.5, 'r2': 0.8913374076636408}, {'age_bin': '45-49', 'age_mid': 47.5, 'r2': None}, {'age_bin': '50-54', 'age_mid': 52.5, 'r2': None}, {'age_bin': '55-59', 'age_mid': 57.5, 'r2': None}, {'age_bin': '60-64', 'age_mid': 62.5, 'r2': None}, {'age_bin': '65-69', 'age_mid': 67.5, 'r2': None}, {'age_bin': '70-74', 'age_mid': 72.5, 'r2': None}, {'age_bin': '75-79', 'age_mid': 77.5, 'r2': None}, {'age_bin': '80-84', 'age_mid': 82.5, 'r2': None}]"
cardiac hs-troponin i abbott,Cardiac hs-Troponin I (Abbott) (ng/L),0.8916549740171175,0.8114844204913415,0.8862913404135218,13,0.8236374226361622,0.17505531806337615,0.47959816324919546,0.2924698868932999,"[{'age_bin': '20-24', 'age_mid': 22.5, 'r2': 0.9319366929968506}, {'age_bin': '25-29', 'age_mid': 27.5, 'r2': 0.9384109591569615}, {'age_bin': '30-34', 'age_mid': 32.5, 'r2': 0.9517852333313362}, {'age_bin': '35-39', 'age_mid': 37.5, 'r2': 0.9503547667459087}, {'age_bin': '40-44', 'age_mid': 42.5, 'r2': 0.8971191415565283}, {'age_bin': '45-49', 'age_mid': 47.5, 'r2': 0.8436465441202191}, {'age_bin': '50-54', 'age_mid': 52.5, 'r2': 0.865919749814641}, {'age_bin': '55-59', 'age_mid': 57.5, 'r2': 0.8500124641542132}, {'age_bin': '60-64', 'age_mid': 62.5, 'r2': 0.8114844204913415}, {'age_bin': '65-69', 'age_mid': 67.5, 'r2': 0.8510563320049976}, {'age_bin': '70-74', 'age_mid': 72.5, 'r2': 0.9275008994414493}, {'age_bin': '75-79', 'age_mid': 77.5, 'r2': 0.8862913404135218}, {'age_bin': '80-84', 'age_mid': 82.5, 'r2': 0.8859961179945586}]"
cardiac hs-troponin i ortho,Cardiac hs-Troponin I (Ortho) (ng/L),0.9161650459020904,0.8512297098577007,0.9208150289700264,13,0.33765976021515964,0.11829688226217294,-0.1742758238198541,0.18354859996898693,"[{'age_bin': '20-24', 'age_mid': 22.5, 'r2': 0.9296893976507442}, {'age_bin': '25-29', 'age_mid': 27.5, 'r2': 0.9660357483329902}, {'age_bin': '30-34', 'age_mid': 32.5, 'r2': 0.9615863364997018}, {'age_bin': '35-39', 'age_mid': 37.5, 'r2': 0.9035761503196719}, {'age_bin': '40-44', 'age_mid': 42.5, 'r2': 0.9200545731860043}, {'age_bin': '45-49', 'age_mid': 47.5, 'r2': 0.8900782675751717}, {'age_bin': '50-54', 'age_mid': 52.5, 'r2': 0.8512297098577007}, {'age_bin': '55-59', 'age_mid': 57.5, 'r2': 0.9364928422900267}, {'age_bin': '60-64', 'age_mid': 62.5, 'r2': 0.9320520722634592}, {'age_bin': '65-69', 'age_mid': 67.5, 'r2': 0.8576984370887524}, {'age_bin': '70-74', 'age_mid': 72.5, 'r2': 0.9420447045379838}, {'age_bin': '75-79', 'age_mid': 77.5, 'r2': 0.9208150289700264}, {'age_bin': '80-84', 'age_mid': 82.5, 'r2': 0.8987923281549425}]"
cardiac hs-troponin i siemens,Cardiac hs-Troponin I (Siemens) (ng/L),0.7795496034547071,0.6557404145230381,0.7795713529415008,13,2.1313122013954167,0.5835439623013567,-0.8947098488353047,1.4932038813908102,"[{'age_bin': '20-24', 'age_mid': 22.5, 'r2': 0.7987746286507138}, {'age_bin': '25-29', 'age_mid': 27.5, 'r2': 0.8785257697702809}, {'age_bin': '30-34', 'age_mid': 32.5, 'r2': 0.9116344298178466}, {'age_bin': '35-39', 'age_mid': 37.5, 'r2': 0.8924063049925043}, {'age_bin': '40-44', 'age_mid': 42.5, 'r2': 0.7683420806949697}, {'age_bin': '45-49', 'age_mid': 47.5, 'r2': 0.7795713529415008}, {'age_bin': '50-54', 'age_mid': 52.5, 'r2': 0.6557404145230381}, {'age_bin': '55-59', 'age_mid': 57.5, 'r2': 0.7097199197613432}, {'age_bin': '60-64', 'age_mid': 62.5, 'r2': 0.8106178257176825}, {'age_bin': '65-69', 'age_mid': 67.5, 'r2': 0.6689923733295121}, {'age_bin': '70-74', 'age_mid': 72.5, 'r2': 0.7885806385839}, {'age_bin': '75-79', 'age_mid': 77.5, 'r2': 0.7631753742527616}, {'age_bin': '80-84', 'age_mid': 82.5, 'r2': 0.7080637318751417}]"
cardiac hs-troponin t,Cardiac hs-Troponin T (ng/L),0.9476525211139949,0.8472159267549448,0.9516903450559865,13,1.3451855080049326,0.2202188921787822,2.7894757302114543,0.8442359959442661,"[{'age_bin': '20-24', 'age_mid': 22.5, 'r2': 0.9359494311750833}, {'age_bin': '25-29', 'age_mid': 27.5, 'r2': 0.9331521641237502}, {'age_bin': '30-34', 'age_mid': 32.5, 'r2': 0.9740954053059154}, {'age_bin': '35-39', 'age_mid': 37.5, 'r2': 0.9537578982660875}, {'age_bin': '40-44', 'age_mid': 42.5, 'r2': 0.9691448598818563}, {'age_bin': '45-49', 'age_mid': 47.5, 'r2': 0.9707915570278057}, {'age_bin': '50-54', 'age_mid': 52.5, 'r2': 0.9267079940301335}, {'age_bin': '55-59', 'age_mid': 57.5, 'r2': 0.9418154833866471}, {'age_bin': '60-64', 'age_mid': 62.5, 'r2': 0.9516903450559865}, {'age_bin': '65-69', 'age_mid': 67.5, 'r2': 0.9507200748663999}, {'age_bin': '70-74', 'age_mid': 72.5, 'r2': 0.9841030546445907}, {'age_bin': '75-79', 'age_mid': 77.5, 'r2': 0.9803385799627344}, {'age_bin': '80-84', 'age_mid': 82.5, 'r2': 0.8472159267549448}]"
chlamydia pgp3 eia optical density,Chlamydia Pgp3 EIA Optical Density,0.8171171481759145,0.8055385281563516,0.8169164329691072,4,0.6372111945947996,0.06893740322417027,-0.3165618307603136,0.0308137081159952,"[{'age_bin': '20-24', 'age_mid': 22.5, 'r2': 0.8290971986090925}, {'age_bin': '25-29', 'age_mid': 27.5, 'r2': 0.8055385281563516}, {'age_bin': '30-34', 'age_mid': 32.5, 'r2': 0.8089927489999985}, {'age_bin': '35-39', 'age_mid': 37.5, 'r2': 0.8248401169382158}, {'age_bin': '40-44', 'age_mid': 42.5, 'r2': None}, {'age_bin': '45-49', 'age_mid': 47.5, 'r2': None}, {'age_bin': '50-54', 'age_mid': 52.5, 'r2': None}, {'age_bin': '55-59', 'age_mid': 57.5, 'r2': None}, {'age_bin': '60-64', 'age_mid': 62.5, 'r2': None}, {'age_bin': '65-69', 'age_mid': 67.5, 'r2': None}, {'age_bin': '70-74', 'age_mid': 72.5, 'r2': None}, {'age_bin': '75-79', 'age_mid': 77.5, 'r2': None}, {'age_bin': '80-84', 'age_mid': 82.5, 'r2': None}]"
chlamydia ppg3 mba medium fluorescence intensity,Chlamydia Ppg3 MBA medium fluorescence intensity,0.7343666855556112,0.6879607659368221,0.7391470530191122,4,10653.003789559767,1307.1228145056973,-5611.653067739846,367.2446932817745,"[{'age_bin': '20-24', 'age_mid': 22.5, 'r2': 0.7621467873413456}, {'age_bin': '25-29', 'age_mid': 27.5, 'r2': 0.7161473186968789}, {'age_bin': '30-34', 'age_mid': 32.5, 'r2': 0.6879607659368221}, {'age_bin': '35-39', 'age_mid': 37.5, 'r2': 0.7712118702473987}, {'age_bin': '40-44', 'age_mid': 42.5, 'r2': None}, {'age_bin': '45-49', 'age_mid': 47.5, 'r2': None}, {'age_bin': '50-54', 'age_mid': 52.5, 'r2': None}, {'age_bin': '55-59', 'age_mid': 57.5, 'r2': None}, {'age_bin': '60-64', 'age_mid': 62.5, 'r2': None}, {'age_bin': '65-69', 'age_mid': 67.5, 'r2': None}, {'age_bin': '70-74', 'age_mid': 72.5, 'r2': None}, {'age_bin': '75-79', 'age_mid': 77.5, 'r2': None}, {'age_bin': '80-84', 'age_mid': 82.5, 'r2': None}]"
chloride,Chloride (mmol/L),0.9210373637545126,0.8635478489656194,0.9286334092540905,13,1.433102306419669,0.31820655839821177,99.69540691987649,1.23154857327772,"[{'age_bin': '20-24', 'age_mid': 22.5, 'r2': 0.8635478489656194}, {'age_bin': '25-29', 'age_mid': 27.5, 'r2': 0.888250456874053}, {'age_bin': '30-34', 'age_mid': 32.5, 'r2': 0.9020424050443745}, {'age_bin': '35-39', 'age_mid': 37.5, 'r2': 0.9025400663144312}, {'age_bin': '40-44', 'age_mid': 42.5, 'r2': 0.9139136013361999}, {'age_bin': '45-49', 'age_mid': 47.5, 'r2': 0.9286334092540905}, {'age_bin': '50-54', 'age_mid': 52.5, 'r2': 0.9345116998938885}, {'age_bin': '55-59', 'age_mid': 57.5, 'r2': 0.9439363416603163}, {'age_bin': '60-64', 'age_mid': 62.5, 'r2': 0.9330305241149477}, {'age_bin': '65-69', 'age_mid': 67.5, 'r2': 0.950502138490202}, {'age_bin': '70-74', 'age_mid': 72.5, 'r2': 0.9241790107041815}, {'age_bin': '75-79', 'age_mid': 77.5, 'r2': 0.9414008673618426}, {'age_bin': '80-84', 'age_mid': 82.5, 'r2': 0.9469973587945154}]"
chloride si,Chloride: SI (mmol/L),0.9187877794949018,0.8513690393532392,0.926730045701396,13,1.2970341189534018,0.2858496221516294,99.77496148201459,1.1465910158776282,"[{'age_bin': '20-24', 'age_mid': 22.5, 'r2': 0.8513690393532392}, {'age_bin': '25-29', 'age_mid': 27.5, 'r2': 0.8633348228921816}, {'age_bin': '30-34', 'age_mid': 32.5, 'r2': 0.8873619511195017}, {'age_bin': '35-39', 'age_mid': 37.5, 'r2': 0.9356691934179804}, {'age_bin': '40-44', 'age_mid': 42.5, 'r2': 0.924105777112446}, {'age_bin': '45-49', 'age_mid': 47.5, 'r2': 0.9530718872930058}, {'age_bin': '50-54', 'age_mid': 52.5, 'r2': 0.9460854688889547}, {'age_bin': '55-59', 'age_mid': 57.5, 'r2': 0.957944159837389}, {'age_bin': '60-64', 'age_mid': 62.5, 'r2': 0.9694770107214887}, {'age_bin': '65-69', 'age_mid': 67.5, 'r2': 0.926730045701396}, {'age_bin': '70-74', 'age_mid': 72.5, 'r2': 0.895364051101231}, {'age_bin': '75-79', 'age_mid': 77.5, 'r2': 0.887213444802719}, {'age_bin': '80-84', 'age_mid': 82.5, 'r2': 0.9465142811921912}]"
chloroform,Chloroform (ug/cubic meter),0.8855297833348961,0.7846097646083996,0.901320382805586,8,1.3410300710833698,0.7384755516062042,-0.03634698972048073,0.2306773911501185,"[{'age_bin': '20-24', 'age_mid': 22.5, 'r2': 0.8749849196064783}, {'age_bin': '25-29', 'age_mid': 27.5, 'r2': 0.8981156430267421}, {'age_bin': '30-34', 'age_mid': 32.5, 'r2': 0.9171105092854609}, {'age_bin': '35-39', 'age_mid': 37.5, 'r2': 0.8484183702426937}, {'age_bin': '40-44', 'age_mid': 42.5, 'r2': 0.9298922608337783}, {'age_bin': '45-49', 'age_mid': 47.5, 'r2': 0.7846097646083996}, {'age_bin': '50-54', 'age_mid': 52.5, 'r2': 0.9265816764911854}, {'age_bin': '55-59', 'age_mid': 57.5, 'r2': 0.9045251225844299}, {'age_bin': '60-64', 'age_mid': 62.5, 'r2': None}, {'age_bin': '65-69', 'age_mid': 67.5, 'r2': None}, {'age_bin': '70-74', 'age_mid': 72.5, 'r2': None}, {'age_bin': '75-79', 'age_mid': 77.5, 'r2': None}, {'age_bin': '80-84', 'age_mid': 82.5, 'r2': None}]"
chloroform result,Chloroform Result,0.9353843757687437,0.848233753748835,0.9503391229576643,8,18.536028719647945,4.678198250454651,-3.1803113953267204,4.442066389169128,"[{'age_bin': '20-24', 'age_mid': 22.5, 'r2': 0.9951533896441397}, {'age_bin': '25-29', 'age_mid': 27.5, 'r2': 0.9756827244506269}, {'age_bin': '30-34', 'age_mid': 32.5, 'r2': 0.9505902475158018}, {'age_bin': '35-39', 'age_mid': 37.5, 'r2': 0.876653974424559}, {'age_bin': '40-44', 'age_mid': 42.5, 'r2': 0.950087998399527}, {'age_bin': '45-49', 'age_mid': 47.5, 'r2': 0.9094638629556928}, {'age_bin': '50-54', 'age_mid': 52.5, 'r2': 0.848233753748835}, {'age_bin': '55-59', 'age_mid': 57.5, 'r2': 0.9772090550107667}, {'age_bin': '60-64', 'age_mid': 62.5, 'r2': None}, {'age_bin': '65-69', 'age_mid': 67.5, 'r2': None}, {'age_bin': '70-74', 'age_mid': 72.5, 'r2': None}, {'age_bin': '75-79', 'age_mid': 77.5, 'r2': None}, {'age_bin': '80-84', 'age_mid': 82.5, 'r2': None}]"
chlorohexadecafluorooxanonane sulfonate,Chlorohexadecafluorooxanonane sulfonate,0.3366576968578292,0.12100587444988731,0.3659573620793585,11,0.015308011178632376,0.021964667517610708,0.052888795218726865,0.024906694374950217,"[{'age_bin': '20-24', 'age_mid': 22.5, 'r2': 0.316862043525196}, {'age_bin': '25-29', 'age_mid': 27.5, 'r2': 0.12100587444988731}, {'age_bin': '30-34', 'age_mid': 32.5, 'r2': 0.28092496354451013}, {'age_bin': '35-39', 'age_mid': 37.5, 'r2': 0.3733063644597745}, {'age_bin': '40-44', 'age_mid': 42.5, 'r2': 0.4814984281504683}, {'age_bin': '45-49', 'age_mid': 47.5, 'r2': 0.3659573620793585}, {'age_bin': '50-54', 'age_mid': 52.5, 'r2': 0.3930847443516521}, {'age_bin': '55-59', 'age_mid': 57.5, 'r2': 0.4278238384864034}, {'age_bin': '60-64', 'age_mid': 62.5, 'r2': 0.4222001754984943}, {'age_bin': '65-69', 'age_mid': 67.5, 'r2': 0.22205720481836821}, {'age_bin': '70-74', 'age_mid': 72.5, 'r2': 0.298513666072009}, {'age_bin': '75-79', 'age_mid': 77.5, 'r2': None}, {'age_bin': '80-84', 'age_mid': 82.5, 'r2': None}]"
total cholesterol,Cholesterol (mg/dL),0.9719762178525697,0.9401774898344799,0.9788619473804123,13,18.622420632398594,4.050253992568329,151.6787459312854,10.672796438663868,"[{'age_bin': '20-24', 'age_mid': 22.5, 'r2': 0.9401774898344799}, {'age_bin': '25-29', 'age_mid': 27.5, 'r2': 0.9506687668840502}, {'age_bin': '30-34', 'age_mid': 32.5, 'r2': 0.9514145381375522}, {'age_bin': '35-39', 'age_mid': 37.5, 'r2': 0.9652775754648091}, {'age_bin': '40-44', 'age_mid': 42.5, 'r2': 0.9661428567422442}, {'age_bin': '45-49', 'age_mid': 47.5, 'r2': 0.9715216021567041}, {'age_bin': '50-54', 'age_mid': 52.5, 'r2': 0.9788619473804123}, {'age_bin': '55-59', 'age_mid': 57.5, 'r2': 0.9793835661138217}, {'age_bin': '60-64', 'age_mid': 62.5, 'r2': 0.9795473011472757}, {'age_bin': '65-69', 'age_mid': 67.5, 'r2': 0.98302651516169}, {'age_bin': '70-74', 'age_mid': 72.5, 'r2': 0.9913364190013265}, {'age_bin': '75-79', 'age_mid': 77.5, 'r2': 0.9875252753133126}, {'age_bin': '80-84', 'age_mid': 82.5, 'r2': 0.9908069787457273}]"
chromium,Chromium (ug/L),0.46493036798810494,0.362213094397686,0.4851060331603182,9,0.03625739860374619,0.004301006384525999,0.21904564074205374,0.032326964911406644,"[{'age_bin': '20-24', 'age_mid': 22.5, 'r2': None}, {'age_bin': '25-29', 'age_mid': 27.5, 'r2': None}, {'age_bin': '30-34', 'age_mid': 32.5, 'r2': None}, {'age_bin': '35-39', 'age_mid': 37.5, 'r2': None}, {'age_bin': '40-44', 'age_mid': 42.5, 'r2': 0.362213094397686}, {'age_bin': '45-49', 'age_mid': 47.5, 'r2': 0.38988227407754694}, {'age_bin': '50-54', 'age_mid': 52.5, 'r2': 0.4851060331603182}, {'age_bin': '55-59', 'age_mid': 57.5, 'r2': 0.4474689564894273}, {'age_bin': '60-64', 'age_mid': 62.5, 'r2': 0.4042114490033588}, {'age_bin': '65-69', 'age_mid': 67.5, 'r2': 0.4995620437246757}, {'age_bin': '70-74', 'age_mid': 72.5, 'r2': 0.487550953698658}, {'age_bin': '75-79', 'age_mid': 77.5, 'r2': 0.5589837160819513}, {'age_bin': '80-84', 'age_mid': 82.5, 'r2': 0.5493947912593224}]"
cobalt,Cobalt (ug/L),0.890701860434436,0.8453475773644579,0.8916984411238771,9,0.03413915686351392,0.0131994365938836,0.06448936894866608,0.019388764470693782,"[{'age_bin': '20-24', 'age_mid': 22.5, 'r2': None}, {'age_bin': '25-29', 'age_mid': 27.5, 'r2': None}, {'age_bin': '30-34', 'age_mid': 32.5, 'r2': None}, {'age_bin': '35-39', 'age_mid': 37.5, 'r2': None}, {'age_bin': '40-44', 'age_mid': 42.5, 'r2': 0.8453475773644579}, {'age_bin': '45-49', 'age_mid': 47.5, 'r2': 0.8569668575339437}, {'age_bin': '50-54', 'age_mid': 52.5, 'r2': 0.915933036181407}, {'age_bin': '55-59', 'age_mid': 57.5, 'r2': 0.9412417459593566}, {'age_bin': '60-64', 'age_mid': 62.5, 'r2': 0.9358944990411743}, {'age_bin': '65-69', 'age_mid': 67.5, 'r2': 0.8916984411238771}, {'age_bin': '70-74', 'age_mid': 72.5, 'r2': 0.8714078246580027}, {'age_bin': '75-79', 'age_mid': 77.5, 'r2': 0.8996375471674951}, {'age_bin': '80-84', 'age_mid': 82.5, 'r2': 0.8581892148802094}]"
combined lutein/zeaxanthin,Combined Lutein/zeaxanthin (ug/dL),0.9808505604221043,0.9667226951490677,0.9828118724480155,13,3.626588083193607,0.6113664831717674,7.867088703823298,1.3649308896720913,"[{'age_bin': '20-24', 'age_mid': 22.5, 'r2': 0.9667226951490677}, {'age_bin': '25-29', 'age_mid': 27.5, 'r2': 0.9672084478540948}, {'age_bin': '30-34', 'age_mid': 32.5, 'r2': 0.976226038676235}, {'age_bin': '35-39', 'age_mid': 37.5, 'r2': 0.984847903795189}, {'age_bin': '40-44', 'age_mid': 42.5, 'r2': 0.985436749433419}, {'age_bin': '45-49', 'age_mid': 47.5, 'r2': 0.9828118724480155}, {'age_bin': '50-54', 'age_mid': 52.5, 'r2': 0.9786775753670076}, {'age_bin': '55-59', 'age_mid': 57.5, 'r2': 0.9945352934157228}, {'age_bin': '60-64', 'age_mid': 62.5, 'r2': 0.9886259105444057}, {'age_bin': '65-69', 'age_mid': 67.5, 'r2': 0.9876135511848081}, {'age_bin': '70-74', 'age_mid': 72.5, 'r2': 0.9924108976509113}, {'age_bin': '75-79', 'age_mid': 77.5, 'r2': 0.9711775927152182}, {'age_bin': '80-84', 'age_mid': 82.5, 'r2': 0.9747627572532609}]"
complexed prostate specific antigen,Complexed prostate specific antigen (ng/mL),0.91534762670608,0.8741309664374813,0.9152105719345056,9,0.3687534880562141,0.12763747977247183,-0.2006328674021833,0.32548209015065244,"[{'age_bin': '20-24', 'age_mid': 22.5, 'r2': None}, {'age_bin': '25-29', 'age_mid': 27.5, 'r2': None}, {'age_bin': '30-34', 'age_mid': 32.5, 'r2': None}, {'age_bin': '35-39', 'age_mid': 37.5, 'r2': None}, {'age_bin': '40-44', 'age_mid': 42.5, 'r2': 0.9314349265311873}, {'age_bin': '45-49', 'age_mid': 47.5, 'r2': 0.9100449801898812}, {'age_bin': '50-54', 'age_mid': 52.5, 'r2': 0.9302361909923547}, {'age_bin': '55-59', 'age_mid': 57.5, 'r2': 0.8741309664374813}, {'age_bin': '60-64', 'age_mid': 62.5, 'r2': 0.9387847206678438}, {'age_bin': '65-69', 'age_mid': 67.5, 'r2': 0.8771436544295987}, {'age_bin': '70-74', 'age_mid': 72.5, 'r2': 0.9152105719345056}, {'age_bin': '75-79', 'age_mid': 77.5, 'r2': 0.9770106865480639}, {'age_bin': '80-84', 'age_mid': 82.5, 'r2': 0.8841319426238039}]"
cotinine,Cotinine (ng/mL),0.6162340703756494,0.30632121076953767,0.6950529641050509,13,43.47570266021667,21.968813922972483,-42.658548393683986,12.169887629744505,"[{'age_bin': '20-24', 'age_mid': 22.5, 'r2': 0.7926356883372122}, {'age_bin': '25-29', 'age_mid': 27.5, 'r2': 0.7350490250344762}, {'age_bin': '30-34', 'age_mid': 32.5, 'r2': 0.7257038021173723}, {'age_bin': '35-39', 'age_mid': 37.5, 'r2': 0.754325361446059}, {'age_bin': '40-44', 'age_mid': 42.5, 'r2': 0.6950529641050509}, {'age_bin': '45-49', 'age_mid': 47.5, 'r2': 0.7276781094102956}, {'age_bin': '50-54', 'age_mid': 52.5, 'r2': 0.7103100181803346}, {'age_bin': '55-59', 'age_mid': 57.5, 'r2': 0.6186565869830987}, {'age_bin': '60-64', 'age_mid': 62.5, 'r2': 0.6352868379869447}, {'age_bin': '65-69', 'age_mid': 67.5, 'r2': 0.49721524794175476}, {'age_bin': '70-74', 'age_mid': 72.5, 'r2': 0.4140779074634451}, {'age_bin': '75-79', 'age_mid': 77.5, 'r2': 0.3987301551078595}, {'age_bin': '80-84', 'age_mid': 82.5, 'r2': 0.30632121076953767}]"
cotinine serum,"Cotinine, Serum (ng/mL)",0.5671647084873542,0.14709934129645263,0.6328583061993267,13,41.344233879737786,19.32203265461483,-43.31446808739539,14.204513720117204,"[{'age_bin': '20-24', 'age_mid': 22.5, 'r2': 0.6768805042823787}, {'age_bin': '25-29', 'age_mid': 27.5, 'r2': 0.6842329982735129}, {'age_bin': '30-34', 'age_mid': 32.5, 'r2': 0.7102238145393267}, {'age_bin': '35-39', 'age_mid': 37.5, 'r2': 0.6915287028282067}, {'age_bin': '40-44', 'age_mid': 42.5, 'r2': 0.6397560647943079}, {'age_bin': '45-49', 'age_mid': 47.5, 'r2': 0.6328583061993267}, {'age_bin': '50-54', 'age_mid': 52.5, 'r2': 0.6478511603132382}, {'age_bin': '55-59', 'age_mid': 57.5, 'r2': 0.6275829974481523}, {'age_bin': '60-64', 'age_mid': 62.5, 'r2': 0.6039960786146811}, {'age_bin': '65-69', 'age_mid': 67.5, 'r2': 0.5362027261971327}, {'age_bin': '70-74', 'age_mid': 72.5, 'r2': 0.44969541264610613}, {'age_bin': '75-79', 'age_mid': 77.5, 'r2': 0.3252331029027825}, {'age_bin': '80-84', 'age_mid': 82.5, 'r2': 0.14709934129645263}]"
creatine phosphokinase cpk,Creatine Phosphokinase (CPK) (IU/L),0.9268922822264245,0.8964214857170034,0.9213155968271314,13,50.068046000023315,21.979000241696934,38.03559970923267,14.153670935228662,"[{'age_bin': '20-24', 'age_mid': 22.5, 'r2': 0.9020691827466768}, {'age_bin': '25-29', 'age_mid': 27.5, 'r2': 0.9035279171836248}, {'age_bin': '30-34', 'age_mid': 32.5, 'r2': 0.9147911449738166}, {'age_bin': '35-39', 'age_mid': 37.5, 'r2': 0.8964214857170034}, {'age_bin': '40-44', 'age_mid': 42.5, 'r2': 0.9196340406104104}, {'age_bin': '45-49', 'age_mid': 47.5, 'r2': 0.91738757639187}, {'age_bin': '50-54', 'age_mid': 52.5, 'r2': 0.9213155968271314}, {'age_bin': '55-59', 'age_mid': 57.5, 'r2': 0.9334070745497116}, {'age_bin': '60-64', 'age_mid': 62.5, 'r2': 0.9601537177870969}, {'age_bin': '65-69', 'age_mid': 67.5, 'r2': 0.9484523123059534}, {'age_bin': '70-74', 'age_mid': 72.5, 'r2': 0.9584140287801661}, {'age_bin': '75-79', 'age_mid': 77.5, 'r2': 0.9412886846593012}, {'age_bin': '80-84', 'age_mid': 82.5, 'r2': 0.9327369064107561}]"
creatinine,Creatinine (mg/dL),0.9702160875381409,0.9184063861210828,0.9766356064040347,13,0.10501156873383821,0.020176726718460488,0.6231103509590294,0.025054285323604028,"[{'age_bin': '20-24', 'age_mid': 22.5, 'r2': 0.9184063861210828}, {'age_bin': '25-29', 'age_mid': 27.5, 'r2': 0.9381400135539906}, {'age_bin': '30-34', 'age_mid': 32.5, 'r2': 0.9398386406630933}, {'age_bin': '35-39', 'age_mid': 37.5, 'r2': 0.9623249665860304}, {'age_bin': '40-44', 'age_mid': 42.5, 'r2': 0.9663959905004031}, {'age_bin': '45-49', 'age_mid': 47.5, 'r2': 0.9685446576751163}, {'age_bin': '50-54', 'age_mid': 52.5, 'r2': 0.9766356064040347}, {'age_bin': '55-59', 'age_mid': 57.5, 'r2': 0.9887290252927037}, {'age_bin': '60-64', 'age_mid': 62.5, 'r2': 0.9913831241927646}, {'age_bin': '65-69', 'age_mid': 67.5, 'r2': 0.9958238012775879}, {'age_bin': '70-74', 'age_mid': 72.5, 'r2': 0.9953197216117359}, {'age_bin': '75-79', 'age_mid': 77.5, 'r2': 0.9930846531606204}, {'age_bin': '80-84', 'age_mid': 82.5, 'r2': 0.9781825509566674}]"
crotonaldehyde,Crotonaldehyde (ng/mL),0.7412804998680276,0.5897672429769235,0.7545192981836814,13,0.03482840442389002,0.014502252827846939,0.06918117436172547,0.012708069880670268,"[{'age_bin': '20-24', 'age_mid': 22.5, 'r2': 0.8496572520179795}, {'age_bin': '25-29', 'age_mid': 27.5, 'r2': 0.7515600535250158}, {'age_bin': '30-34', 'age_mid': 32.5, 'r2': 0.7556204997165207}, {'age_bin': '35-39', 'age_mid': 37.5, 'r2': 0.7911931194945383}, {'age_bin': '40-44', 'age_mid': 42.5, 'r2': 0.7968573726452721}, {'age_bin': '45-49', 'age_mid': 47.5, 'r2': 0.7185859685174769}, {'age_bin': '50-54', 'age_mid': 52.5, 'r2': 0.7817519422576718}, {'age_bin': '55-59', 'age_mid': 57.5, 'r2': 0.7545192981836814}, {'age_bin': '60-64', 'age_mid': 62.5, 'r2': 0.6908011968807928}, {'age_bin': '65-69', 'age_mid': 67.5, 'r2': 0.6902519220788365}, {'age_bin': '70-74', 'age_mid': 72.5, 'r2': 0.7025474851348061}, {'age_bin': '75-79', 'age_mid': 77.5, 'r2': 0.7635331448548432}, {'age_bin': '80-84', 'age_mid': 82.5, 'r2': 0.5897672429769235}]"
cystatin c,Cystatin C (mg/L),0.9740272636544653,0.9272576220311766,0.9854580386439993,13,0.07199702259931544,0.008700032166642271,0.6697889395603551,0.03961709163668159,"[{'age_bin': '20-24', 'age_mid': 22.5, 'r2': 0.9382708421428535}, {'age_bin': '25-29', 'age_mid': 27.5, 'r2': 0.9272576220311766}, {'age_bin': '30-34', 'age_mid': 32.5, 'r2': 0.9443285838053147}, {'age_bin': '35-39', 'age_mid': 37.5, 'r2': 0.9665362256092145}, {'age_bin': '40-44', 'age_mid': 42.5, 'r2': 0.9804559905621382}, {'age_bin': '45-49', 'age_mid': 47.5, 'r2': 0.9854580386439993}, {'age_bin': '50-54', 'age_mid': 52.5, 'r2': 0.9864722876385348}, {'age_bin': '55-59', 'age_mid': 57.5, 'r2': 0.989466007181868}, {'age_bin': '60-64', 'age_mid': 62.5, 'r2': 0.9896057008900111}, {'age_bin': '65-69', 'age_mid': 67.5, 'r2': 0.992969338944817}, {'age_bin': '70-74', 'age_mid': 72.5, 'r2': 0.9909880857185587}, {'age_bin': '75-79', 'age_mid': 77.5, 'r2': 0.9741740722926703}, {'age_bin': '80-84', 'age_mid': 82.5, 'r2': 0.9963716320468892}]"
days between the 1st and 2nd exams,Days between the 1st and 2nd exams,0.9522922116989193,0.9382211028528334,0.946863120392959,6,5.529101989179741,1.5885856187436562,9.996126895960655,1.0550267606713735,"[{'age_bin': '20-24', 'age_mid': 22.5, 'r2': 0.9387933023943109}, {'age_bin': '25-29', 'age_mid': 27.5, 'r2': 0.949277926710041}, {'age_bin': '30-34', 'age_mid': 32.5, 'r2': 0.9444483140758769}, {'age_bin': '35-39', 'age_mid': 37.5, 'r2': None}, {'age_bin': '40-44', 'age_mid': 42.5, 'r2': 0.9382211028528334}, {'age_bin': '45-49', 'age_mid': 47.5, 'r2': 0.9621705758150694}, {'age_bin': '50-54', 'age_mid': 52.5, 'r2': 0.9808420483453849}, {'age_bin': '55-59', 'age_mid': 57.5, 'r2': None}, {'age_bin': '60-64', 'age_mid': 62.5, 'r2': None}, {'age_bin': '65-69', 'age_mid': 67.5, 'r2': None}, {'age_bin': '70-74', 'age_mid': 72.5, 'r2': None}, {'age_bin': '75-79', 'age_mid': 77.5, 'r2': None}, {'age_bin': '80-84', 'age_mid': 82.5, 'r2': None}]"
dense fine speckled eis unit,Dense fine speckled EIS unit,,,,0,,,,,"[{'age_bin': '20-24', 'age_mid': 22.5, 'r2': None}, {'age_bin': '25-29', 'age_mid': 27.5, 'r2': None}, {'age_bin': '30-34', 'age_mid': 32.5, 'r2': None}, {'age_bin': '35-39', 'age_mid': 37.5, 'r2': None}, {'age_bin': '40-44', 'age_mid': 42.5, 'r2': None}, {'age_bin': '45-49', 'age_mid': 47.5, 'r2': None}, {'age_bin': '50-54', 'age_mid': 52.5, 'r2': None}, {'age_bin': '55-59', 'age_mid': 57.5, 'r2': None}, {'age_bin': '60-64', 'age_mid': 62.5, 'r2': None}, {'age_bin': '65-69', 'age_mid': 67.5, 'r2': None}, {'age_bin': '70-74', 'age_mid': 72.5, 'r2': None}, {'age_bin': '75-79', 'age_mid': 77.5, 'r2': None}, {'age_bin': '80-84', 'age_mid': 82.5, 'r2': None}]"
dibromochloromethane result,Dibromochloromethane Result,0.8659672433898742,0.8222400744369676,0.8613769647049854,8,2.222999403430474,0.6765295155135177,-0.8104010824107937,0.3951519417740479,"[{'age_bin': '20-24', 'age_mid': 22.5, 'r2': 0.9177421850947913}, {'age_bin': '25-29', 'age_mid': 27.5, 'r2': 0.9019473972186001}, {'age_bin': '30-34', 'age_mid': 32.5, 'r2': 0.8753206358021389}, {'age_bin': '35-39', 'age_mid': 37.5, 'r2': 0.8702312804109856}, {'age_bin': '40-44', 'age_mid': 42.5, 'r2': 0.8470719430927001}, {'age_bin': '45-49', 'age_mid': 47.5, 'r2': 0.8222400744369676}, {'age_bin': '50-54', 'age_mid': 52.5, 'r2': 0.8406617820638248}, {'age_bin': '55-59', 'age_mid': 57.5, 'r2': 0.8525226489989852}, {'age_bin': '60-64', 'age_mid': 62.5, 'r2': None}, {'age_bin': '65-69', 'age_mid': 67.5, 'r2': None}, {'age_bin': '70-74', 'age_mid': 72.5, 'r2': None}, {'age_bin': '75-79', 'age_mid': 77.5, 'r2': None}, {'age_bin': '80-84', 'age_mid': 82.5, 'r2': None}]"
dieldrin,Dieldrin (ng/g),0.9501943206252486,0.9070949987192892,0.9532372070396541,13,0.01539776948216711,0.002735532849077789,0.013329902975597063,0.008155734884370025,"[{'age_bin': '20-24', 'age_mid': 22.5, 'r2': 0.9255929388797804}, {'age_bin': '25-29', 'age_mid': 27.5, 'r2': 0.9532372070396541}, {'age_bin': '30-34', 'age_mid': 32.5, 'r2': 0.9237924225139489}, {'age_bin': '35-39', 'age_mid': 37.5, 'r2': 0.9748812864181483}, {'age_bin': '40-44', 'age_mid': 42.5, 'r2': 0.9340140084057462}, {'age_bin': '45-49', 'age_mid': 47.5, 'r2': 0.9070949987192892}, {'age_bin': '50-54', 'age_mid': 52.5, 'r2': 0.9824908589529454}, {'age_bin': '55-59', 'age_mid': 57.5, 'r2': 0.9600576115203889}, {'age_bin': '60-64', 'age_mid': 62.5, 'r2': 0.9565065199164176}, {'age_bin': '65-69', 'age_mid': 67.5, 'r2': 0.9886113754093312}, {'age_bin': '70-74', 'age_mid': 72.5, 'r2': 0.9635394681263177}, {'age_bin': '75-79', 'age_mid': 77.5, 'r2': 0.9461915518633914}, {'age_bin': '80-84', 'age_mid': 82.5, 'r2': 0.9365159203628717}]"
dieldrin lipid adjusted,Dieldrin Lipid Adjusted (ng/g),0.9623300373655067,0.9355544977136157,0.9628738994362557,13,2.1808509065760164,0.34726562256376525,2.5852940037812684,1.0038828837259335,"[{'age_bin': '20-24', 'age_mid': 22.5, 'r2': 0.967401657737527}, {'age_bin': '25-29', 'age_mid': 27.5, 'r2': 0.9792947278846622}, {'age_bin': '30-34', 'age_mid': 32.5, 'r2': 0.9629056471796278}, {'age_bin': '35-39', 'age_mid': 37.5, 'r2': 0.9628738994362557}, {'age_bin': '40-44', 'age_mid': 42.5, 'r2': 0.9457257082880866}, {'age_bin': '45-49', 'age_mid': 47.5, 'r2': 0.9355544977136157}, {'age_bin': '50-54', 'age_mid': 52.5, 'r2': 0.9798580667666853}, {'age_bin': '55-59', 'age_mid': 57.5, 'r2': 0.9562944628035189}, {'age_bin': '60-64', 'age_mid': 62.5, 'r2': 0.9514155426202534}, {'age_bin': '65-69', 'age_mid': 67.5, 'r2': 0.980505871243126}, {'age_bin': '70-74', 'age_mid': 72.5, 'r2': 0.9760979762980939}, {'age_bin': '75-79', 'age_mid': 77.5, 'r2': 0.9546139693194693}, {'age_bin': '80-84', 'age_mid': 82.5, 'r2': 0.9577484584606653}]"
direct hdl-cholesterol,Direct HDL-Cholesterol (mg/dL),0.9846244936986476,0.949312039568455,0.9915241503378994,13,7.525239697138367,1.7909275790203356,36.74058037775736,1.785859363430119,"[{'age_bin': '20-24', 'age_mid': 22.5, 'r2': 0.949312039568455}, {'age_bin': '25-29', 'age_mid': 27.5, 'r2': 0.9566592202911389}, {'age_bin': '30-34', 'age_mid': 32.5, 'r2': 0.9715825906811009}, {'age_bin': '35-39', 'age_mid': 37.5, 'r2': 0.9800349812491368}, {'age_bin': '40-44', 'age_mid': 42.5, 'r2': 0.9830047050714661}, {'age_bin': '45-49', 'age_mid': 47.5, 'r2': 0.9880741765700777}, {'age_bin': '50-54', 'age_mid': 52.5, 'r2': 0.9915241503378994}, {'age_bin': '55-59', 'age_mid': 57.5, 'r2': 0.9932358804901711}, {'age_bin': '60-64', 'age_mid': 62.5, 'r2': 0.9952726668428784}, {'age_bin': '65-69', 'age_mid': 67.5, 'r2': 0.9974800945492487}, {'age_bin': '70-74', 'age_mid': 72.5, 'r2': 0.9973992563268509}, {'age_bin': '75-79', 'age_mid': 77.5, 'r2': 0.9975186817677062}, {'age_bin': '80-84', 'age_mid': 82.5, 'r2': 0.9990199743362889}]"
docosahexaenoic acid 22 6n-3,Docosahexaenoic acid (22:6n-3) (umol/L),0.9718932162281253,0.955836239686048,0.9755436717090689,13,34.79202834394196,6.01913161341354,82.9899579646034,7.825012694969699,"[{'age_bin': '20-24', 'age_mid': 22.5, 'r2': 0.9650900730815256}, {'age_bin': '25-29', 'age_mid': 27.5, 'r2': 0.9640296897104578}, {'age_bin': '30-34', 'age_mid': 32.5, 'r2': 0.9578329328474718}, {'age_bin': '35-39', 'age_mid': 37.5, 'r2': 0.9616440062135931}, {'age_bin': '40-44', 'age_mid': 42.5, 'r2': 0.9793976524451474}, {'age_bin': '45-49', 'age_mid': 47.5, 'r2': 0.968223643094628}, {'age_bin': '50-54', 'age_mid': 52.5, 'r2': 0.9784394096875774}, {'age_bin': '55-59', 'age_mid': 57.5, 'r2': 0.9823343642236098}, {'age_bin': '60-64', 'age_mid': 62.5, 'r2': 0.9765701931379125}, {'age_bin': '65-69', 'age_mid': 67.5, 'r2': 0.994092265957328}, {'age_bin': '70-74', 'age_mid': 72.5, 'r2': 0.9755776691712602}, {'age_bin': '75-79', 'age_mid': 77.5, 'r2': 0.955836239686048}, {'age_bin': '80-84', 'age_mid': 82.5, 'r2': 0.9755436717090689}]"
docosahexaenoic acid,Docosahexaenoic acid (micromol/L),0.9634236286285354,0.9373063763998144,0.9653038272549062,13,27.59637825413319,6.11190613168813,75.78153852169436,4.305308659099983,"[{'age_bin': '20-24', 'age_mid': 22.5, 'r2': 0.9528613278879632}, {'age_bin': '25-29', 'age_mid': 27.5, 'r2': 0.9703820078591264}, {'age_bin': '30-34', 'age_mid': 32.5, 'r2': 0.9607797260947359}, {'age_bin': '35-39', 'age_mid': 37.5, 'r2': 0.9653923031391333}, {'age_bin': '40-44', 'age_mid': 42.5, 'r2': 0.974995185979999}, {'age_bin': '45-49', 'age_mid': 47.5, 'r2': 0.9890876959570364}, {'age_bin': '50-54', 'age_mid': 52.5, 'r2': 0.9653038272549062}, {'age_bin': '55-59', 'age_mid': 57.5, 'r2': 0.9762169362806324}, {'age_bin': '60-64', 'age_mid': 62.5, 'r2': 0.9876150667622191}, {'age_bin': '65-69', 'age_mid': 67.5, 'r2': 0.9402413309660681}, {'age_bin': '70-74', 'age_mid': 72.5, 'r2': 0.9477162819361998}, {'age_bin': '75-79', 'age_mid': 77.5, 'r2': 0.9373063763998144}, {'age_bin': '80-84', 'age_mid': 82.5, 'r2': 0.9566091056531281}]"
docosanoic acid 22 0,Docosanoic acid (22:0) (umol/L),0.9710408144642249,0.9161851040477278,0.9794905568933951,13,7.604562358419667,1.6290668858292994,51.01880451447592,3.0298660431830093,"[{'age_bin': '20-24', 'age_mid': 22.5, 'r2': 0.9493946062820897}, {'age_bin': '25-29', 'age_mid': 27.5, 'r2': 0.9161851040477278}, {'age_bin': '30-34', 'age_mid': 32.5, 'r2': 0.9535376245388731}, {'age_bin': '35-39', 'age_mid': 37.5, 'r2': 0.9671469600006652}, {'age_bin': '40-44', 'age_mid': 42.5, 'r2': 0.9652209513978208}, {'age_bin': '45-49', 'age_mid': 47.5, 'r2': 0.9794905568933951}, {'age_bin': '50-54', 'age_mid': 52.5, 'r2': 0.988703947460222}, {'age_bin': '55-59', 'age_mid': 57.5, 'r2': 0.9813734190637271}, {'age_bin': '60-64', 'age_mid': 62.5, 'r2': 0.9924931812036165}, {'age_bin': '65-69', 'age_mid': 67.5, 'r2': 0.990197284676512}, {'age_bin': '70-74', 'age_mid': 72.5, 'r2': 0.9895914564364917}, {'age_bin': '75-79', 'age_mid': 77.5, 'r2': 0.9801619693572201}, {'age_bin': '80-84', 'age_mid': 82.5, 'r2': 0.9700335266765608}]"
docosanoic acid,Docosanoic acid (micromol/L),0.9631097294337205,0.9294740940581265,0.9632347168594392,13,7.756623971952072,2.1469146197059716,53.494886786738974,2.8986539839718124,"[{'age_bin': '20-24', 'age_mid': 22.5, 'r2': 0.9294740940581265}, {'age_bin': '25-29', 'age_mid': 27.5, 'r2': 0.9314447776132936}, {'age_bin': '30-34', 'age_mid': 32.5, 'r2': 0.9592203409605097}, {'age_bin': '35-39', 'age_mid': 37.5, 'r2': 0.9652168431096274}, {'age_bin': '40-44', 'age_mid': 42.5, 'r2': 0.9502113800347972}, {'age_bin': '45-49', 'age_mid': 47.5, 'r2': 0.9590273703999462}, {'age_bin': '50-54', 'age_mid': 52.5, 'r2': 0.9740039716463145}, {'age_bin': '55-59', 'age_mid': 57.5, 'r2': 0.9837546019471327}, {'age_bin': '60-64', 'age_mid': 62.5, 'r2': 0.9900038875360719}, {'age_bin': '65-69', 'age_mid': 67.5, 'r2': 0.9837703466630348}, {'age_bin': '70-74', 'age_mid': 72.5, 'r2': 0.9493642732237726}, {'age_bin': '75-79', 'age_mid': 77.5, 'r2': 0.9632347168594392}, {'age_bin': '80-84', 'age_mid': 82.5, 'r2': 0.9816998785863009}]"
docosapentaenoic acid 22 5n-3,Docosapentaenoic acid (22:5n-3) (umol/L),0.9789709125381779,0.9456328240602382,0.979531300020003,13,8.414739878558642,1.8138509144377741,32.82573245407644,2.4872625046207544,"[{'age_bin': '20-24', 'age_mid': 22.5, 'r2': 0.9456328240602382}, {'age_bin': '25-29', 'age_mid': 27.5, 'r2': 0.9562970035792563}, {'age_bin': '30-34', 'age_mid': 32.5, 'r2': 0.9846300057290414}, {'age_bin': '35-39', 'age_mid': 37.5, 'r2': 0.9727618078576418}, {'age_bin': '40-44', 'age_mid': 42.5, 'r2': 0.979531300020003}, {'age_bin': '45-49', 'age_mid': 47.5, 'r2': 0.9732604005217349}, {'age_bin': '50-54', 'age_mid': 52.5, 'r2': 0.985833617055944}, {'age_bin': '55-59', 'age_mid': 57.5, 'r2': 0.9889019169171939}, {'age_bin': '60-64', 'age_mid': 62.5, 'r2': 0.9778994654912367}, {'age_bin': '65-69', 'age_mid': 67.5, 'r2': 0.994327730499664}, {'age_bin': '70-74', 'age_mid': 72.5, 'r2': 0.9936895562719544}, {'age_bin': '75-79', 'age_mid': 77.5, 'r2': 0.9953736020813346}, {'age_bin': '80-84', 'age_mid': 82.5, 'r2': 0.9784826329110682}]"
docosapentaenoic acid 22 5n-6,Docosapentaenoic acid (22:5n-6) (umol/L),0.9835937635171679,0.9656182696813135,0.987053528111706,13,4.039895507839697,1.1006203491472732,11.629842553146876,1.5149895431070266,"[{'age_bin': '20-24', 'age_mid': 22.5, 'r2': 0.9656182696813135}, {'age_bin': '25-29', 'age_mid': 27.5, 'r2': 0.9661492409322641}, {'age_bin': '30-34', 'age_mid': 32.5, 'r2': 0.970598308661101}, {'age_bin': '35-39', 'age_mid': 37.5, 'r2': 0.9853724441985584}, {'age_bin': '40-44', 'age_mid': 42.5, 'r2': 0.9782442799511324}, {'age_bin': '45-49', 'age_mid': 47.5, 'r2': 0.9801238227198197}, {'age_bin': '50-54', 'age_mid': 52.5, 'r2': 0.987053528111706}, {'age_bin': '55-59', 'age_mid': 57.5, 'r2': 0.9915454576216023}, {'age_bin': '60-64', 'age_mid': 62.5, 'r2': 0.9949100517931565}, {'age_bin': '65-69', 'age_mid': 67.5, 'r2': 0.9910295955888494}, {'age_bin': '70-74', 'age_mid': 72.5, 'r2': 0.9958039457926788}, {'age_bin': '75-79', 'age_mid': 77.5, 'r2': 0.9926474361315583}, {'age_bin': '80-84', 'age_mid': 82.5, 'r2': 0.9876225445394444}]"
docosapentaenoic-3 acid,Docosapentaenoic-3 acid (micromol/L),0.9687238579813393,0.9210015065507804,0.9778050179721821,13,6.390156027166233,1.8548591119688522,30.18618497308997,2.7445845127827613,"[{'age_bin': '20-24', 'age_mid': 22.5, 'r2': 0.9210015065507804}, {'age_bin': '25-29', 'age_mid': 27.5, 'r2': 0.951434284947234}, {'age_bin': '30-34', 'age_mid': 32.5, 'r2': 0.9622912094618135}, {'age_bin': '35-39', 'age_mid': 37.5, 'r2': 0.9795005069767763}, {'age_bin': '40-44', 'age_mid': 42.5, 'r2': 0.9655618130831686}, {'age_bin': '45-49', 'age_mid': 47.5, 'r2': 0.9841216498954721}, {'age_bin': '50-54', 'age_mid': 52.5, 'r2': 0.9804523451302014}, {'age_bin': '55-59', 'age_mid': 57.5, 'r2': 0.9831783464361119}, {'age_bin': '60-64', 'age_mid': 62.5, 'r2': 0.9648049640386764}, {'age_bin': '65-69', 'age_mid': 67.5, 'r2': 0.9778050179721821}, {'age_bin': '70-74', 'age_mid': 72.5, 'r2': 0.9788067031838685}, {'age_bin': '75-79', 'age_mid': 77.5, 'r2': 0.9626533148565369}, {'age_bin': '80-84', 'age_mid': 82.5, 'r2': 0.9817984912245892}]"
docosapentaenoic-6 acid,Docosapentaenoic-6 acid (micromol/L),0.9701110319418002,0.9503810711042764,0.9703116614205431,13,4.192903542271576,0.9050015111206149,12.284399355592557,1.7082896605367768,"[{'age_bin': '20-24', 'age_mid': 22.5, 'r2': 0.9658332085198871}, {'age_bin': '25-29', 'age_mid': 27.5, 'r2': 0.956173242755784}, {'age_bin': '30-34', 'age_mid': 32.5, 'r2': 0.9625018144208599}, {'age_bin': '35-39', 'age_mid': 37.5, 'r2': 0.9503810711042764}, {'age_bin': '40-44', 'age_mid': 42.5, 'r2': 0.9702069962104305}, {'age_bin': '45-49', 'age_mid': 47.5, 'r2': 0.979626200756133}, {'age_bin': '50-54', 'age_mid': 52.5, 'r2': 0.9759645994343566}, {'age_bin': '55-59', 'age_mid': 57.5, 'r2': 0.9727425119546242}, {'age_bin': '60-64', 'age_mid': 62.5, 'r2': 0.9763741830202993}, {'age_bin': '65-69', 'age_mid': 67.5, 'r2': 0.9510059998503472}, {'age_bin': '70-74', 'age_mid': 72.5, 'r2': 0.9925249660612672}, {'age_bin': '75-79', 'age_mid': 77.5, 'r2': 0.9877969597345909}, {'age_bin': '80-84', 'age_mid': 82.5, 'r2': 0.9703116614205431}]"
docosatetraenoic acid 22 4n-6,Docosatetraenoic acid (22:4n-6) (umol/L),0.9802616279204338,0.9605266498231342,0.9841917284659445,13,4.804736423251876,1.4295248556522206,15.874958632056689,1.476517376975966,"[{'age_bin': '20-24', 'age_mid': 22.5, 'r2': 0.9605266498231342}, {'age_bin': '25-29', 'age_mid': 27.5, 'r2': 0.9684396104530651}, {'age_bin': '30-34', 'age_mid': 32.5, 'r2': 0.9690567313933818}, {'age_bin': '35-39', 'age_mid': 37.5, 'r2': 0.9705489640046542}, {'age_bin': '40-44', 'age_mid': 42.5, 'r2': 0.9696038916142002}, {'age_bin': '45-49', 'age_mid': 47.5, 'r2': 0.9813914178038979}, {'age_bin': '50-54', 'age_mid': 52.5, 'r2': 0.9904620319220604}, {'age_bin': '55-59', 'age_mid': 57.5, 'r2': 0.9922791572976154}, {'age_bin': '60-64', 'age_mid': 62.5, 'r2': 0.9951584945872606}, {'age_bin': '65-69', 'age_mid': 67.5, 'r2': 0.9841917284659445}, {'age_bin': '70-74', 'age_mid': 72.5, 'r2': 0.9852131925597173}, {'age_bin': '75-79', 'age_mid': 77.5, 'r2': 0.9916699156387586}, {'age_bin': '80-84', 'age_mid': 82.5, 'r2': 0.98485937740195}]"
docosatetraenoic acid,Docosatetraenoic acid (micromol/L),0.9692502335081691,0.9416948056711005,0.9762082660845547,13,4.0401632696650776,1.174516847255855,17.615907429886548,1.5314533647655368,"[{'age_bin': '20-24', 'age_mid': 22.5, 'r2': 0.9416948056711005}, {'age_bin': '25-29', 'age_mid': 27.5, 'r2': 0.9608352514798963}, {'age_bin': '30-34', 'age_mid': 32.5, 'r2': 0.9800829480120489}, {'age_bin': '35-39', 'age_mid': 37.5, 'r2': 0.9773461663481547}, {'age_bin': '40-44', 'age_mid': 42.5, 'r2': 0.9762082660845547}, {'age_bin': '45-49', 'age_mid': 47.5, 'r2': 0.9779207135416363}, {'age_bin': '50-54', 'age_mid': 52.5, 'r2': 0.960248235101803}, {'age_bin': '55-59', 'age_mid': 57.5, 'r2': 0.9465764127354745}, {'age_bin': '60-64', 'age_mid': 62.5, 'r2': 0.987437035099652}, {'age_bin': '65-69', 'age_mid': 67.5, 'r2': 0.9716705495138835}, {'age_bin': '70-74', 'age_mid': 72.5, 'r2': 0.9558111056538799}, {'age_bin': '75-79', 'age_mid': 77.5, 'r2': 0.9786830592614969}, {'age_bin': '80-84', 'age_mid': 82.5, 'r2': 0.9857384871026158}]"
docosenoic acid,Docosenoic acid (micromol/L),0.9687663053156785,0.9177065687824962,0.9786477671279644,13,1.2867855154172385,0.4567226501400956,1.393571390196983,0.3765212955367115,"[{'age_bin': '20-24', 'age_mid': 22.5, 'r2': 0.9493130148976033}, {'age_bin': '25-29', 'age_mid': 27.5, 'r2': 0.9508667306215945}, {'age_bin': '30-34', 'age_mid': 32.5, 'r2': 0.9537244037400578}, {'age_bin': '35-39', 'age_mid': 37.5, 'r2': 0.9177065687824962}, {'age_bin': '40-44', 'age_mid': 42.5, 'r2': 0.9671038403258981}, {'age_bin': '45-49', 'age_mid': 47.5, 'r2': 0.9786477671279644}, {'age_bin': '50-54', 'age_mid': 52.5, 'r2': 0.9872796750300779}, {'age_bin': '55-59', 'age_mid': 57.5, 'r2': 0.9820839643858915}, {'age_bin': '60-64', 'age_mid': 62.5, 'r2': 0.9798952935570058}, {'age_bin': '65-69', 'age_mid': 67.5, 'r2': 0.9815395474660138}, {'age_bin': '70-74', 'age_mid': 72.5, 'r2': 0.9731984729259051}, {'age_bin': '75-79', 'age_mid': 77.5, 'r2': 0.9849602233831649}, {'age_bin': '80-84', 'age_mid': 82.5, 'r2': 0.9876424668601472}]"
eicosadienoic acid 20 2n-6,Eicosadienoic acid (20:2n-6) (umol/L),0.9809365905732143,0.9594252272057697,0.9884785001696821,13,3.7080762880387255,1.2170575911662898,15.20320675528391,0.572339889315618,"[{'age_bin': '20-24', 'age_mid': 22.5, 'r2': 0.9594252272057697}, {'age_bin': '25-29', 'age_mid': 27.5, 'r2': 0.9655503233876012}, {'age_bin': '30-34', 'age_mid': 32.5, 'r2': 0.9704573490475863}, {'age_bin': '35-39', 'age_mid': 37.5, 'r2': 0.9602637687480475}, {'age_bin': '40-44', 'age_mid': 42.5, 'r2': 0.9835967618402472}, {'age_bin': '45-49', 'age_mid': 47.5, 'r2': 0.992411822274381}, {'age_bin': '50-54', 'age_mid': 52.5, 'r2': 0.9896359730108564}, {'age_bin': '55-59', 'age_mid': 57.5, 'r2': 0.9884785001696821}, {'age_bin': '60-64', 'age_mid': 62.5, 'r2': 0.9932304384505394}, {'age_bin': '65-69', 'age_mid': 67.5, 'r2': 0.9909301760417142}, {'age_bin': '70-74', 'age_mid': 72.5, 'r2': 0.9905667752437152}, {'age_bin': '75-79', 'age_mid': 77.5, 'r2': 0.972390067144987}, {'age_bin': '80-84', 'age_mid': 82.5, 'r2': 0.9952384948866569}]"
eicosadienoic acid,Eicosadienoic acid (micromol/L),0.9642777736227912,0.9422938431195228,0.9661946217713179,13,3.451489631906293,1.343553668574588,15.272010212027968,1.058651188097109,"[{'age_bin': '20-24', 'age_mid': 22.5, 'r2': 0.9471668405094353}, {'age_bin': '25-29', 'age_mid': 27.5, 'r2': 0.9709783555932251}, {'age_bin': '30-34', 'age_mid': 32.5, 'r2': 0.9466946955847177}, {'age_bin': '35-39', 'age_mid': 37.5, 'r2': 0.9661946217713179}, {'age_bin': '40-44', 'age_mid': 42.5, 'r2': 0.9441485292389409}, {'age_bin': '45-49', 'age_mid': 47.5, 'r2': 0.9886499449895628}, {'age_bin': '50-54', 'age_mid': 52.5, 'r2': 0.9726271644203331}, {'age_bin': '55-59', 'age_mid': 57.5, 'r2': 0.9422938431195228}, {'age_bin': '60-64', 'age_mid': 62.5, 'r2': 0.993496214309877}, {'age_bin': '65-69', 'age_mid': 67.5, 'r2': 0.9478933999344026}, {'age_bin': '70-74', 'age_mid': 72.5, 'r2': 0.9449002791640216}, {'age_bin': '75-79', 'age_mid': 77.5, 'r2': 0.985170271334929}, {'age_bin': '80-84', 'age_mid': 82.5, 'r2': 0.9853968971259994}]"
eicosapentaenoic acid 20 5n-3,Eicosapentaenoic acid (20:5n-3) (umol/L),0.947307746333432,0.9055448955943021,0.9455931852336281,13,18.3098122951808,3.2136423323376215,19.103731235786775,7.569344943649813,"[{'age_bin': '20-24', 'age_mid': 22.5, 'r2': 0.96877071422333}, {'age_bin': '25-29', 'age_mid': 27.5, 'r2': 0.9086280216035804}, {'age_bin': '30-34', 'age_mid': 32.5, 'r2': 0.9789273802725731}, {'age_bin': '35-39', 'age_mid': 37.5, 'r2': 0.9689896502495011}, {'age_bin': '40-44', 'age_mid': 42.5, 'r2': 0.9668576901566562}, {'age_bin': '45-49', 'age_mid': 47.5, 'r2': 0.961496675760394}, {'age_bin': '50-54', 'age_mid': 52.5, 'r2': 0.9375285317226232}, {'age_bin': '55-59', 'age_mid': 57.5, 'r2': 0.9455931852336281}, {'age_bin': '60-64', 'age_mid': 62.5, 'r2': 0.9444441983955052}, {'age_bin': '65-69', 'age_mid': 67.5, 'r2': 0.9417310915765051}, {'age_bin': '70-74', 'age_mid': 72.5, 'r2': 0.9572237379246978}, {'age_bin': '75-79', 'age_mid': 77.5, 'r2': 0.9292649296213191}, {'age_bin': '80-84', 'age_mid': 82.5, 'r2': 0.9055448955943021}]"
eicosapentaenoic acid,Eicosapentaenoic acid (micromol/L),0.9468257971003646,0.8631274693240824,0.9471203592627095,13,12.488362774996444,3.3834887680230015,19.272575173585224,2.6378256623261955,"[{'age_bin': '20-24', 'age_mid': 22.5, 'r2': 0.9471203592627095}, {'age_bin': '25-29', 'age_mid': 27.5, 'r2': 0.9440527308576351}, {'age_bin': '30-34', 'age_mid': 32.5, 'r2': 0.9378010047596244}, {'age_bin': '35-39', 'age_mid': 37.5, 'r2': 0.9192077360901227}, {'age_bin': '40-44', 'age_mid': 42.5, 'r2': 0.9533632131670082}, {'age_bin': '45-49', 'age_mid': 47.5, 'r2': 0.9773516019898568}, {'age_bin': '50-54', 'age_mid': 52.5, 'r2': 0.9760755914886297}, {'age_bin': '55-59', 'age_mid': 57.5, 'r2': 0.8631274693240824}, {'age_bin': '60-64', 'age_mid': 62.5, 'r2': 0.9861962637300141}, {'age_bin': '65-69', 'age_mid': 67.5, 'r2': 0.9237077072504962}, {'age_bin': '70-74', 'age_mid': 72.5, 'r2': 0.9843047834047807}, {'age_bin': '75-79', 'age_mid': 77.5, 'r2': 0.9911003947895086}, {'age_bin': '80-84', 'age_mid': 82.5, 'r2': 0.9053265061902711}]"
eicosatrienoic acid c20 3n-9,Eicosatrienoic acid (C20:3n-9) (umol/L),0.9775763504723686,0.9431314408461289,0.9789484378354714,13,1.8168704047871573,0.477794004645651,3.396541236244104,0.3327093429733943,"[{'age_bin': '20-24', 'age_mid': 22.5, 'r2': 0.9740223891852813}, {'age_bin': '25-29', 'age_mid': 27.5, 'r2': 0.9822061980860568}, {'age_bin': '30-34', 'age_mid': 32.5, 'r2': 0.9831696625717335}, {'age_bin': '35-39', 'age_mid': 37.5, 'r2': 0.9760246340393536}, {'age_bin': '40-44', 'age_mid': 42.5, 'r2': 0.9779172297374821}, {'age_bin': '45-49', 'age_mid': 47.5, 'r2': 0.9730285458024559}, {'age_bin': '50-54', 'age_mid': 52.5, 'r2': 0.9886713412249494}, {'age_bin': '55-59', 'age_mid': 57.5, 'r2': 0.969823622261051}, {'age_bin': '60-64', 'age_mid': 62.5, 'r2': 0.9850280357864887}, {'age_bin': '65-69', 'age_mid': 67.5, 'r2': 0.9789484378354714}, {'age_bin': '70-74', 'age_mid': 72.5, 'r2': 0.99278324963295}, {'age_bin': '75-79', 'age_mid': 77.5, 'r2': 0.9431314408461289}, {'age_bin': '80-84', 'age_mid': 82.5, 'r2': 0.9837377691313889}]"
eicosenoic acid 20 1n-9,Eicosenoic acid (20:1n-9) (umol/L),0.9744203907448248,0.9511930733723875,0.9775961274455927,13,2.450847894785924,0.8311489055410153,8.540367910084244,0.3615691862692374,"[{'age_bin': '20-24', 'age_mid': 22.5, 'r2': 0.960457621284369}, {'age_bin': '25-29', 'age_mid': 27.5, 'r2': 0.9634045487578715}, {'age_bin': '30-34', 'age_mid': 32.5, 'r2': 0.9511930733723875}, {'age_bin': '35-39', 'age_mid': 37.5, 'r2': 0.9603476116786474}, {'age_bin': '40-44', 'age_mid': 42.5, 'r2': 0.9641546454634473}, {'age_bin': '45-49', 'age_mid': 47.5, 'r2': 0.9775961274455927}, {'age_bin': '50-54', 'age_mid': 52.5, 'r2': 0.9850028090000488}, {'age_bin': '55-59', 'age_mid': 57.5, 'r2': 0.9776399498187779}, {'age_bin': '60-64', 'age_mid': 62.5, 'r2': 0.9772224145816524}, {'age_bin': '65-69', 'age_mid': 67.5, 'r2': 0.9979417007732845}, {'age_bin': '70-74', 'age_mid': 72.5, 'r2': 0.9902612830185674}, {'age_bin': '75-79', 'age_mid': 77.5, 'r2': 0.9782130129407642}, {'age_bin': '80-84', 'age_mid': 82.5, 'r2': 0.9840302815473141}]"
eicosenoic acid,Eicosenoic acid (micromol/L),0.9698407511569168,0.9444091641597822,0.9653160707034398,13,2.486033928330382,0.9117085654123834,9.215115164919482,0.898192918129712,"[{'age_bin': '20-24', 'age_mid': 22.5, 'r2': 0.944530663611077}, {'age_bin': '25-29', 'age_mid': 27.5, 'r2': 0.9600629708782075}, {'age_bin': '30-34', 'age_mid': 32.5, 'r2': 0.9527293241350688}, {'age_bin': '35-39', 'age_mid': 37.5, 'r2': 0.9742788676963107}, {'age_bin': '40-44', 'age_mid': 42.5, 'r2': 0.9635630128114813}, {'age_bin': '45-49', 'age_mid': 47.5, 'r2': 0.986270150422628}, {'age_bin': '50-54', 'age_mid': 52.5, 'r2': 0.9653160707034398}, {'age_bin': '55-59', 'age_mid': 57.5, 'r2': 0.9503444174865349}, {'age_bin': '60-64', 'age_mid': 62.5, 'r2': 0.9898790182444279}, {'age_bin': '65-69', 'age_mid': 67.5, 'r2': 0.9444091641597822}, {'age_bin': '70-74', 'age_mid': 72.5, 'r2': 0.9925762555916889}, {'age_bin': '75-79', 'age_mid': 77.5, 'r2': 0.9945617976224932}, {'age_bin': '80-84', 'age_mid': 82.5, 'r2': 0.9894080516767765}]"
endrin,Endrin (ng/g),0.5370958844965945,0.3574386569242972,0.5409181976628823,11,0.0005046817198812577,0.00025735224502497516,0.01107649115522457,0.00012531605543001533,"[{'age_bin': '20-24', 'age_mid': 22.5, 'r2': 0.483292093737392}, {'age_bin': '25-29', 'age_mid': 27.5, 'r2': 0.6701162345916641}, {'age_bin': '30-34', 'age_mid': 32.5, 'r2': 0.5495522516989899}, {'age_bin': '35-39', 'age_mid': 37.5, 'r2': 0.5307612669290964}, {'age_bin': '40-44', 'age_mid': 42.5, 'r2': 0.47931487985965127}, {'age_bin': '45-49', 'age_mid': 47.5, 'r2': 0.5409181976628823}, {'age_bin': '50-54', 'age_mid': 52.5, 'r2': 0.6223359361869129}, {'age_bin': '55-59', 'age_mid': 57.5, 'r2': 0.3574386569242972}, {'age_bin': '60-64', 'age_mid': 62.5, 'r2': 0.6053302718715382}, {'age_bin': '65-69', 'age_mid': 67.5, 'r2': 0.5016736460850726}, {'age_bin': '70-74', 'age_mid': 72.5, 'r2': 0.5673212939150423}, {'age_bin': '75-79', 'age_mid': 77.5, 'r2': None}, {'age_bin': '80-84', 'age_mid': 82.5, 'r2': None}]"
endrin lipid adjusted,Endrin Lipid Adjusted (ng/g),0.9618428060959006,0.9421177546057732,0.9589730531982824,13,0.5006194911805036,0.1973356676847064,1.6724614741749861,0.28338380028138127,"[{'age_bin': '20-24', 'age_mid': 22.5, 'r2': 0.9516038397282814}, {'age_bin': '25-29', 'age_mid': 27.5, 'r2': 0.9577399680420139}, {'age_bin': '30-34', 'age_mid': 32.5, 'r2': 0.9675326200370913}, {'age_bin': '35-39', 'age_mid': 37.5, 'r2': 0.9480090713449988}, {'age_bin': '40-44', 'age_mid': 42.5, 'r2': 0.9735624448176885}, {'age_bin': '45-49', 'age_mid': 47.5, 'r2': 0.9589730531982824}, {'age_bin': '50-54', 'age_mid': 52.5, 'r2': 0.970946649233109}, {'age_bin': '55-59', 'age_mid': 57.5, 'r2': 0.9625369736238578}, {'age_bin': '60-64', 'age_mid': 62.5, 'r2': 0.9857693888918696}, {'age_bin': '65-69', 'age_mid': 67.5, 'r2': 0.9421177546057732}, {'age_bin': '70-74', 'age_mid': 72.5, 'r2': 0.9481880550957706}, {'age_bin': '75-79', 'age_mid': 77.5, 'r2': 0.9536915405055097}, {'age_bin': '80-84', 'age_mid': 82.5, 'r2': 0.9832851201224603}]"
eosinophils number,Eosinophils number (1000 cells/uL),0.8934826093584451,0.8796852805865982,0.8929311054302105,13,0.0654111970342223,0.020393417357705404,0.04302530940718116,0.02239666650839584,"[{'age_bin': '20-24', 'age_mid': 22.5, 'r2': 0.8961877962202222}, {'age_bin': '25-29', 'age_mid': 27.5, 'r2': 0.9009854448053192}, {'age_bin': '30-34', 'age_mid': 32.5, 'r2': 0.8929311054302105}, {'age_bin': '35-39', 'age_mid': 37.5, 'r2': 0.8943480279087463}, {'age_bin': '40-44', 'age_mid': 42.5, 'r2': 0.8914585398562248}, {'age_bin': '45-49', 'age_mid': 47.5, 'r2': 0.892519640885383}, {'age_bin': '50-54', 'age_mid': 52.5, 'r2': 0.8843789876570219}, {'age_bin': '55-59', 'age_mid': 57.5, 'r2': 0.887378042845069}, {'age_bin': '60-64', 'age_mid': 62.5, 'r2': 0.8899258658066853}, {'age_bin': '65-69', 'age_mid': 67.5, 'r2': 0.90061764534202}, {'age_bin': '70-74', 'age_mid': 72.5, 'r2': 0.8796852805865982}, {'age_bin': '75-79', 'age_mid': 77.5, 'r2': 0.9029983576784166}, {'age_bin': '80-84', 'age_mid': 82.5, 'r2': 0.9018591866378702}]"
eosinophils percent,Eosinophils percent (%),0.9737566592982391,0.9608628902137302,0.9731755913416708,13,0.8561284652374219,0.2549607133202339,0.8034339826896252,0.24108808458196634,"[{'age_bin': '20-24', 'age_mid': 22.5, 'r2': 0.9608628902137302}, {'age_bin': '25-29', 'age_mid': 27.5, 'r2': 0.9699091353033109}, {'age_bin': '30-34', 'age_mid': 32.5, 'r2': 0.9691357270413656}, {'age_bin': '35-39', 'age_mid': 37.5, 'r2': 0.9708062684683493}, {'age_bin': '40-44', 'age_mid': 42.5, 'r2': 0.9726368707571174}, {'age_bin': '45-49', 'age_mid': 47.5, 'r2': 0.9752137869031141}, {'age_bin': '50-54', 'age_mid': 52.5, 'r2': 0.9676213385196535}, {'age_bin': '55-59', 'age_mid': 57.5, 'r2': 0.9857678016929802}, {'age_bin': '60-64', 'age_mid': 62.5, 'r2': 0.979099537211037}, {'age_bin': '65-69', 'age_mid': 67.5, 'r2': 0.9756501051891177}, {'age_bin': '70-74', 'age_mid': 72.5, 'r2': 0.9731755913416708}, {'age_bin': '75-79', 'age_mid': 77.5, 'r2': 0.9826920919355254}, {'age_bin': '80-84', 'age_mid': 82.5, 'r2': 0.9762654263001357}]"
estradiol,Estradiol (pg/mL),0.9154282857180592,0.815792270144319,0.8897579201519132,13,20.337615026695556,15.946732975616055,0.286104856565373,4.334848343334425,"[{'age_bin': '20-24', 'age_mid': 22.5, 'r2': 0.8353044755932288}, {'age_bin': '25-29', 'age_mid': 27.5, 'r2': 0.8571934016924543}, {'age_bin': '30-34', 'age_mid': 32.5, 'r2': 0.8897579201519132}, {'age_bin': '35-39', 'age_mid': 37.5, 'r2': 0.8642944755385764}, {'age_bin': '40-44', 'age_mid': 42.5, 'r2': 0.8657177579413917}, {'age_bin': '45-49', 'age_mid': 47.5, 'r2': 0.8356263095903755}, {'age_bin': '50-54', 'age_mid': 52.5, 'r2': 0.815792270144319}, {'age_bin': '55-59', 'age_mid': 57.5, 'r2': 0.9935012235830227}, {'age_bin': '60-64', 'age_mid': 62.5, 'r2': 0.9904186547521937}, {'age_bin': '65-69', 'age_mid': 67.5, 'r2': 0.9931175343148229}, {'age_bin': '70-74', 'age_mid': 72.5, 'r2': 0.988151819160838}, {'age_bin': '75-79', 'age_mid': 77.5, 'r2': 0.9909896098879508}, {'age_bin': '80-84', 'age_mid': 82.5, 'r2': 0.9807022619836842}]"
estrone,Estrone (ng/dL),0.9692131523779608,0.9209146533271911,0.9663012768369249,13,1.4325097967887612,0.7831616567254402,1.6069562061425542,0.5124606969747235,"[{'age_bin': '20-24', 'age_mid': 22.5, 'r2': 0.955614706561313}, {'age_bin': '25-29', 'age_mid': 27.5, 'r2': 0.9527280840095325}, {'age_bin': '30-34', 'age_mid': 32.5, 'r2': 0.9661056719711167}, {'age_bin': '35-39', 'age_mid': 37.5, 'r2': 0.9606316105691831}, {'age_bin': '40-44', 'age_mid': 42.5, 'r2': 0.9339606964102473}, {'age_bin': '45-49', 'age_mid': 47.5, 'r2': 0.9209146533271911}, {'age_bin': '50-54', 'age_mid': 52.5, 'r2': 0.9663012768369249}, {'age_bin': '55-59', 'age_mid': 57.5, 'r2': 0.9855889680214798}, {'age_bin': '60-64', 'age_mid': 62.5, 'r2': 0.9917046075905657}, {'age_bin': '65-69', 'age_mid': 67.5, 'r2': 0.9840525987466668}, {'age_bin': '70-74', 'age_mid': 72.5, 'r2': 0.9953776911858676}, {'age_bin': '75-79', 'age_mid': 77.5, 'r2': 0.9953211881757579}, {'age_bin': '80-84', 'age_mid': 82.5, 'r2': 0.9914692275076453}]"
estrone sulfate,Estrone Sulfate (pg/mL),0.9441193957812314,0.9148213833628136,0.940830374093706,13,345.153166173696,198.6832503374781,81.55191571700068,135.48398841681995,"[{'age_bin': '20-24', 'age_mid': 22.5, 'r2': 0.9599339763917567}, {'age_bin': '25-29', 'age_mid': 27.5, 'r2': 0.9666839018040756}, {'age_bin': '30-34', 'age_mid': 32.5, 'r2': 0.940830374093706}, {'age_bin': '35-39', 'age_mid': 37.5, 'r2': 0.9148213833628136}, {'age_bin': '40-44', 'age_mid': 42.5, 'r2': 0.9336795865212127}, {'age_bin': '45-49', 'age_mid': 47.5, 'r2': 0.9322898090358187}, {'age_bin': '50-54', 'age_mid': 52.5, 'r2': 0.9356291046153549}, {'age_bin': '55-59', 'age_mid': 57.5, 'r2': 0.9436015220675839}, {'age_bin': '60-64', 'age_mid': 62.5, 'r2': 0.9699783407330462}, {'age_bin': '65-69', 'age_mid': 67.5, 'r2': 0.9257567246826183}, {'age_bin': '70-74', 'age_mid': 72.5, 'r2': 0.9646267199056168}, {'age_bin': '75-79', 'age_mid': 77.5, 'r2': 0.9601267211527628}, {'age_bin': '80-84', 'age_mid': 82.5, 'r2': 0.9255939807896426}]"
ethylbenzene,Ethylbenzene (ug/cubic meter),0.7825026481443735,0.6555634699436238,0.7927611741894451,8,2.9034054034607046,1.0625241900690012,-0.39462398396678827,0.6022619882253075,"[{'age_bin': '20-24', 'age_mid': 22.5, 'r2': 0.7931791033522853}, {'age_bin': '25-29', 'age_mid': 27.5, 'r2': 0.6978611435086661}, {'age_bin': '30-34', 'age_mid': 32.5, 'r2': 0.6555634699436238}, {'age_bin': '35-39', 'age_mid': 37.5, 'r2': 0.8479097875515778}, {'age_bin': '40-44', 'age_mid': 42.5, 'r2': 0.7923432450266049}, {'age_bin': '45-49', 'age_mid': 47.5, 'r2': 0.9581566446531145}, {'age_bin': '50-54', 'age_mid': 52.5, 'r2': 0.7938253372524222}, {'age_bin': '55-59', 'age_mid': 57.5, 'r2': 0.7211824538666941}, {'age_bin': '60-64', 'age_mid': 62.5, 'r2': None}, {'age_bin': '65-69', 'age_mid': 67.5, 'r2': None}, {'age_bin': '70-74', 'age_mid': 72.5, 'r2': None}, {'age_bin': '75-79', 'age_mid': 77.5, 'r2': None}, {'age_bin': '80-84', 'age_mid': 82.5, 'r2': None}]"
ethylbenzene result,Ethylbenzene Result,,,,0,,,,,"[{'age_bin': '20-24', 'age_mid': 22.5, 'r2': None}, {'age_bin': '25-29', 'age_mid': 27.5, 'r2': None}, {'age_bin': '30-34', 'age_mid': 32.5, 'r2': None}, {'age_bin': '35-39', 'age_mid': 37.5, 'r2': None}, {'age_bin': '40-44', 'age_mid': 42.5, 'r2': None}, {'age_bin': '45-49', 'age_mid': 47.5, 'r2': None}, {'age_bin': '50-54', 'age_mid': 52.5, 'r2': None}, {'age_bin': '55-59', 'age_mid': 57.5, 'r2': None}, {'age_bin': '60-64', 'age_mid': 62.5, 'r2': None}, {'age_bin': '65-69', 'age_mid': 67.5, 'r2': None}, {'age_bin': '70-74', 'age_mid': 72.5, 'r2': None}, {'age_bin': '75-79', 'age_mid': 77.5, 'r2': None}, {'age_bin': '80-84', 'age_mid': 82.5, 'r2': None}]"
ethylene oxide,Ethylene Oxide (pmol/g Hb),0.7464586243703436,0.527835429752382,0.7613102489704232,13,37.81984939597317,19.33369984090192,-17.281460179856495,12.940992886286704,"[{'age_bin': '20-24', 'age_mid': 22.5, 'r2': 0.8303775704478771}, {'age_bin': '25-29', 'age_mid': 27.5, 'r2': 0.8389990281302203}, {'age_bin': '30-34', 'age_mid': 32.5, 'r2': 0.8417161484401913}, {'age_bin': '35-39', 'age_mid': 37.5, 'r2': 0.7999603549238308}, {'age_bin': '40-44', 'age_mid': 42.5, 'r2': 0.7597867838546034}, {'age_bin': '45-49', 'age_mid': 47.5, 'r2': 0.72913911170458}, {'age_bin': '50-54', 'age_mid': 52.5, 'r2': 0.7898281430817733}, {'age_bin': '55-59', 'age_mid': 57.5, 'r2': 0.7805716976067221}, {'age_bin': '60-64', 'age_mid': 62.5, 'r2': 0.7338891681900848}, {'age_bin': '65-69', 'age_mid': 67.5, 'r2': 0.6772092979971998}, {'age_bin': '70-74', 'age_mid': 72.5, 'r2': 0.527835429752382}, {'age_bin': '75-79', 'age_mid': 77.5, 'r2': 0.6333391337145782}, {'age_bin': '80-84', 'age_mid': 82.5, 'r2': 0.7613102489704232}]"
fasting glucose,Fasting Glucose (mg/dL),0.9303183545286734,0.8422232952240801,0.9359269076983463,13,6.455638945147279,0.70838014254829,87.4940933875064,1.6485803898043447,"[{'age_bin': '20-24', 'age_mid': 22.5, 'r2': 0.914583458354081}, {'age_bin': '25-29', 'age_mid': 27.5, 'r2': 0.9318025143149609}, {'age_bin': '30-34', 'age_mid': 32.5, 'r2': 0.9406181887206615}, {'age_bin': '35-39', 'age_mid': 37.5, 'r2': 0.9359269076983463}, {'age_bin': '40-44', 'age_mid': 42.5, 'r2': 0.958606769391154}, {'age_bin': '45-49', 'age_mid': 47.5, 'r2': 0.9561193346224408}, {'age_bin': '50-54', 'age_mid': 52.5, 'r2': 0.9308485807653005}, {'age_bin': '55-59', 'age_mid': 57.5, 'r2': 0.8422232952240801}, {'age_bin': '60-64', 'age_mid': 62.5, 'r2': 0.9279833420182201}, {'age_bin': '65-69', 'age_mid': 67.5, 'r2': 0.9393711673637938}, {'age_bin': '70-74', 'age_mid': 72.5, 'r2': 0.9435543680823572}, {'age_bin': '75-79', 'age_mid': 77.5, 'r2': 0.9387821491734708}, {'age_bin': '80-84', 'age_mid': 82.5, 'r2': 0.933718533143887}]"
ferritin,Ferritin (ng/mL),0.9433614750137582,0.9134325798715491,0.944789437384389,13,52.80831267566649,8.24748735535431,-2.4753583525182696,16.102946392483403,"[{'age_bin': '20-24', 'age_mid': 22.5, 'r2': 0.9622944990748225}, {'age_bin': '25-29', 'age_mid': 27.5, 'r2': 0.9535660812047791}, {'age_bin': '30-34', 'age_mid': 32.5, 'r2': 0.9460272458188508}, {'age_bin': '35-39', 'age_mid': 37.5, 'r2': 0.9413590890643757}, {'age_bin': '40-44', 'age_mid': 42.5, 'r2': 0.9461861923930859}, {'age_bin': '45-49', 'age_mid': 47.5, 'r2': 0.9420839580999282}, {'age_bin': '50-54', 'age_mid': 52.5, 'r2': 0.944789437384389}, {'age_bin': '55-59', 'age_mid': 57.5, 'r2': 0.9658263598365747}, {'age_bin': '60-64', 'age_mid': 62.5, 'r2': 0.9513973175308489}, {'age_bin': '65-69', 'age_mid': 67.5, 'r2': 0.9428543684452931}, {'age_bin': '70-74', 'age_mid': 72.5, 'r2': 0.9308355728643113}, {'age_bin': '75-79', 'age_mid': 77.5, 'r2': 0.9230464735900499}, {'age_bin': '80-84', 'age_mid': 82.5, 'r2': 0.9134325798715491}]"
ferritin in si unit,Ferritin in SI unit (ug/L),0.9577419724034213,0.9356088599827059,0.9584407544087521,6,27.023135453847814,4.928756626786367,11.488360092418853,6.3552161695881235,"[{'age_bin': '20-24', 'age_mid': 22.5, 'r2': 0.9614586941849378}, {'age_bin': '25-29', 'age_mid': 27.5, 'r2': 0.9788355960581465}, {'age_bin': '30-34', 'age_mid': 32.5, 'r2': 0.9452968253935221}, {'age_bin': '35-39', 'age_mid': 37.5, 'r2': 0.9698290441686491}, {'age_bin': '40-44', 'age_mid': 42.5, 'r2': 0.9356088599827059}, {'age_bin': '45-49', 'age_mid': 47.5, 'r2': 0.9554228146325665}, {'age_bin': '50-54', 'age_mid': 52.5, 'r2': None}, {'age_bin': '55-59', 'age_mid': 57.5, 'r2': None}, {'age_bin': '60-64', 'age_mid': 62.5, 'r2': None}, {'age_bin': '65-69', 'age_mid': 67.5, 'r2': None}, {'age_bin': '70-74', 'age_mid': 72.5, 'r2': None}, {'age_bin': '75-79', 'age_mid': 77.5, 'r2': None}, {'age_bin': '80-84', 'age_mid': 82.5, 'r2': None}]"
fibrinogen,Fibrinogen (mg/dL),0.9810058349619634,0.9594180144379051,0.9836544694500817,9,28.387396459236477,6.11014920082975,282.90900216922796,8.811150497804315,"[{'age_bin': '20-24', 'age_mid': 22.5, 'r2': None}, {'age_bin': '25-29', 'age_mid': 27.5, 'r2': None}, {'age_bin': '30-34', 'age_mid': 32.5, 'r2': None}, {'age_bin': '35-39', 'age_mid': 37.5, 'r2': None}, {'age_bin': '40-44', 'age_mid': 42.5, 'r2': 0.980214643358794}, {'age_bin': '45-49', 'age_mid': 47.5, 'r2': 0.9776843889225096}, {'age_bin': '50-54', 'age_mid': 52.5, 'r2': 0.9594180144379051}, {'age_bin': '55-59', 'age_mid': 57.5, 'r2': 0.9845973525203827}, {'age_bin': '60-64', 'age_mid': 62.5, 'r2': 0.9681535666272003}, {'age_bin': '65-69', 'age_mid': 67.5, 'r2': 0.9908990667348844}, {'age_bin': '70-74', 'age_mid': 72.5, 'r2': 0.9836544694500817}, {'age_bin': '75-79', 'age_mid': 77.5, 'r2': 0.9905809033084908}, {'age_bin': '80-84', 'age_mid': 82.5, 'r2': 0.9938501092974202}]"
serum folate,"Folate, serum (ng/mL)",0.9819030804747502,0.9708873841696035,0.9833221466119544,13,3.8510537533255866,0.252015812271658,6.026834646130386,1.2954485459911815,"[{'age_bin': '20-24', 'age_mid': 22.5, 'r2': 0.9708873841696035}, {'age_bin': '25-29', 'age_mid': 27.5, 'r2': 0.9748027863836292}, {'age_bin': '30-34', 'age_mid': 32.5, 'r2': 0.9730428143261216}, {'age_bin': '35-39', 'age_mid': 37.5, 'r2': 0.9754218306096463}, {'age_bin': '40-44', 'age_mid': 42.5, 'r2': 0.9829145137756533}, {'age_bin': '45-49', 'age_mid': 47.5, 'r2': 0.9881722421723886}, {'age_bin': '50-54', 'age_mid': 52.5, 'r2': 0.9857640537792498}, {'age_bin': '55-59', 'age_mid': 57.5, 'r2': 0.9850077170024415}, {'age_bin': '60-64', 'age_mid': 62.5, 'r2': 0.9871271586911722}, {'age_bin': '65-69', 'age_mid': 67.5, 'r2': 0.9924125444946634}, {'age_bin': '70-74', 'age_mid': 72.5, 'r2': 0.9853426841770884}, {'age_bin': '75-79', 'age_mid': 77.5, 'r2': 0.9805221699781406}, {'age_bin': '80-84', 'age_mid': 82.5, 'r2': 0.9833221466119544}]"
folic acid,Folic Acid (ng/ml),0.7203077292551543,0.5072207450593356,0.7423634523015625,13,0.15538929959879122,0.03968756470895057,-0.049167921917435034,0.2519748703699153,"[{'age_bin': '20-24', 'age_mid': 22.5, 'r2': 0.8228948433787565}, {'age_bin': '25-29', 'age_mid': 27.5, 'r2': 0.8305488233580638}, {'age_bin': '30-34', 'age_mid': 32.5, 'r2': 0.6836067629765699}, {'age_bin': '35-39', 'age_mid': 37.5, 'r2': 0.8086936340336734}, {'age_bin': '40-44', 'age_mid': 42.5, 'r2': 0.784772589226389}, {'age_bin': '45-49', 'age_mid': 47.5, 'r2': 0.7220536032789594}, {'age_bin': '50-54', 'age_mid': 52.5, 'r2': 0.7658883814056447}, {'age_bin': '55-59', 'age_mid': 57.5, 'r2': 0.7423634523015625}, {'age_bin': '60-64', 'age_mid': 62.5, 'r2': 0.6681299876119768}, {'age_bin': '65-69', 'age_mid': 67.5, 'r2': 0.6237045968181059}, {'age_bin': '70-74', 'age_mid': 72.5, 'r2': 0.7455416375047309}, {'age_bin': '75-79', 'age_mid': 77.5, 'r2': 0.6585814233632403}, {'age_bin': '80-84', 'age_mid': 82.5, 'r2': 0.5072207450593356}]"
follicle stimulating hormone,Follicle Stimulating Hormone (mIU/mL),0.9375434115684821,0.659878603147641,0.9712470794127785,13,8.966262700551242,5.675792971172007,-2.2276691958198396,4.4041943202034854,"[{'age_bin': '20-24', 'age_mid': 22.5, 'r2': 0.9729470686628352}, {'age_bin': '25-29', 'age_mid': 27.5, 'r2': 0.9629090512415232}, {'age_bin': '30-34', 'age_mid': 32.5, 'r2': 0.979624001010436}, {'age_bin': '35-39', 'age_mid': 37.5, 'r2': 0.9412992842219875}, {'age_bin': '40-44', 'age_mid': 42.5, 'r2': 0.659878603147641}, {'age_bin': '45-49', 'age_mid': 47.5, 'r2': 0.8522159447119654}, {'age_bin': '50-54', 'age_mid': 52.5, 'r2': 0.9823867927929073}, {'age_bin': '55-59', 'age_mid': 57.5, 'r2': 0.9797371983994237}, {'age_bin': '60-64', 'age_mid': 62.5, 'r2': 0.9542917503053243}, {'age_bin': '65-69', 'age_mid': 67.5, 'r2': 0.9712470794127785}, {'age_bin': '70-74', 'age_mid': 72.5, 'r2': 0.9680842271474435}, {'age_bin': '75-79', 'age_mid': 77.5, 'r2': 0.9804732857594151}, {'age_bin': '80-84', 'age_mid': 82.5, 'r2': 0.9829700635765878}]"
formaldehyde,Formaldehyde (nmol/g HB),0.9398893275726402,0.8804209144986953,0.9481088705706926,13,8.797442066456746,2.9031809594982203,114.91736014788464,4.995677603949674,"[{'age_bin': '20-24', 'age_mid': 22.5, 'r2': 0.8804209144986953}, {'age_bin': '25-29', 'age_mid': 27.5, 'r2': 0.9020698978343432}, {'age_bin': '30-34', 'age_mid': 32.5, 'r2': 0.919599871335768}, {'age_bin': '35-39', 'age_mid': 37.5, 'r2': 0.9577291068588462}, {'age_bin': '40-44', 'age_mid': 42.5, 'r2': 0.9584571435841085}, {'age_bin': '45-49', 'age_mid': 47.5, 'r2': 0.9677027526798752}, {'age_bin': '50-54', 'age_mid': 52.5, 'r2': 0.8941403411054399}, {'age_bin': '55-59', 'age_mid': 57.5, 'r2': 0.9770364441307302}, {'age_bin': '60-64', 'age_mid': 62.5, 'r2': 0.9794595543671093}, {'age_bin': '65-69', 'age_mid': 67.5, 'r2': 0.9855501127383665}, {'age_bin': '70-74', 'age_mid': 72.5, 'r2': 0.9481088705706926}, {'age_bin': '75-79', 'age_mid': 77.5, 'r2': 0.930745827605269}, {'age_bin': '80-84', 'age_mid': 82.5, 'r2': 0.9175404211350796}]"
free t3,Free T3,0.9389887286063403,0.8746802012166293,0.9456225178355202,12,0.1534328951132321,0.05539875207016836,2.8538546733306,0.15157116476013718,"[{'age_bin': '20-24', 'age_mid': 22.5, 'r2': 0.9297208471564088}, {'age_bin': '25-29', 'age_mid': 27.5, 'r2': 0.8746802012166293}, {'age_bin': '30-34', 'age_mid': 32.5, 'r2': 0.9200877892759901}, {'age_bin': '35-39', 'age_mid': 37.5, 'r2': 0.9249499936531388}, {'age_bin': '40-44', 'age_mid': 42.5, 'r2': 0.9373696978537348}, {'age_bin': '45-49', 'age_mid': 47.5, 'r2': 0.961899606819585}, {'age_bin': '50-54', 'age_mid': 52.5, 'r2': 0.9672096187901296}, {'age_bin': '55-59', 'age_mid': 57.5, 'r2': 0.9538753378173055}, {'age_bin': '60-64', 'age_mid': 62.5, 'r2': 0.891985484513051}, {'age_bin': '65-69', 'age_mid': 67.5, 'r2': 0.9639142470623489}, {'age_bin': '70-74', 'age_mid': 72.5, 'r2': 0.9734337978882904}, {'age_bin': '75-79', 'age_mid': 77.5, 'r2': 0.9687381212294733}, {'age_bin': '80-84', 'age_mid': 82.5, 'r2': None}]"
free prostate specific antigen,Free prostate specific antigen (ng/mL),0.9510496302469001,0.841963198552341,0.9730099704673069,9,0.11627847897451517,0.04027404199513182,0.02550506104246948,0.10892762780768402,"[{'age_bin': '20-24', 'age_mid': 22.5, 'r2': None}, {'age_bin': '25-29', 'age_mid': 27.5, 'r2': None}, {'age_bin': '30-34', 'age_mid': 32.5, 'r2': None}, {'age_bin': '35-39', 'age_mid': 37.5, 'r2': None}, {'age_bin': '40-44', 'age_mid': 42.5, 'r2': 0.9730099704673069}, {'age_bin': '45-49', 'age_mid': 47.5, 'r2': 0.9761599613339637}, {'age_bin': '50-54', 'age_mid': 52.5, 'r2': 0.9918918605198705}, {'age_bin': '55-59', 'age_mid': 57.5, 'r2': 0.9757530202804027}, {'age_bin': '60-64', 'age_mid': 62.5, 'r2': 0.9778808803845473}, {'age_bin': '65-69', 'age_mid': 67.5, 'r2': 0.9593957441539469}, {'age_bin': '70-74', 'age_mid': 72.5, 'r2': 0.8952814647001799}, {'age_bin': '75-79', 'age_mid': 77.5, 'r2': 0.9681105718295433}, {'age_bin': '80-84', 'age_mid': 82.5, 'r2': 0.841963198552341}]"
ggt,GGT (U/L),0.8989098820778275,0.8381988933580509,0.917959430070526,13,8.410420093207495,2.9870038619982324,8.471219660384932,1.875936266408374,"[{'age_bin': '20-24', 'age_mid': 22.5, 'r2': 0.9403854063767216}, {'age_bin': '25-29', 'age_mid': 27.5, 'r2': 0.9185448986124372}, {'age_bin': '30-34', 'age_mid': 32.5, 'r2': 0.9183043173449454}, {'age_bin': '35-39', 'age_mid': 37.5, 'r2': 0.9207187127170683}, {'age_bin': '40-44', 'age_mid': 42.5, 'r2': 0.882041767513095}, {'age_bin': '45-49', 'age_mid': 47.5, 'r2': 0.917959430070526}, {'age_bin': '50-54', 'age_mid': 52.5, 'r2': 0.8901615526720925}, {'age_bin': '55-59', 'age_mid': 57.5, 'r2': 0.8381988933580509}, {'age_bin': '60-64', 'age_mid': 62.5, 'r2': 0.8781470965084842}, {'age_bin': '65-69', 'age_mid': 67.5, 'r2': 0.9304135251822747}, {'age_bin': '70-74', 'age_mid': 72.5, 'r2': 0.9187841431518088}, {'age_bin': '75-79', 'age_mid': 77.5, 'r2': 0.8485490190506766}, {'age_bin': '80-84', 'age_mid': 82.5, 'r2': 0.8836197044535774}]"
ggt si,GGT: SI (U/L),0.9111971217935049,0.8263214697141343,0.9236570219334109,13,8.428950858276764,3.2189443848645767,8.069811272423038,2.356275887462293,"[{'age_bin': '20-24', 'age_mid': 22.5, 'r2': 0.9367042134133708}, {'age_bin': '25-29', 'age_mid': 27.5, 'r2': 0.9236570219334109}, {'age_bin': '30-34', 'age_mid': 32.5, 'r2': 0.9291045606844986}, {'age_bin': '35-39', 'age_mid': 37.5, 'r2': 0.8976435201808037}, {'age_bin': '40-44', 'age_mid': 42.5, 'r2': 0.9116619239160845}, {'age_bin': '45-49', 'age_mid': 47.5, 'r2': 0.9295033429290753}, {'age_bin': '50-54', 'age_mid': 52.5, 'r2': 0.8984419732569836}, {'age_bin': '55-59', 'age_mid': 57.5, 'r2': 0.8953913562890444}, {'age_bin': '60-64', 'age_mid': 62.5, 'r2': 0.854050704798686}, {'age_bin': '65-69', 'age_mid': 67.5, 'r2': 0.9574992368542335}, {'age_bin': '70-74', 'age_mid': 72.5, 'r2': 0.9586241131036659}, {'age_bin': '75-79', 'age_mid': 77.5, 'r2': 0.926959146241572}, {'age_bin': '80-84', 'age_mid': 82.5, 'r2': 0.8263214697141343}]"
gamma,Gamma,0.930202472339845,0.8096281777873283,0.9535930016707106,5,0.16105462247527585,0.026497920268242832,1.0111148011495559,0.12271104484543573,"[{'age_bin': '20-24', 'age_mid': 22.5, 'r2': None}, {'age_bin': '25-29', 'age_mid': 27.5, 'r2': None}, {'age_bin': '30-34', 'age_mid': 32.5, 'r2': None}, {'age_bin': '35-39', 'age_mid': 37.5, 'r2': None}, {'age_bin': '40-44', 'age_mid': 42.5, 'r2': None}, {'age_bin': '45-49', 'age_mid': 47.5, 'r2': None}, {'age_bin': '50-54', 'age_mid': 52.5, 'r2': 0.8096281777873283}, {'age_bin': '55-59', 'age_mid': 57.5, 'r2': None}, {'age_bin': '60-64', 'age_mid': 62.5, 'r2': 0.9535930016707106}, {'age_bin': '65-69', 'age_mid': 67.5, 'r2': 0.9719475442997729}, {'age_bin': '70-74', 'age_mid': 72.5, 'r2': 0.9648271343602466}, {'age_bin': '75-79', 'age_mid': 77.5, 'r2': 0.9510165035811666}, {'age_bin': '80-84', 'age_mid': 82.5, 'r2': None}]"
gamma glutamyl transferase ggt,Gamma Glutamyl Transferase (GGT) (IU/L),0.881262659890766,0.8215201791649611,0.8710800802877556,13,8.475974825958904,2.7489772159791177,6.609326755886296,2.2267814074300567,"[{'age_bin': '20-24', 'age_mid': 22.5, 'r2': 0.9437287511041109}, {'age_bin': '25-29', 'age_mid': 27.5, 'r2': 0.8979237465841122}, {'age_bin': '30-34', 'age_mid': 32.5, 'r2': 0.9210183469901948}, {'age_bin': '35-39', 'age_mid': 37.5, 'r2': 0.9053256818419451}, {'age_bin': '40-44', 'age_mid': 42.5, 'r2': 0.907167474801269}, {'age_bin': '45-49', 'age_mid': 47.5, 'r2': 0.8458411348952052}, {'age_bin': '50-54', 'age_mid': 52.5, 'r2': 0.8509441363978454}, {'age_bin': '55-59', 'age_mid': 57.5, 'r2': 0.8454470209660221}, {'age_bin': '60-64', 'age_mid': 62.5, 'r2': 0.8710800802877556}, {'age_bin': '65-69', 'age_mid': 67.5, 'r2': 0.8583901637408697}, {'age_bin': '70-74', 'age_mid': 72.5, 'r2': 0.9187644083435828}, {'age_bin': '75-79', 'age_mid': 77.5, 'r2': 0.8215201791649611}, {'age_bin': '80-84', 'age_mid': 82.5, 'r2': 0.8692634534620841}]"
gamma glutamyl transferase,Gamma glutamyl transferase (U/L),0.9041482557419566,0.8474550830857954,0.908051886160047,13,7.280783118930791,2.4632227750163413,7.440015524023883,1.495513438742741,"[{'age_bin': '20-24', 'age_mid': 22.5, 'r2': 0.9271961323339475}, {'age_bin': '25-29', 'age_mid': 27.5, 'r2': 0.921946326141176}, {'age_bin': '30-34', 'age_mid': 32.5, 'r2': 0.9297702703978405}, {'age_bin': '35-39', 'age_mid': 37.5, 'r2': 0.923075280860994}, {'age_bin': '40-44', 'age_mid': 42.5, 'r2': 0.8931946057229463}, {'age_bin': '45-49', 'age_mid': 47.5, 'r2': 0.9056646507173248}, {'age_bin': '50-54', 'age_mid': 52.5, 'r2': 0.8474550830857954}, {'age_bin': '55-59', 'age_mid': 57.5, 'r2': 0.8933290303283531}, {'age_bin': '60-64', 'age_mid': 62.5, 'r2': 0.8596803687343795}, {'age_bin': '65-69', 'age_mid': 67.5, 'r2': 0.9172070515971417}, {'age_bin': '70-74', 'age_mid': 72.5, 'r2': 0.8944587419307738}, {'age_bin': '75-79', 'age_mid': 77.5, 'r2': 0.908051886160047}, {'age_bin': '80-84', 'age_mid': 82.5, 'r2': 0.9328978966347174}]"
gamma glutamyl transferase si,Gamma glutamyl transferase : SI (U/L),0.8840038674500038,0.7637916130196292,0.905296789575159,13,7.799542544477278,2.7234443017949257,7.18638423523502,2.503773461794211,"[{'age_bin': '20-24', 'age_mid': 22.5, 'r2': 0.9440442011298021}, {'age_bin': '25-29', 'age_mid': 27.5, 'r2': 0.9450247001096952}, {'age_bin': '30-34', 'age_mid': 32.5, 'r2': 0.905296789575159}, {'age_bin': '35-39', 'age_mid': 37.5, 'r2': 0.9244342366617045}, {'age_bin': '40-44', 'age_mid': 42.5, 'r2': 0.9325677913460321}, {'age_bin': '45-49', 'age_mid': 47.5, 'r2': 0.8976152036200467}, {'age_bin': '50-54', 'age_mid': 52.5, 'r2': 0.8057071810661132}, {'age_bin': '55-59', 'age_mid': 57.5, 'r2': 0.9167387605928452}, {'age_bin': '60-64', 'age_mid': 62.5, 'r2': 0.7894731990631756}, {'age_bin': '65-69', 'age_mid': 67.5, 'r2': 0.9206000578349334}, {'age_bin': '70-74', 'age_mid': 72.5, 'r2': 0.8713262408786657}, {'age_bin': '75-79', 'age_mid': 77.5, 'r2': 0.8754303019522482}, {'age_bin': '80-84', 'age_mid': 82.5, 'r2': 0.7637916130196292}]"
gamma tocopherol,Gamma tocopherol (ug/dL),0.9776184662102315,0.9247775183875838,0.9883015585751153,13,58.59373845012765,12.641324107962598,94.28814512838335,40.934003332256445,"[{'age_bin': '20-24', 'age_mid': 22.5, 'r2': 0.9247775183875838}, {'age_bin': '25-29', 'age_mid': 27.5, 'r2': 0.9582217229613753}, {'age_bin': '30-34', 'age_mid': 32.5, 'r2': 0.963999248954517}, {'age_bin': '35-39', 'age_mid': 37.5, 'r2': 0.9732190132133057}, {'age_bin': '40-44', 'age_mid': 42.5, 'r2': 0.959621282932053}, {'age_bin': '45-49', 'age_mid': 47.5, 'r2': 0.990217371811989}, {'age_bin': '50-54', 'age_mid': 52.5, 'r2': 0.9883015585751153}, {'age_bin': '55-59', 'age_mid': 57.5, 'r2': 0.9912927373022443}, {'age_bin': '60-64', 'age_mid': 62.5, 'r2': 0.9866842367362204}, {'age_bin': '65-69', 'age_mid': 67.5, 'r2': 0.9931980043636166}, {'age_bin': '70-74', 'age_mid': 72.5, 'r2': 0.9935083790332444}, {'age_bin': '75-79', 'age_mid': 77.5, 'r2': 0.9922580189877322}, {'age_bin': '80-84', 'age_mid': 82.5, 'r2': 0.9937409674740136}]"
gamma-hexachloro-cyclohexane,Gamma-hexachloro-cyclohexane (ng/g),0.9000235994353678,0.8546354393910403,0.9014735506550293,13,0.0037238600894002297,0.0009458327246837838,0.012216235689732137,0.0015876370692044122,"[{'age_bin': '20-24', 'age_mid': 22.5, 'r2': 0.8546354393910403}, {'age_bin': '25-29', 'age_mid': 27.5, 'r2': 0.8560625197069138}, {'age_bin': '30-34', 'age_mid': 32.5, 'r2': 0.8822484797179223}, {'age_bin': '35-39', 'age_mid': 37.5, 'r2': 0.859002939031623}, {'age_bin': '40-44', 'age_mid': 42.5, 'r2': 0.8902729151217115}, {'age_bin': '45-49', 'age_mid': 47.5, 'r2': 0.9143471524654871}, {'age_bin': '50-54', 'age_mid': 52.5, 'r2': 0.9014735506550293}, {'age_bin': '55-59', 'age_mid': 57.5, 'r2': 0.8871124843331637}, {'age_bin': '60-64', 'age_mid': 62.5, 'r2': 0.9380101524282146}, {'age_bin': '65-69', 'age_mid': 67.5, 'r2': 0.942824372230508}, {'age_bin': '70-74', 'age_mid': 72.5, 'r2': 0.9310426909716119}, {'age_bin': '75-79', 'age_mid': 77.5, 'r2': 0.9271478898302515}, {'age_bin': '80-84', 'age_mid': 82.5, 'r2': 0.9161262067763033}]"
gamma-hexachlorocyclohexane lipid adjusted,Gamma-hexachlorocyclohexane Lipid Adjusted (ng/g),0.9798286449416054,0.9525796111413339,0.9837628081015863,13,0.7203721995540178,0.2401575376573957,1.7679525103916975,0.387212590051113,"[{'age_bin': '20-24', 'age_mid': 22.5, 'r2': 0.9525796111413339}, {'age_bin': '25-29', 'age_mid': 27.5, 'r2': 0.9584637666877629}, {'age_bin': '30-34', 'age_mid': 32.5, 'r2': 0.9800567506913688}, {'age_bin': '35-39', 'age_mid': 37.5, 'r2': 0.9718427002892378}, {'age_bin': '40-44', 'age_mid': 42.5, 'r2': 0.9819395217347848}, {'age_bin': '45-49', 'age_mid': 47.5, 'r2': 0.9689370230032082}, {'age_bin': '50-54', 'age_mid': 52.5, 'r2': 0.9837628081015863}, {'age_bin': '55-59', 'age_mid': 57.5, 'r2': 0.9862612792557209}, {'age_bin': '60-64', 'age_mid': 62.5, 'r2': 0.9970514197033756}, {'age_bin': '65-69', 'age_mid': 67.5, 'r2': 0.989713553048539}, {'age_bin': '70-74', 'age_mid': 72.5, 'r2': 0.9900251175201933}, {'age_bin': '75-79', 'age_mid': 77.5, 'r2': 0.9886192943498342}, {'age_bin': '80-84', 'age_mid': 82.5, 'r2': 0.9885195387139242}]"
globulin,Globulin (g/dL),0.9585991929931369,0.8991901353138848,0.9711234976680536,13,0.2168936533742803,0.05005468419631554,2.493572134557758,0.11169528962689115,"[{'age_bin': '20-24', 'age_mid': 22.5, 'r2': 0.8991901353138848}, {'age_bin': '25-29', 'age_mid': 27.5, 'r2': 0.909704884313133}, {'age_bin': '30-34', 'age_mid': 32.5, 'r2': 0.9273221906103116}, {'age_bin': '35-39', 'age_mid': 37.5, 'r2': 0.9380820523709827}, {'age_bin': '40-44', 'age_mid': 42.5, 'r2': 0.9554868976255587}, {'age_bin': '45-49', 'age_mid': 47.5, 'r2': 0.9582220797616668}, {'age_bin': '50-54', 'age_mid': 52.5, 'r2': 0.9711234976680536}, {'age_bin': '55-59', 'age_mid': 57.5, 'r2': 0.9797970943087491}, {'age_bin': '60-64', 'age_mid': 62.5, 'r2': 0.9840606375385312}, {'age_bin': '65-69', 'age_mid': 67.5, 'r2': 0.9873934848384527}, {'age_bin': '70-74', 'age_mid': 72.5, 'r2': 0.9857218868830626}, {'age_bin': '75-79', 'age_mid': 77.5, 'r2': 0.9797143752962839}, {'age_bin': '80-84', 'age_mid': 82.5, 'r2': 0.9859702923821084}]"
glucose plasma,"Glucose, plasma (mg/dL)",0.9610651316405898,0.9016940435080157,0.9660447572721483,13,5.064466904596005,0.6920799713156726,85.72728742464602,1.242989851802288,"[{'age_bin': '20-24', 'age_mid': 22.5, 'r2': 0.9234237885149884}, {'age_bin': '25-29', 'age_mid': 27.5, 'r2': 0.9016940435080157}, {'age_bin': '30-34', 'age_mid': 32.5, 'r2': 0.9458081274771912}, {'age_bin': '35-39', 'age_mid': 37.5, 'r2': 0.9619180599245871}, {'age_bin': '40-44', 'age_mid': 42.5, 'r2': 0.9813482174440876}, {'age_bin': '45-49', 'age_mid': 47.5, 'r2': 0.9780749256130016}, {'age_bin': '50-54', 'age_mid': 52.5, 'r2': 0.9875075190945277}, {'age_bin': '55-59', 'age_mid': 57.5, 'r2': 0.9614559829471149}, {'age_bin': '60-64', 'age_mid': 62.5, 'r2': 0.9660447572721483}, {'age_bin': '65-69', 'age_mid': 67.5, 'r2': 0.967290867081729}, {'age_bin': '70-74', 'age_mid': 72.5, 'r2': 0.9917218643619629}, {'age_bin': '75-79', 'age_mid': 77.5, 'r2': 0.9802833402659583}, {'age_bin': '80-84', 'age_mid': 82.5, 'r2': 0.9472752178223554}]"
glucose,"Glucose, refrigerated serum (mg/dL)",0.9096917005603403,0.8169952248068245,0.908503700791514,13,6.839802804699815,0.836410847682847,79.12419351547791,2.0059204234069097,"[{'age_bin': '20-24', 'age_mid': 22.5, 'r2': 0.9118708767585959}, {'age_bin': '25-29', 'age_mid': 27.5, 'r2': 0.94107107506749}, {'age_bin': '30-34', 'age_mid': 32.5, 'r2': 0.9457887243836818}, {'age_bin': '35-39', 'age_mid': 37.5, 'r2': 0.9515818327932113}, {'age_bin': '40-44', 'age_mid': 42.5, 'r2': 0.9308507214506576}, {'age_bin': '45-49', 'age_mid': 47.5, 'r2': 0.9222440999233599}, {'age_bin': '50-54', 'age_mid': 52.5, 'r2': 0.8976320835821326}, {'age_bin': '55-59', 'age_mid': 57.5, 'r2': 0.8169952248068245}, {'age_bin': '60-64', 'age_mid': 62.5, 'r2': 0.9073841429579934}, {'age_bin': '65-69', 'age_mid': 67.5, 'r2': 0.8864079733887222}, {'age_bin': '70-74', 'age_mid': 72.5, 'r2': 0.9042143177945793}, {'age_bin': '75-79', 'age_mid': 77.5, 'r2': 0.9014473335856636}, {'age_bin': '80-84', 'age_mid': 82.5, 'r2': 0.908503700791514}]"
glucose serum,"Glucose, serum (mg/dL)",0.9514335888933515,0.9026819840547604,0.9587391515576683,13,5.871431309427118,0.8545382729749773,79.49897949486666,0.7757872089217988,"[{'age_bin': '20-24', 'age_mid': 22.5, 'r2': 0.9026819840547604}, {'age_bin': '25-29', 'age_mid': 27.5, 'r2': 0.9157721372320513}, {'age_bin': '30-34', 'age_mid': 32.5, 'r2': 0.94690563987796}, {'age_bin': '35-39', 'age_mid': 37.5, 'r2': 0.9521158175885489}, {'age_bin': '40-44', 'age_mid': 42.5, 'r2': 0.9587391515576683}, {'age_bin': '45-49', 'age_mid': 47.5, 'r2': 0.9603028686690029}, {'age_bin': '50-54', 'age_mid': 52.5, 'r2': 0.972377105280001}, {'age_bin': '55-59', 'age_mid': 57.5, 'r2': 0.9581883519265445}, {'age_bin': '60-64', 'age_mid': 62.5, 'r2': 0.9714104981427941}, {'age_bin': '65-69', 'age_mid': 67.5, 'r2': 0.9607397811332078}, {'age_bin': '70-74', 'age_mid': 72.5, 'r2': 0.9636622417778712}, {'age_bin': '75-79', 'age_mid': 77.5, 'r2': 0.9769879173135786}, {'age_bin': '80-84', 'age_mid': 82.5, 'r2': 0.9287531610595777}]"
glycated albumin,Glycated Albumin (g/dL),0.9616994444103771,0.9095933552424108,0.9686234247767613,13,0.041940794267169804,0.011125944485820147,0.45232081574136995,0.014445575242565954,"[{'age_bin': '20-24', 'age_mid': 22.5, 'r2': 0.922410076647989}, {'age_bin': '25-29', 'age_mid': 27.5, 'r2': 0.9095933552424108}, {'age_bin': '30-34', 'age_mid': 32.5, 'r2': 0.9287535395711021}, {'age_bin': '35-39', 'age_mid': 37.5, 'r2': 0.947576599551415}, {'age_bin': '40-44', 'age_mid': 42.5, 'r2': 0.9617232335171203}, {'age_bin': '45-49', 'age_mid': 47.5, 'r2': 0.9758368352615108}, {'age_bin': '50-54', 'age_mid': 52.5, 'r2': 0.934276219138882}, {'age_bin': '55-59', 'age_mid': 57.5, 'r2': 0.9686234247767613}, {'age_bin': '60-64', 'age_mid': 62.5, 'r2': 0.9955309676135345}, {'age_bin': '65-69', 'age_mid': 67.5, 'r2': 0.9884103955546333}, {'age_bin': '70-74', 'age_mid': 72.5, 'r2': 0.9920339255645612}, {'age_bin': '75-79', 'age_mid': 77.5, 'r2': 0.987585389249455}, {'age_bin': '80-84', 'age_mid': 82.5, 'r2': 0.9897388156455295}]"
glycidamide,Glycidamide (pmoL/G Hb),0.9486753657290213,0.9020314768732185,0.9536747320264092,13,18.092460655032337,8.50010961307157,23.112516421375247,5.665126093004674,"[{'age_bin': '20-24', 'age_mid': 22.5, 'r2': 0.9551202265439863}, {'age_bin': '25-29', 'age_mid': 27.5, 'r2': 0.9020314768732185}, {'age_bin': '30-34', 'age_mid': 32.5, 'r2': 0.9387812610688395}, {'age_bin': '35-39', 'age_mid': 37.5, 'r2': 0.9405970291936245}, {'age_bin': '40-44', 'age_mid': 42.5, 'r2': 0.9063134176938636}, {'age_bin': '45-49', 'age_mid': 47.5, 'r2': 0.9481981741489842}, {'age_bin': '50-54', 'age_mid': 52.5, 'r2': 0.947310963316437}, {'age_bin': '55-59', 'age_mid': 57.5, 'r2': 0.9703771123258307}, {'age_bin': '60-64', 'age_mid': 62.5, 'r2': 0.9546789898251692}, {'age_bin': '65-69', 'age_mid': 67.5, 'r2': 0.9536747320264092}, {'age_bin': '70-74', 'age_mid': 72.5, 'r2': 0.9721128829457915}, {'age_bin': '75-79', 'age_mid': 77.5, 'r2': 0.9755351425539711}, {'age_bin': '80-84', 'age_mid': 82.5, 'r2': 0.9680483459611502}]"
glycideamide,Glycideamide (pmol/g Hb),0.9199976144820512,0.8280717654655029,0.9162148695590907,13,15.569145475403985,8.450928983260985,16.988931907576053,4.719938348973995,"[{'age_bin': '20-24', 'age_mid': 22.5, 'r2': 0.9162148695590907}, {'age_bin': '25-29', 'age_mid': 27.5, 'r2': 0.9493841559297257}, {'age_bin': '30-34', 'age_mid': 32.5, 'r2': 0.8964774498102676}, {'age_bin': '35-39', 'age_mid': 37.5, 'r2': 0.9056781038102248}, {'age_bin': '40-44', 'age_mid': 42.5, 'r2': 0.8678927671145332}, {'age_bin': '45-49', 'age_mid': 47.5, 'r2': 0.9038119148506729}, {'age_bin': '50-54', 'age_mid': 52.5, 'r2': 0.9182026277697541}, {'age_bin': '55-59', 'age_mid': 57.5, 'r2': 0.9572621163256362}, {'age_bin': '60-64', 'age_mid': 62.5, 'r2': 0.8280717654655029}, {'age_bin': '65-69', 'age_mid': 67.5, 'r2': 0.9748616123636865}, {'age_bin': '70-74', 'age_mid': 72.5, 'r2': 0.8982583463042062}, {'age_bin': '75-79', 'age_mid': 77.5, 'r2': 0.9643981484297351}, {'age_bin': '80-84', 'age_mid': 82.5, 'r2': 0.9794551105336304}]"
glycohemoglobin,Glycohemoglobin (%),0.9310448441241154,0.8776570111789077,0.9394821254013829,13,0.21310582361318714,0.02823854073062493,5.041393043002154,0.04906087262626913,"[{'age_bin': '20-24', 'age_mid': 22.5, 'r2': 0.8776570111789077}, {'age_bin': '25-29', 'age_mid': 27.5, 'r2': 0.8942422449152406}, {'age_bin': '30-34', 'age_mid': 32.5, 'r2': 0.9203465919326904}, {'age_bin': '35-39', 'age_mid': 37.5, 'r2': 0.9394821254013829}, {'age_bin': '40-44', 'age_mid': 42.5, 'r2': 0.9465928227213629}, {'age_bin': '45-49', 'age_mid': 47.5, 'r2': 0.9542527118873689}, {'age_bin': '50-54', 'age_mid': 52.5, 'r2': 0.9366800632873358}, {'age_bin': '55-59', 'age_mid': 57.5, 'r2': 0.8901842525442054}, {'age_bin': '60-64', 'age_mid': 62.5, 'r2': 0.956367353872971}, {'age_bin': '65-69', 'age_mid': 67.5, 'r2': 0.9330695291554063}, {'age_bin': '70-74', 'age_mid': 72.5, 'r2': 0.9492840941641542}, {'age_bin': '75-79', 'age_mid': 77.5, 'r2': 0.9557827204431378}, {'age_bin': '80-84', 'age_mid': 82.5, 'r2': 0.9496414521093375}]"
he4 igg index,HE4 IgG index,0.8533295615735146,0.7410551423812897,0.8533917032158793,13,0.8024874393746674,0.20924656971486694,2.9035023789623122,0.5174998014178118,"[{'age_bin': '20-24', 'age_mid': 22.5, 'r2': 0.7410551423812897}, {'age_bin': '25-29', 'age_mid': 27.5, 'r2': 0.8279948704516616}, {'age_bin': '30-34', 'age_mid': 32.5, 'r2': 0.7904960584687937}, {'age_bin': '35-39', 'age_mid': 37.5, 'r2': 0.7993157101277114}, {'age_bin': '40-44', 'age_mid': 42.5, 'r2': 0.8500370965453129}, {'age_bin': '45-49', 'age_mid': 47.5, 'r2': 0.8318222658694591}, {'age_bin': '50-54', 'age_mid': 52.5, 'r2': 0.9133482721193726}, {'age_bin': '55-59', 'age_mid': 57.5, 'r2': 0.8587248904294658}, {'age_bin': '60-64', 'age_mid': 62.5, 'r2': 0.8533917032158793}, {'age_bin': '65-69', 'age_mid': 67.5, 'r2': 0.9180255887431339}, {'age_bin': '70-74', 'age_mid': 72.5, 'r2': 0.9020599141776378}, {'age_bin': '75-79', 'age_mid': 77.5, 'r2': 0.8840586797067658}, {'age_bin': '80-84', 'age_mid': 82.5, 'r2': 0.922954108219207}]"
he4 igg luminescent units,HE4 IgG luminescent units,0.9150995508368874,0.7441179665038409,0.9370062242644022,13,806.6113733459907,272.1281014669308,3216.2240177769118,382.0694327436463,"[{'age_bin': '20-24', 'age_mid': 22.5, 'r2': 0.9370062242644022}, {'age_bin': '25-29', 'age_mid': 27.5, 'r2': 0.9216967228113983}, {'age_bin': '30-34', 'age_mid': 32.5, 'r2': 0.9713297544569485}, {'age_bin': '35-39', 'age_mid': 37.5, 'r2': 0.9708973806686778}, {'age_bin': '40-44', 'age_mid': 42.5, 'r2': 0.94243362198901}, {'age_bin': '45-49', 'age_mid': 47.5, 'r2': 0.91639229069874}, {'age_bin': '50-54', 'age_mid': 52.5, 'r2': 0.9668056857964307}, {'age_bin': '55-59', 'age_mid': 57.5, 'r2': 0.9864502423166863}, {'age_bin': '60-64', 'age_mid': 62.5, 'r2': 0.8348673373994173}, {'age_bin': '65-69', 'age_mid': 67.5, 'r2': 0.8342797103983551}, {'age_bin': '70-74', 'age_mid': 72.5, 'r2': 0.7441179665038409}, {'age_bin': '75-79', 'age_mid': 77.5, 'r2': 0.9164455863790875}, {'age_bin': '80-84', 'age_mid': 82.5, 'r2': 0.9535716371965405}]"
helicobacter pylori,Helicobacter pylori (ISR),0.9493628365240975,0.9002217363937204,0.9566470307352519,13,0.5758567695998106,0.1383773703841579,-0.08745354089575136,0.11176539637855634,"[{'age_bin': '20-24', 'age_mid': 22.5, 'r2': 0.9002217363937204}, {'age_bin': '25-29', 'age_mid': 27.5, 'r2': 0.9162912308511637}, {'age_bin': '30-34', 'age_mid': 32.5, 'r2': 0.9575746107644073}, {'age_bin': '35-39', 'age_mid': 37.5, 'r2': 0.9566470307352519}, {'age_bin': '40-44', 'age_mid': 42.5, 'r2': 0.9638110378229017}, {'age_bin': '45-49', 'age_mid': 47.5, 'r2': 0.9546599260328609}, {'age_bin': '50-54', 'age_mid': 52.5, 'r2': 0.9468719094709559}, {'age_bin': '55-59', 'age_mid': 57.5, 'r2': 0.9677279194855556}, {'age_bin': '60-64', 'age_mid': 62.5, 'r2': 0.948435319338778}, {'age_bin': '65-69', 'age_mid': 67.5, 'r2': 0.959255558990701}, {'age_bin': '70-74', 'age_mid': 72.5, 'r2': 0.9620147537109762}, {'age_bin': '75-79', 'age_mid': 77.5, 'r2': 0.9631887020844331}, {'age_bin': '80-84', 'age_mid': 82.5, 'r2': 0.9450171391315617}]"
hematocrit,Hematocrit (%),0.9482692499562785,0.8979238946592527,0.9555543920886247,13,2.026979299596012,0.6532415728082446,37.57292341571411,1.1900913778374798,"[{'age_bin': '20-24', 'age_mid': 22.5, 'r2': 0.8979238946592527}, {'age_bin': '25-29', 'age_mid': 27.5, 'r2': 0.9134080642740412}, {'age_bin': '30-34', 'age_mid': 32.5, 'r2': 0.9175259688546822}, {'age_bin': '35-39', 'age_mid': 37.5, 'r2': 0.9277279096012954}, {'age_bin': '40-44', 'age_mid': 42.5, 'r2': 0.9288042298012755}, {'age_bin': '45-49', 'age_mid': 47.5, 'r2': 0.9409555069000256}, {'age_bin': '50-54', 'age_mid': 52.5, 'r2': 0.9555543920886247}, {'age_bin': '55-59', 'age_mid': 57.5, 'r2': 0.9688586613452949}, {'age_bin': '60-64', 'age_mid': 62.5, 'r2': 0.9737900506538463}, {'age_bin': '65-69', 'age_mid': 67.5, 'r2': 0.9718839561889321}, {'age_bin': '70-74', 'age_mid': 72.5, 'r2': 0.9733360753220204}, {'age_bin': '75-79', 'age_mid': 77.5, 'r2': 0.9772792494358548}, {'age_bin': '80-84', 'age_mid': 82.5, 'r2': 0.9804522903064762}]"
hemoglobin,Hemoglobin (g/dL),0.9419059834666016,0.8917325529254396,0.9470047584001847,13,0.7174833036607308,0.23615275206603586,12.650740232917602,0.42701195160057503,"[{'age_bin': '20-24', 'age_mid': 22.5, 'r2': 0.8917325529254396}, {'age_bin': '25-29', 'age_mid': 27.5, 'r2': 0.907216760972569}, {'age_bin': '30-34', 'age_mid': 32.5, 'r2': 0.9101589300013904}, {'age_bin': '35-39', 'age_mid': 37.5, 'r2': 0.9224574275728409}, {'age_bin': '40-44', 'age_mid': 42.5, 'r2': 0.9213140048746298}, {'age_bin': '45-49', 'age_mid': 47.5, 'r2': 0.9215071030093089}, {'age_bin': '50-54', 'age_mid': 52.5, 'r2': 0.9470047584001847}, {'age_bin': '55-59', 'age_mid': 57.5, 'r2': 0.9681231844282462}, {'age_bin': '60-64', 'age_mid': 62.5, 'r2': 0.9698414067392447}, {'age_bin': '65-69', 'age_mid': 67.5, 'r2': 0.9696275607387727}, {'age_bin': '70-74', 'age_mid': 72.5, 'r2': 0.9659743001991751}, {'age_bin': '75-79', 'age_mid': 77.5, 'r2': 0.9736621932331827}, {'age_bin': '80-84', 'age_mid': 82.5, 'r2': 0.9761576019708381}]"
heptachlor epoxide,Heptachlor Epoxide (ng/g),0.913023746815782,0.8621382817899144,0.907613438121825,13,0.016399809994038263,0.0039936048062690944,0.00602529143785482,0.01012914345714882,"[{'age_bin': '20-24', 'age_mid': 22.5, 'r2': 0.8832449093214471}, {'age_bin': '25-29', 'age_mid': 27.5, 'r2': 0.9128432988958982}, {'age_bin': '30-34', 'age_mid': 32.5, 'r2': 0.8703361509836599}, {'age_bin': '35-39', 'age_mid': 37.5, 'r2': 0.9510796282636504}, {'age_bin': '40-44', 'age_mid': 42.5, 'r2': 0.9069687245277139}, {'age_bin': '45-49', 'age_mid': 47.5, 'r2': 0.8636253910637507}, {'age_bin': '50-54', 'age_mid': 52.5, 'r2': 0.907613438121825}, {'age_bin': '55-59', 'age_mid': 57.5, 'r2': 0.9377366488233169}, {'age_bin': '60-64', 'age_mid': 62.5, 'r2': 0.9004341310141494}, {'age_bin': '65-69', 'age_mid': 67.5, 'r2': 0.9319508580804646}, {'age_bin': '70-74', 'age_mid': 72.5, 'r2': 0.9705145753381699}, {'age_bin': '75-79', 'age_mid': 77.5, 'r2': 0.9708226723812072}, {'age_bin': '80-84', 'age_mid': 82.5, 'r2': 0.8621382817899144}]"
heptachlor epoxide lipid adjusted,Heptachlor Epoxide Lipid Adjusted (ng/g),0.931542539751275,0.852385019856233,0.9439374050981795,13,2.347547114643222,0.46276650652115575,1.4776337850599466,1.4303768501710776,"[{'age_bin': '20-24', 'age_mid': 22.5, 'r2': 0.9439374050981795}, {'age_bin': '25-29', 'age_mid': 27.5, 'r2': 0.946621898127311}, {'age_bin': '30-34', 'age_mid': 32.5, 'r2': 0.9267100857131985}, {'age_bin': '35-39', 'age_mid': 37.5, 'r2': 0.9529303409210248}, {'age_bin': '40-44', 'age_mid': 42.5, 'r2': 0.9253588984338692}, {'age_bin': '45-49', 'age_mid': 47.5, 'r2': 0.9109637390859374}, {'age_bin': '50-54', 'age_mid': 52.5, 'r2': 0.9122228927153947}, {'age_bin': '55-59', 'age_mid': 57.5, 'r2': 0.8934103091922825}, {'age_bin': '60-64', 'age_mid': 62.5, 'r2': 0.9456848860411151}, {'age_bin': '65-69', 'age_mid': 67.5, 'r2': 0.9617693097063134}, {'age_bin': '70-74', 'age_mid': 72.5, 'r2': 0.9635958157156103}, {'age_bin': '75-79', 'age_mid': 77.5, 'r2': 0.9744624161601082}, {'age_bin': '80-84', 'age_mid': 82.5, 'r2': 0.852385019856233}]"
heptanaldehyde,Heptanaldehyde (ng/mL),0.9014998764802247,0.7696369874538198,0.9087256522237696,12,0.07539775554157757,0.02179063751433969,0.3411894143049424,0.04516469410291803,"[{'age_bin': '20-24', 'age_mid': 22.5, 'r2': 0.7696369874538198}, {'age_bin': '25-29', 'age_mid': 27.5, 'r2': 0.8720050106851422}, {'age_bin': '30-34', 'age_mid': 32.5, 'r2': 0.9714367933824161}, {'age_bin': '35-39', 'age_mid': 37.5, 'r2': 0.864229662945152}, {'age_bin': '40-44', 'age_mid': 42.5, 'r2': 0.9115397221249715}, {'age_bin': '45-49', 'age_mid': 47.5, 'r2': 0.896686646351509}, {'age_bin': '50-54', 'age_mid': 52.5, 'r2': 0.9386306093528531}, {'age_bin': '55-59', 'age_mid': 57.5, 'r2': 0.9332544021124707}, {'age_bin': '60-64', 'age_mid': 62.5, 'r2': 0.936042625724204}, {'age_bin': '65-69', 'age_mid': 67.5, 'r2': 0.901423746645108}, {'age_bin': '70-74', 'age_mid': 72.5, 'r2': 0.9172007286624828}, {'age_bin': '75-79', 'age_mid': 77.5, 'r2': None}, {'age_bin': '80-84', 'age_mid': 82.5, 'r2': 0.9059115823225676}]"
hexachlorobenzene,Hexachlorobenzene (ng/g),0.9319224246878416,0.8978820774107864,0.9403967488864763,13,0.04080466960916778,0.01046281529647406,0.03744648091940326,0.007782133327102229,"[{'age_bin': '20-24', 'age_mid': 22.5, 'r2': 0.8978820774107864}, {'age_bin': '25-29', 'age_mid': 27.5, 'r2': 0.9053757795384706}, {'age_bin': '30-34', 'age_mid': 32.5, 'r2': 0.9210618306683774}, {'age_bin': '35-39', 'age_mid': 37.5, 'r2': 0.9044831114863459}, {'age_bin': '40-44', 'age_mid': 42.5, 'r2': 0.923698518602045}, {'age_bin': '45-49', 'age_mid': 47.5, 'r2': 0.9030801449106665}, {'age_bin': '50-54', 'age_mid': 52.5, 'r2': 0.9427939462189381}, {'age_bin': '55-59', 'age_mid': 57.5, 'r2': 0.9403967488864763}, {'age_bin': '60-64', 'age_mid': 62.5, 'r2': 0.9580563841956391}, {'age_bin': '65-69', 'age_mid': 67.5, 'r2': 0.9552874026591861}, {'age_bin': '70-74', 'age_mid': 72.5, 'r2': 0.9489691158948437}, {'age_bin': '75-79', 'age_mid': 77.5, 'r2': 0.9589787075540064}, {'age_bin': '80-84', 'age_mid': 82.5, 'r2': 0.954927752916158}]"
hexachlorobenzene lipid adjusted,Hexachlorobenzene Lipid Adjusted (ng/g),0.9528598248869558,0.9180832285128527,0.9595575630258844,13,6.982943286987434,2.313441680655747,5.571008838146456,1.6168818049237794,"[{'age_bin': '20-24', 'age_mid': 22.5, 'r2': 0.9347322075318243}, {'age_bin': '25-29', 'age_mid': 27.5, 'r2': 0.9445120634639605}, {'age_bin': '30-34', 'age_mid': 32.5, 'r2': 0.9242645066148513}, {'age_bin': '35-39', 'age_mid': 37.5, 'r2': 0.9191428593164337}, {'age_bin': '40-44', 'age_mid': 42.5, 'r2': 0.9321546575854833}, {'age_bin': '45-49', 'age_mid': 47.5, 'r2': 0.9180832285128527}, {'age_bin': '50-54', 'age_mid': 52.5, 'r2': 0.9617352363382257}, {'age_bin': '55-59', 'age_mid': 57.5, 'r2': 0.9595575630258844}, {'age_bin': '60-64', 'age_mid': 62.5, 'r2': 0.9808769728150315}, {'age_bin': '65-69', 'age_mid': 67.5, 'r2': 0.9828049972460612}, {'age_bin': '70-74', 'age_mid': 72.5, 'r2': 0.9765656300570696}, {'age_bin': '75-79', 'age_mid': 77.5, 'r2': 0.9762885537776171}, {'age_bin': '80-84', 'age_mid': 82.5, 'r2': 0.9764592472451257}]"
hexanaldehyde,Hexanaldehyde (ng/mL),0.9374690951943598,0.8616405908063437,0.9463807911722829,13,0.35516644429711125,0.1231617311911269,1.4058105886199974,0.17656015668927738,"[{'age_bin': '20-24', 'age_mid': 22.5, 'r2': 0.8717223002801814}, {'age_bin': '25-29', 'age_mid': 27.5, 'r2': 0.8616405908063437}, {'age_bin': '30-34', 'age_mid': 32.5, 'r2': 0.9392888050250653}, {'age_bin': '35-39', 'age_mid': 37.5, 'r2': 0.9324864928354248}, {'age_bin': '40-44', 'age_mid': 42.5, 'r2': 0.9606059966762435}, {'age_bin': '45-49', 'age_mid': 47.5, 'r2': 0.9580691320460696}, {'age_bin': '50-54', 'age_mid': 52.5, 'r2': 0.915595666729769}, {'age_bin': '55-59', 'age_mid': 57.5, 'r2': 0.9618506353056131}, {'age_bin': '60-64', 'age_mid': 62.5, 'r2': 0.9864541579974485}, {'age_bin': '65-69', 'age_mid': 67.5, 'r2': 0.9768945532799281}, {'age_bin': '70-74', 'age_mid': 72.5, 'r2': 0.897977939304926}, {'age_bin': '75-79', 'age_mid': 77.5, 'r2': 0.9463807911722829}, {'age_bin': '80-84', 'age_mid': 82.5, 'r2': 0.9781311760673831}]"
high-sensitivity c-reactive protein hs-crp,High-Sensitivity C-Reactive Protein (hs-CRP) (mg/L),0.8880329647636204,0.8311172071642082,0.8951037638117887,13,1.6822711139497057,0.4908609471903293,-0.6394180281750583,0.44525630529553933,"[{'age_bin': '20-24', 'age_mid': 22.5, 'r2': 0.8964503844353643}, {'age_bin': '25-29', 'age_mid': 27.5, 'r2': 0.9050870365818395}, {'age_bin': '30-34', 'age_mid': 32.5, 'r2': 0.9020415800398544}, {'age_bin': '35-39', 'age_mid': 37.5, 'r2': 0.9087133244408118}, {'age_bin': '40-44', 'age_mid': 42.5, 'r2': 0.8889945667788544}, {'age_bin': '45-49', 'age_mid': 47.5, 'r2': 0.9054984112829837}, {'age_bin': '50-54', 'age_mid': 52.5, 'r2': 0.8951037638117887}, {'age_bin': '55-59', 'age_mid': 57.5, 'r2': 0.8779704530350377}, {'age_bin': '60-64', 'age_mid': 62.5, 'r2': 0.8861788090949853}, {'age_bin': '65-69', 'age_mid': 67.5, 'r2': 0.8895300387284518}, {'age_bin': '70-74', 'age_mid': 72.5, 'r2': 0.8615266741425848}, {'age_bin': '75-79', 'age_mid': 77.5, 'r2': 0.8962162923902994}, {'age_bin': '80-84', 'age_mid': 82.5, 'r2': 0.8311172071642082}]"
homocysteine,Homocysteine (umol/L),0.976995154563943,0.9476023534872845,0.9811972934315476,13,1.1434377907505393,0.15973098129302016,5.917226771074202,0.27056419903925577,"[{'age_bin': '20-24', 'age_mid': 22.5, 'r2': 0.9476023534872845}, {'age_bin': '25-29', 'age_mid': 27.5, 'r2': 0.9546112699722656}, {'age_bin': '30-34', 'age_mid': 32.5, 'r2': 0.9629948410304132}, {'age_bin': '35-39', 'age_mid': 37.5, 'r2': 0.9719069331758836}, {'age_bin': '40-44', 'age_mid': 42.5, 'r2': 0.9811972934315476}, {'age_bin': '45-49', 'age_mid': 47.5, 'r2': 0.9816477476622566}, {'age_bin': '50-54', 'age_mid': 52.5, 'r2': 0.9874555351586382}, {'age_bin': '55-59', 'age_mid': 57.5, 'r2': 0.9931464942904537}, {'age_bin': '60-64', 'age_mid': 62.5, 'r2': 0.9910552460948694}, {'age_bin': '65-69', 'age_mid': 67.5, 'r2': 0.9860732429118262}, {'age_bin': '70-74', 'age_mid': 72.5, 'r2': 0.9884247449865193}, {'age_bin': '75-79', 'age_mid': 77.5, 'r2': 0.9750937390947673}, {'age_bin': '80-84', 'age_mid': 82.5, 'r2': 0.9797275680345328}]"
how long ago in hours did you/she/he pump gas into a car,"How long ago, in hours, did {you/she/he} pump gas into a car?",0.9495457918809348,0.9055765908878995,0.9500347725568037,11,10.569019090563724,3.5226376000498614,8.185815274725913,2.899092282123375,"[{'age_bin': '20-24', 'age_mid': 22.5, 'r2': 0.9500347725568037}, {'age_bin': '25-29', 'age_mid': 27.5, 'r2': 0.9495356053841779}, {'age_bin': '30-34', 'age_mid': 32.5, 'r2': 0.951641307041229}, {'age_bin': '35-39', 'age_mid': 37.5, 'r2': 0.9676851305947727}, {'age_bin': '40-44', 'age_mid': 42.5, 'r2': 0.9455659749816764}, {'age_bin': '45-49', 'age_mid': 47.5, 'r2': 0.9815391713288312}, {'age_bin': '50-54', 'age_mid': 52.5, 'r2': 0.9643504926024568}, {'age_bin': '55-59', 'age_mid': 57.5, 'r2': 0.9409168609595863}, {'age_bin': '60-64', 'age_mid': 62.5, 'r2': 0.9631036182839317}, {'age_bin': '65-69', 'age_mid': 67.5, 'r2': 0.9250541860689174}, {'age_bin': '70-74', 'age_mid': 72.5, 'r2': 0.9055765908878995}, {'age_bin': '75-79', 'age_mid': 77.5, 'r2': None}, {'age_bin': '80-84', 'age_mid': 82.5, 'r2': None}]"
how long ago in hours has it been since you breathed fumes from diesel fuel or kerosene,"How long ago, in hours, has it been since you breathed fumes from diesel fuel or kerosene?",,,,0,,,,,"[{'age_bin': '20-24', 'age_mid': 22.5, 'r2': None}, {'age_bin': '25-29', 'age_mid': 27.5, 'r2': None}, {'age_bin': '30-34', 'age_mid': 32.5, 'r2': None}, {'age_bin': '35-39', 'age_mid': 37.5, 'r2': None}, {'age_bin': '40-44', 'age_mid': 42.5, 'r2': None}, {'age_bin': '45-49', 'age_mid': 47.5, 'r2': None}, {'age_bin': '50-54', 'age_mid': 52.5, 'r2': None}, {'age_bin': '55-59', 'age_mid': 57.5, 'r2': None}, {'age_bin': '60-64', 'age_mid': 62.5, 'r2': None}, {'age_bin': '65-69', 'age_mid': 67.5, 'r2': None}, {'age_bin': '70-74', 'age_mid': 72.5, 'r2': None}, {'age_bin': '75-79', 'age_mid': 77.5, 'r2': None}, {'age_bin': '80-84', 'age_mid': 82.5, 'r2': None}]"
how long ago in hours has it been since you breathed fumes from freshly painted indoor surfaces paints paint thinner or varnish,"How long ago, in hours, has it been since you breathed fumes from freshly painted indoor surfaces, paints, paint thinner, or varnish?",,,,0,,,,,"[{'age_bin': '20-24', 'age_mid': 22.5, 'r2': None}, {'age_bin': '25-29', 'age_mid': 27.5, 'r2': None}, {'age_bin': '30-34', 'age_mid': 32.5, 'r2': None}, {'age_bin': '35-39', 'age_mid': 37.5, 'r2': None}, {'age_bin': '40-44', 'age_mid': 42.5, 'r2': None}, {'age_bin': '45-49', 'age_mid': 47.5, 'r2': None}, {'age_bin': '50-54', 'age_mid': 52.5, 'r2': None}, {'age_bin': '55-59', 'age_mid': 57.5, 'r2': None}, {'age_bin': '60-64', 'age_mid': 62.5, 'r2': None}, {'age_bin': '65-69', 'age_mid': 67.5, 'r2': None}, {'age_bin': '70-74', 'age_mid': 72.5, 'r2': None}, {'age_bin': '75-79', 'age_mid': 77.5, 'r2': None}, {'age_bin': '80-84', 'age_mid': 82.5, 'r2': None}]"
how long ago in hours has it been since you smoked or spent 10 or more minutes near a person who was smoking a cigarette cigar or pipe,"How long ago, in hours, has it been since you smoked or spent 10 or more minutes near a person who was smoking a cigarette, cigar, or pipe?",0.8985485002574636,0.8183203162442686,0.9221481469306188,9,4.660579930234195,1.538264469945942,-0.7406932801763618,0.9563971340017745,"[{'age_bin': '20-24', 'age_mid': 22.5, 'r2': 0.9313418133689618}, {'age_bin': '25-29', 'age_mid': 27.5, 'r2': 0.9694703256982545}, {'age_bin': '30-34', 'age_mid': 32.5, 'r2': 0.9221481469306188}, {'age_bin': '35-39', 'age_mid': 37.5, 'r2': 0.9474027660047559}, {'age_bin': '40-44', 'age_mid': 42.5, 'r2': 0.8183203162442686}, {'age_bin': '45-49', 'age_mid': 47.5, 'r2': 0.8516953709406376}, {'age_bin': '50-54', 'age_mid': 52.5, 'r2': 0.8461282005851933}, {'age_bin': '55-59', 'age_mid': 57.5, 'r2': 0.9307990287070818}, {'age_bin': '60-64', 'age_mid': 62.5, 'r2': 0.8696305338373997}, {'age_bin': '65-69', 'age_mid': 67.5, 'r2': None}, {'age_bin': '70-74', 'age_mid': 72.5, 'r2': None}, {'age_bin': '75-79', 'age_mid': 77.5, 'r2': None}, {'age_bin': '80-84', 'age_mid': 82.5, 'r2': None}]"
how long ago in hours has it been since your last shower or hot bath,"How long ago, in hours, has it been since your last shower or hot bath?",0.9574697450146643,0.9053550623474025,0.9636187069917668,12,3.8440230797162727,1.2119853904086673,0.5320064486478358,1.2680407316030005,"[{'age_bin': '20-24', 'age_mid': 22.5, 'r2': 0.9871927902104786}, {'age_bin': '25-29', 'age_mid': 27.5, 'r2': 0.9883892331286355}, {'age_bin': '30-34', 'age_mid': 32.5, 'r2': 0.986860315854852}, {'age_bin': '35-39', 'age_mid': 37.5, 'r2': 0.9697883476795844}, {'age_bin': '40-44', 'age_mid': 42.5, 'r2': 0.9713593471114093}, {'age_bin': '45-49', 'age_mid': 47.5, 'r2': 0.9262837867546401}, {'age_bin': '50-54', 'age_mid': 52.5, 'r2': 0.9576071791304135}, {'age_bin': '55-59', 'age_mid': 57.5, 'r2': 0.9650896186476531}, {'age_bin': '60-64', 'age_mid': 62.5, 'r2': 0.9356227836142136}, {'age_bin': '65-69', 'age_mid': 67.5, 'r2': 0.9053550623474025}, {'age_bin': '70-74', 'age_mid': 72.5, 'r2': 0.93394068036081}, {'age_bin': '75-79', 'age_mid': 77.5, 'r2': None}, {'age_bin': '80-84', 'age_mid': 82.5, 'r2': 0.9621477953358805}]"
how long ago in hours has it been since you/she/he spent time in a swimming pool in a hot tub or in a steam room,"How long ago, in hours, has it been since {you/she/he} spent time in a swimming pool, in a hot tub, or in a steam room?",0.37155019159067293,0.37155019159067293,0.37155019159067293,1,103.26750065897927,0.0,-35.47965999389965,0.0,"[{'age_bin': '20-24', 'age_mid': 22.5, 'r2': 0.37155019159067293}, {'age_bin': '25-29', 'age_mid': 27.5, 'r2': None}, {'age_bin': '30-34', 'age_mid': 32.5, 'r2': None}, {'age_bin': '35-39', 'age_mid': 37.5, 'r2': None}, {'age_bin': '40-44', 'age_mid': 42.5, 'r2': None}, {'age_bin': '45-49', 'age_mid': 47.5, 'r2': None}, {'age_bin': '50-54', 'age_mid': 52.5, 'r2': None}, {'age_bin': '55-59', 'age_mid': 57.5, 'r2': None}, {'age_bin': '60-64', 'age_mid': 62.5, 'r2': None}, {'age_bin': '65-69', 'age_mid': 67.5, 'r2': None}, {'age_bin': '70-74', 'age_mid': 72.5, 'r2': None}, {'age_bin': '75-79', 'age_mid': 77.5, 'r2': None}, {'age_bin': '80-84', 'age_mid': 82.5, 'r2': None}]"
how long ago in hours has it been since your/sp s last shower or hot bath,"How long ago, in hours, has it been since {your/SP's} last shower or hot bath?",0.9339442368465437,0.828052895495423,0.9385135246228182,13,4.123239309671943,1.1503564535753734,-0.32821449646002654,2.2305568079378837,"[{'age_bin': '20-24', 'age_mid': 22.5, 'r2': 0.9882430060031897}, {'age_bin': '25-29', 'age_mid': 27.5, 'r2': 0.9845202289238573}, {'age_bin': '30-34', 'age_mid': 32.5, 'r2': 0.9580265202836241}, {'age_bin': '35-39', 'age_mid': 37.5, 'r2': 0.965849164560078}, {'age_bin': '40-44', 'age_mid': 42.5, 'r2': 0.9235874052710938}, {'age_bin': '45-49', 'age_mid': 47.5, 'r2': 0.9385135246228182}, {'age_bin': '50-54', 'age_mid': 52.5, 'r2': 0.9254964985598062}, {'age_bin': '55-59', 'age_mid': 57.5, 'r2': 0.828052895495423}, {'age_bin': '60-64', 'age_mid': 62.5, 'r2': 0.9216516955432097}, {'age_bin': '65-69', 'age_mid': 67.5, 'r2': 0.8995425192304729}, {'age_bin': '70-74', 'age_mid': 72.5, 'r2': 0.9517915864394516}, {'age_bin': '75-79', 'age_mid': 77.5, 'r2': 0.9412915344012656}, {'age_bin': '80-84', 'age_mid': 82.5, 'r2': 0.9147084996707782}]"
human epididymal secretory protein pm,Human epididymal. secretory protein pM,0.9543646542441369,0.8602472181908342,0.9574443380525419,13,4.609932452176057,0.6560894191188623,7.9511957740424455,1.7460961804220116,"[{'age_bin': '20-24', 'age_mid': 22.5, 'r2': 0.9331097429447033}, {'age_bin': '25-29', 'age_mid': 27.5, 'r2': 0.9516166878102439}, {'age_bin': '30-34', 'age_mid': 32.5, 'r2': 0.9506779448010985}, {'age_bin': '35-39', 'age_mid': 37.5, 'r2': 0.9681917751218587}, {'age_bin': '40-44', 'age_mid': 42.5, 'r2': 0.9574443380525419}, {'age_bin': '45-49', 'age_mid': 47.5, 'r2': 0.940149002289967}, {'age_bin': '50-54', 'age_mid': 52.5, 'r2': 0.9818619105223952}, {'age_bin': '55-59', 'age_mid': 57.5, 'r2': 0.8602472181908342}, {'age_bin': '60-64', 'age_mid': 62.5, 'r2': 0.976668258215913}, {'age_bin': '65-69', 'age_mid': 67.5, 'r2': 0.9335885545663125}, {'age_bin': '70-74', 'age_mid': 72.5, 'r2': 0.9947577506386377}, {'age_bin': '75-79', 'age_mid': 77.5, 'r2': 0.9944126823837462}, {'age_bin': '80-84', 'age_mid': 82.5, 'r2': 0.964014639635526}]"
hydroxycotinine serum,"Hydroxycotinine, Serum (ng/mL)",0.5453529128798931,0.1467763484421003,0.6019042831750638,13,14.583562933383948,6.0680016015713765,-16.450632458458593,6.133710760025915,"[{'age_bin': '20-24', 'age_mid': 22.5, 'r2': 0.6398503174261678}, {'age_bin': '25-29', 'age_mid': 27.5, 'r2': 0.6626042508265204}, {'age_bin': '30-34', 'age_mid': 32.5, 'r2': 0.6751629535125778}, {'age_bin': '35-39', 'age_mid': 37.5, 'r2': 0.6648460386604269}, {'age_bin': '40-44', 'age_mid': 42.5, 'r2': 0.6019042831750638}, {'age_bin': '45-49', 'age_mid': 47.5, 'r2': 0.6028446445811482}, {'age_bin': '50-54', 'age_mid': 52.5, 'r2': 0.6288816828677339}, {'age_bin': '55-59', 'age_mid': 57.5, 'r2': 0.5933619274167902}, {'age_bin': '60-64', 'age_mid': 62.5, 'r2': 0.5798463397570055}, {'age_bin': '65-69', 'age_mid': 67.5, 'r2': 0.5303491492872756}, {'age_bin': '70-74', 'age_mid': 72.5, 'r2': 0.4368571827752672}, {'age_bin': '75-79', 'age_mid': 77.5, 'r2': 0.3263027487105328}, {'age_bin': '80-84', 'age_mid': 82.5, 'r2': 0.1467763484421003}]"
if yes how long ago in hours has it been since you spent time in a swimming pool in a hot tub or in a steam room,"If, yes, how long ago, in hours, has it been since you spent time in a swimming pool, in a hot tub, or in a steam room?",,,,0,,,,,"[{'age_bin': '20-24', 'age_mid': 22.5, 'r2': None}, {'age_bin': '25-29', 'age_mid': 27.5, 'r2': None}, {'age_bin': '30-34', 'age_mid': 32.5, 'r2': None}, {'age_bin': '35-39', 'age_mid': 37.5, 'r2': None}, {'age_bin': '40-44', 'age_mid': 42.5, 'r2': None}, {'age_bin': '45-49', 'age_mid': 47.5, 'r2': None}, {'age_bin': '50-54', 'age_mid': 52.5, 'r2': None}, {'age_bin': '55-59', 'age_mid': 57.5, 'r2': None}, {'age_bin': '60-64', 'age_mid': 62.5, 'r2': None}, {'age_bin': '65-69', 'age_mid': 67.5, 'r2': None}, {'age_bin': '70-74', 'age_mid': 72.5, 'r2': None}, {'age_bin': '75-79', 'age_mid': 77.5, 'r2': None}, {'age_bin': '80-84', 'age_mid': 82.5, 'r2': None}]"
if yes how long ago in hours has it been since your last shower or hot bath,"If, yes, how long ago, in hours, has it been since your last shower or hot bath?",0.916336217436339,0.8408516099571381,0.9156767915624955,12,4.123484578024856,1.234355047412732,0.015351197191550167,1.6699121575185265,"[{'age_bin': '20-24', 'age_mid': 22.5, 'r2': 0.9787386052023826}, {'age_bin': '25-29', 'age_mid': 27.5, 'r2': 0.9849959688021487}, {'age_bin': '30-34', 'age_mid': 32.5, 'r2': 0.9676578686290808}, {'age_bin': '35-39', 'age_mid': 37.5, 'r2': 0.9364008855221522}, {'age_bin': '40-44', 'age_mid': 42.5, 'r2': 0.9497144063528}, {'age_bin': '45-49', 'age_mid': 47.5, 'r2': 0.9070457403811413}, {'age_bin': '50-54', 'age_mid': 52.5, 'r2': 0.9149336999945253}, {'age_bin': '55-59', 'age_mid': 57.5, 'r2': 0.8413938156470977}, {'age_bin': '60-64', 'age_mid': 62.5, 'r2': 0.9164198831304656}, {'age_bin': '65-69', 'age_mid': 67.5, 'r2': 0.8408516099571381}, {'age_bin': '70-74', 'age_mid': 72.5, 'r2': 0.8776796369908144}, {'age_bin': '75-79', 'age_mid': 77.5, 'r2': 0.8802024886263203}, {'age_bin': '80-84', 'age_mid': 82.5, 'r2': None}]"
inhibin b,Inhibin B (pg/ml),0.9567010535123992,0.9194724176490703,0.9594662834244497,9,31.266732758346492,9.075523275458728,76.78456215851219,16.82624451533254,"[{'age_bin': '20-24', 'age_mid': 22.5, 'r2': 0.9536265284862326}, {'age_bin': '25-29', 'age_mid': 27.5, 'r2': 0.9206010397484208}, {'age_bin': '30-34', 'age_mid': 32.5, 'r2': 0.9194724176490703}, {'age_bin': '35-39', 'age_mid': 37.5, 'r2': 0.9567415970127002}, {'age_bin': '40-44', 'age_mid': 42.5, 'r2': 0.9691224225383195}, {'age_bin': '45-49', 'age_mid': 47.5, 'r2': 0.9594662834244497}, {'age_bin': '50-54', 'age_mid': 52.5, 'r2': 0.9727762506302595}, {'age_bin': '55-59', 'age_mid': 57.5, 'r2': 0.9786528062440711}, {'age_bin': '60-64', 'age_mid': 62.5, 'r2': 0.9798501358780681}, {'age_bin': '65-69', 'age_mid': 67.5, 'r2': None}, {'age_bin': '70-74', 'age_mid': 72.5, 'r2': None}, {'age_bin': '75-79', 'age_mid': 77.5, 'r2': None}, {'age_bin': '80-84', 'age_mid': 82.5, 'r2': None}]"
inorganic mercury blood,"Inorganic mercury, blood (ug/L)",0.7273506692609873,0.6044148735758306,0.7484669149648974,13,0.042761937194397,0.010695788219678832,0.10248388686584702,0.019754562094293163,"[{'age_bin': '20-24', 'age_mid': 22.5, 'r2': 0.6291048634051388}, {'age_bin': '25-29', 'age_mid': 27.5, 'r2': 0.68941797523119}, {'age_bin': '30-34', 'age_mid': 32.5, 'r2': 0.7306955370513486}, {'age_bin': '35-39', 'age_mid': 37.5, 'r2': 0.7486579713180679}, {'age_bin': '40-44', 'age_mid': 42.5, 'r2': 0.7697113896860805}, {'age_bin': '45-49', 'age_mid': 47.5, 'r2': 0.7635727373033421}, {'age_bin': '50-54', 'age_mid': 52.5, 'r2': 0.7729479076157947}, {'age_bin': '55-59', 'age_mid': 57.5, 'r2': 0.7914589781411101}, {'age_bin': '60-64', 'age_mid': 62.5, 'r2': 0.7484669149648974}, {'age_bin': '65-69', 'age_mid': 67.5, 'r2': 0.7072772474576536}, {'age_bin': '70-74', 'age_mid': 72.5, 'r2': 0.7632736213362759}, {'age_bin': '75-79', 'age_mid': 77.5, 'r2': 0.7365586833061037}, {'age_bin': '80-84', 'age_mid': 82.5, 'r2': 0.6044148735758306}]"
insulin,Insulin (uU/mL),0.9543344653794935,0.9278515197872934,0.9562769971249837,13,3.9803639910653983,1.4689592414210781,2.8994020672783196,1.1014181102951046,"[{'age_bin': '20-24', 'age_mid': 22.5, 'r2': 0.9353259772752135}, {'age_bin': '25-29', 'age_mid': 27.5, 'r2': 0.9470993017395832}, {'age_bin': '30-34', 'age_mid': 32.5, 'r2': 0.9510264520552126}, {'age_bin': '35-39', 'age_mid': 37.5, 'r2': 0.9545259121411203}, {'age_bin': '40-44', 'age_mid': 42.5, 'r2': 0.933094877128304}, {'age_bin': '45-49', 'age_mid': 47.5, 'r2': 0.9564985168858486}, {'age_bin': '50-54', 'age_mid': 52.5, 'r2': 0.9806528439905744}, {'age_bin': '55-59', 'age_mid': 57.5, 'r2': 0.968866047282071}, {'age_bin': '60-64', 'age_mid': 62.5, 'r2': 0.9641065079711033}, {'age_bin': '65-69', 'age_mid': 67.5, 'r2': 0.9588774278353868}, {'age_bin': '70-74', 'age_mid': 72.5, 'r2': 0.9721456687167223}, {'age_bin': '75-79', 'age_mid': 77.5, 'r2': 0.9278515197872934}, {'age_bin': '80-84', 'age_mid': 82.5, 'r2': 0.9562769971249837}]"
insulin si,Insulin: SI (pmol/L),0.956529588416466,0.92759189116543,0.9551944439800482,13,20.856781144802408,6.419360926222244,20.42762789245747,6.16576167678237,"[{'age_bin': '20-24', 'age_mid': 22.5, 'r2': 0.97059507902187}, {'age_bin': '25-29', 'age_mid': 27.5, 'r2': 0.9420023566945241}, {'age_bin': '30-34', 'age_mid': 32.5, 'r2': 0.9424546259487268}, {'age_bin': '35-39', 'age_mid': 37.5, 'r2': 0.92759189116543}, {'age_bin': '40-44', 'age_mid': 42.5, 'r2': 0.929348158591697}, {'age_bin': '45-49', 'age_mid': 47.5, 'r2': 0.9811520166001257}, {'age_bin': '50-54', 'age_mid': 52.5, 'r2': 0.9644022285714704}, {'age_bin': '55-59', 'age_mid': 57.5, 'r2': 0.9551944439800482}, {'age_bin': '60-64', 'age_mid': 62.5, 'r2': 0.9487676598996214}, {'age_bin': '65-69', 'age_mid': 67.5, 'r2': 0.9646072485336289}, {'age_bin': '70-74', 'age_mid': 72.5, 'r2': 0.98491478180665}, {'age_bin': '75-79', 'age_mid': 77.5, 'r2': 0.975526379714927}, {'age_bin': '80-84', 'age_mid': 82.5, 'r2': 0.9483277788853397}]"
iodide water,"Iodide, water (ng/mL)",0.9113739139500261,0.8295605384089628,0.9196163019155026,12,4.510433905656925,1.6201564767838463,-0.9637700060394062,1.4743247015632026,"[{'age_bin': '20-24', 'age_mid': 22.5, 'r2': 0.9549921796664723}, {'age_bin': '25-29', 'age_mid': 27.5, 'r2': 0.9153370855692187}, {'age_bin': '30-34', 'age_mid': 32.5, 'r2': 0.9333674113278015}, {'age_bin': '35-39', 'age_mid': 37.5, 'r2': 0.9217463937797623}, {'age_bin': '40-44', 'age_mid': 42.5, 'r2': 0.9303218568773369}, {'age_bin': '45-49', 'age_mid': 47.5, 'r2': 0.8960719525259091}, {'age_bin': '50-54', 'age_mid': 52.5, 'r2': 0.8295605384089628}, {'age_bin': '55-59', 'age_mid': 57.5, 'r2': 0.8892663060913654}, {'age_bin': '60-64', 'age_mid': 62.5, 'r2': 0.933525093522122}, {'age_bin': '65-69', 'age_mid': 67.5, 'r2': 0.96459739792366}, {'age_bin': '70-74', 'age_mid': 72.5, 'r2': 0.8502145416564597}, {'age_bin': '75-79', 'age_mid': 77.5, 'r2': None}, {'age_bin': '80-84', 'age_mid': 82.5, 'r2': 0.9174862100512429}]"
iron frozen serum,"Iron frozen, Serum (ug/dL)",0.9787578995004245,0.9375399850246534,0.9829801441391738,13,17.10463580681631,6.584862887294555,48.38024281283686,3.3194206498806604,"[{'age_bin': '20-24', 'age_mid': 22.5, 'r2': 0.9375399850246534}, {'age_bin': '25-29', 'age_mid': 27.5, 'r2': 0.9603783958677473}, {'age_bin': '30-34', 'age_mid': 32.5, 'r2': 0.961318220640966}, {'age_bin': '35-39', 'age_mid': 37.5, 'r2': 0.9641796651933248}, {'age_bin': '40-44', 'age_mid': 42.5, 'r2': 0.9722740265414357}, {'age_bin': '45-49', 'age_mid': 47.5, 'r2': 0.9771205428619527}, {'age_bin': '50-54', 'age_mid': 52.5, 'r2': 0.9829801441391738}, {'age_bin': '55-59', 'age_mid': 57.5, 'r2': 0.9945128037926122}, {'age_bin': '60-64', 'age_mid': 62.5, 'r2': 0.9947961691683087}, {'age_bin': '65-69', 'age_mid': 67.5, 'r2': 0.9949501265833943}, {'age_bin': '70-74', 'age_mid': 72.5, 'r2': 0.9927196346465094}, {'age_bin': '75-79', 'age_mid': 77.5, 'r2': 0.9963100822848375}, {'age_bin': '80-84', 'age_mid': 82.5, 'r2': 0.9947728967606048}]"
iron frozen,"Iron, frozen (ug/dL)",0.9792427588023199,0.9541602887748747,0.9836705178378244,13,17.97500979999173,7.541056842916088,48.61988569437161,4.63590961588665,"[{'age_bin': '20-24', 'age_mid': 22.5, 'r2': 0.9541962027481743}, {'age_bin': '25-29', 'age_mid': 27.5, 'r2': 0.9541602887748747}, {'age_bin': '30-34', 'age_mid': 32.5, 'r2': 0.9690949301196968}, {'age_bin': '35-39', 'age_mid': 37.5, 'r2': 0.9779236030019299}, {'age_bin': '40-44', 'age_mid': 42.5, 'r2': 0.972040236690084}, {'age_bin': '45-49', 'age_mid': 47.5, 'r2': 0.9770298715599283}, {'age_bin': '50-54', 'age_mid': 52.5, 'r2': 0.9836705178378244}, {'age_bin': '55-59', 'age_mid': 57.5, 'r2': 0.9854452700409678}, {'age_bin': '60-64', 'age_mid': 62.5, 'r2': 0.9931547917603931}, {'age_bin': '65-69', 'age_mid': 67.5, 'r2': 0.994082129009779}, {'age_bin': '70-74', 'age_mid': 72.5, 'r2': 0.9853987533704713}, {'age_bin': '75-79', 'age_mid': 77.5, 'r2': 0.993111536252751}, {'age_bin': '80-84', 'age_mid': 82.5, 'r2': 0.9908477332632829}]"
iron,"Iron, refigerated (ug/dL)",0.9787323967687367,0.9418663606157032,0.9841449627141818,13,17.051351708425106,6.573874233980516,49.78299887625206,4.268712802738545,"[{'age_bin': '20-24', 'age_mid': 22.5, 'r2': 0.9418663606157032}, {'age_bin': '25-29', 'age_mid': 27.5, 'r2': 0.9559508898462155}, {'age_bin': '30-34', 'age_mid': 32.5, 'r2': 0.9621979886118375}, {'age_bin': '35-39', 'age_mid': 37.5, 'r2': 0.9665715231602084}, {'age_bin': '40-44', 'age_mid': 42.5, 'r2': 0.9678163615402843}, {'age_bin': '45-49', 'age_mid': 47.5, 'r2': 0.9768764493485796}, {'age_bin': '50-54', 'age_mid': 52.5, 'r2': 0.9841449627141818}, {'age_bin': '55-59', 'age_mid': 57.5, 'r2': 0.9929567682735364}, {'age_bin': '60-64', 'age_mid': 62.5, 'r2': 0.9933951916065746}, {'age_bin': '65-69', 'age_mid': 67.5, 'r2': 0.9946743865004066}, {'age_bin': '70-74', 'age_mid': 72.5, 'r2': 0.9950538010123643}, {'age_bin': '75-79', 'age_mid': 77.5, 'r2': 0.9976295324078073}, {'age_bin': '80-84', 'age_mid': 82.5, 'r2': 0.9943869423558779}]"
isopentanaldehyde,Isopentanaldehyde (ng/mL),0.9238895244045138,0.8835258638336084,0.9230247884399696,13,0.24535178236958302,0.11387260377361615,0.13579495091488078,0.04642789303870742,"[{'age_bin': '20-24', 'age_mid': 22.5, 'r2': 0.9452818268776703}, {'age_bin': '25-29', 'age_mid': 27.5, 'r2': 0.9654284101733629}, {'age_bin': '30-34', 'age_mid': 32.5, 'r2': 0.9630523424694323}, {'age_bin': '35-39', 'age_mid': 37.5, 'r2': 0.8871212566877867}, {'age_bin': '40-44', 'age_mid': 42.5, 'r2': 0.8835258638336084}, {'age_bin': '45-49', 'age_mid': 47.5, 'r2': 0.898893428997785}, {'age_bin': '50-54', 'age_mid': 52.5, 'r2': 0.9504695596541257}, {'age_bin': '55-59', 'age_mid': 57.5, 'r2': 0.9285082947826201}, {'age_bin': '60-64', 'age_mid': 62.5, 'r2': 0.8997126129723274}, {'age_bin': '65-69', 'age_mid': 67.5, 'r2': 0.8848293995442997}, {'age_bin': '70-74', 'age_mid': 72.5, 'r2': 0.9230247884399696}, {'age_bin': '75-79', 'age_mid': 77.5, 'r2': 0.9083051167709792}, {'age_bin': '80-84', 'age_mid': 82.5, 'r2': 0.9724109160547136}]"
klotho,Klotho (pg/ml),0.9891359367757897,0.9808137256091635,0.9898445427603675,8,116.2945895635682,28.416090025924778,535.5780135270406,42.95261898529826,"[{'age_bin': '20-24', 'age_mid': 22.5, 'r2': None}, {'age_bin': '25-29', 'age_mid': 27.5, 'r2': None}, {'age_bin': '30-34', 'age_mid': 32.5, 'r2': None}, {'age_bin': '35-39', 'age_mid': 37.5, 'r2': None}, {'age_bin': '40-44', 'age_mid': 42.5, 'r2': 0.9808137256091635}, {'age_bin': '45-49', 'age_mid': 47.5, 'r2': 0.9858786967929902}, {'age_bin': '50-54', 'age_mid': 52.5, 'r2': 0.9888299517518758}, {'age_bin': '55-59', 'age_mid': 57.5, 'r2': 0.9880963980520864}, {'age_bin': '60-64', 'age_mid': 62.5, 'r2': 0.9932282391558644}, {'age_bin': '65-69', 'age_mid': 67.5, 'r2': 0.9931631025812779}, {'age_bin': '70-74', 'age_mid': 72.5, 'r2': 0.9922182464941999}, {'age_bin': '75-79', 'age_mid': 77.5, 'r2': 0.990859133768859}, {'age_bin': '80-84', 'age_mid': 82.5, 'r2': None}]"
lbdrfosi wbf- lbdfotsi 1 0 - lbxhct/100 /,LBDRFOSI= {WBF-[LBDFOTSI * (1.0 - LBXHCT/100)]}/ (LBXHCT/100),0.9834300636585003,0.9397579488873753,0.9920837769470677,13,212.4094322513426,25.01073102651938,628.1541733102063,53.99526639951813,"[{'age_bin': '20-24', 'age_mid': 22.5, 'r2': 0.9397579488873753}, {'age_bin': '25-29', 'age_mid': 27.5, 'r2': 0.966776152138177}, {'age_bin': '30-34', 'age_mid': 32.5, 'r2': 0.9771465750100996}, {'age_bin': '35-39', 'age_mid': 37.5, 'r2': 0.970438388624358}, {'age_bin': '40-44', 'age_mid': 42.5, 'r2': 0.9787469095047981}, {'age_bin': '45-49', 'age_mid': 47.5, 'r2': 0.9843126074290955}, {'age_bin': '50-54', 'age_mid': 52.5, 'r2': 0.9920837769470677}, {'age_bin': '55-59', 'age_mid': 57.5, 'r2': 0.9960184152405656}, {'age_bin': '60-64', 'age_mid': 62.5, 'r2': 0.9969652610872247}, {'age_bin': '65-69', 'age_mid': 67.5, 'r2': 0.9972587971912614}, {'age_bin': '70-74', 'age_mid': 72.5, 'r2': 0.9924354006592734}, {'age_bin': '75-79', 'age_mid': 77.5, 'r2': 0.9958275846546847}, {'age_bin': '80-84', 'age_mid': 82.5, 'r2': 0.9968230101865249}]"
ldh,LDH (U/L),0.9760884709435929,0.9382716325093686,0.9823624422072427,13,13.558184979428061,3.3516367325180494,111.51754467429045,1.7171750549597309,"[{'age_bin': '20-24', 'age_mid': 22.5, 'r2': 0.9382716325093686}, {'age_bin': '25-29', 'age_mid': 27.5, 'r2': 0.9421371395000016}, {'age_bin': '30-34', 'age_mid': 32.5, 'r2': 0.9623643121464752}, {'age_bin': '35-39', 'age_mid': 37.5, 'r2': 0.965104727785725}, {'age_bin': '40-44', 'age_mid': 42.5, 'r2': 0.9729910716419398}, {'age_bin': '45-49', 'age_mid': 47.5, 'r2': 0.9810025993097748}, {'age_bin': '50-54', 'age_mid': 52.5, 'r2': 0.9839767677544955}, {'age_bin': '55-59', 'age_mid': 57.5, 'r2': 0.9906184692591833}, {'age_bin': '60-64', 'age_mid': 62.5, 'r2': 0.9933924117425642}, {'age_bin': '65-69', 'age_mid': 67.5, 'r2': 0.9900743934092839}, {'age_bin': '70-74', 'age_mid': 72.5, 'r2': 0.995733415204658}, {'age_bin': '75-79', 'age_mid': 77.5, 'r2': 0.9823624422072427}, {'age_bin': '80-84', 'age_mid': 82.5, 'r2': 0.9911207397959947}]"
ldl-cholesterol,LDL-cholesterol (mg/dL),0.9731552690601445,0.9358260117199367,0.9764440325943767,13,16.180857471474745,4.2140517896835625,83.23950329037555,6.8753732286418,"[{'age_bin': '20-24', 'age_mid': 22.5, 'r2': 0.9358260117199367}, {'age_bin': '25-29', 'age_mid': 27.5, 'r2': 0.9499894824779506}, {'age_bin': '30-34', 'age_mid': 32.5, 'r2': 0.9623364927169888}, {'age_bin': '35-39', 'age_mid': 37.5, 'r2': 0.9674117298835531}, {'age_bin': '40-44', 'age_mid': 42.5, 'r2': 0.9643253290496799}, {'age_bin': '45-49', 'age_mid': 47.5, 'r2': 0.9694888539135157}, {'age_bin': '50-54', 'age_mid': 52.5, 'r2': 0.9764440325943767}, {'age_bin': '55-59', 'age_mid': 57.5, 'r2': 0.9781615793607095}, {'age_bin': '60-64', 'age_mid': 62.5, 'r2': 0.9903226410401962}, {'age_bin': '65-69', 'age_mid': 67.5, 'r2': 0.9868215666702218}, {'age_bin': '70-74', 'age_mid': 72.5, 'r2': 0.9922827823928484}, {'age_bin': '75-79', 'age_mid': 77.5, 'r2': 0.9874856885866197}, {'age_bin': '80-84', 'age_mid': 82.5, 'r2': 0.9901223073752822}]"
lactate dehydrogenase,Lactate dehydrogenase (U/L),0.9769533733741481,0.9475667524664473,0.9830806395734576,13,11.22227397498838,3.1057793315428377,104.23640778383667,2.1242051442502254,"[{'age_bin': '20-24', 'age_mid': 22.5, 'r2': 0.9475667524664473}, {'age_bin': '25-29', 'age_mid': 27.5, 'r2': 0.9554228703745055}, {'age_bin': '30-34', 'age_mid': 32.5, 'r2': 0.9591238434838815}, {'age_bin': '35-39', 'age_mid': 37.5, 'r2': 0.9691249622221287}, {'age_bin': '40-44', 'age_mid': 42.5, 'r2': 0.9728737151555857}, {'age_bin': '45-49', 'age_mid': 47.5, 'r2': 0.9830806395734576}, {'age_bin': '50-54', 'age_mid': 52.5, 'r2': 0.9823652316635069}, {'age_bin': '55-59', 'age_mid': 57.5, 'r2': 0.9875559461202722}, {'age_bin': '60-64', 'age_mid': 62.5, 'r2': 0.9834050836658373}, {'age_bin': '65-69', 'age_mid': 67.5, 'r2': 0.993759632518989}, {'age_bin': '70-74', 'age_mid': 72.5, 'r2': 0.9895217526519959}, {'age_bin': '75-79', 'age_mid': 77.5, 'r2': 0.98796830111229}, {'age_bin': '80-84', 'age_mid': 82.5, 'r2': 0.9886251228550287}]"
lactate dehydrogenase ldh,Lactate dehydrogenase LDH (U/L),0.9803249908237803,0.954650727984156,0.9829508269031689,13,14.777385627590034,3.689130211345325,112.11955682616063,2.58556508852443,"[{'age_bin': '20-24', 'age_mid': 22.5, 'r2': 0.954650727984156}, {'age_bin': '25-29', 'age_mid': 27.5, 'r2': 0.9573861828293344}, {'age_bin': '30-34', 'age_mid': 32.5, 'r2': 0.9614907731168463}, {'age_bin': '35-39', 'age_mid': 37.5, 'r2': 0.9646068763541947}, {'age_bin': '40-44', 'age_mid': 42.5, 'r2': 0.9763207151965573}, {'age_bin': '45-49', 'age_mid': 47.5, 'r2': 0.9829409887666387}, {'age_bin': '50-54', 'age_mid': 52.5, 'r2': 0.9912542738519114}, {'age_bin': '55-59', 'age_mid': 57.5, 'r2': 0.9829508269031689}, {'age_bin': '60-64', 'age_mid': 62.5, 'r2': 0.9950496360145283}, {'age_bin': '65-69', 'age_mid': 67.5, 'r2': 0.9962172771203611}, {'age_bin': '70-74', 'age_mid': 72.5, 'r2': 0.9946445712500774}, {'age_bin': '75-79', 'age_mid': 77.5, 'r2': 0.9952847312924611}, {'age_bin': '80-84', 'age_mid': 82.5, 'r2': 0.991427300028909}]"
latex,Latex (IU/mL),0.0998252235069449,0.06042947809192445,0.09475215839978834,6,0.008034387915324919,0.009217535054271092,0.3335517298531074,0.0063447555393486765,"[{'age_bin': '20-24', 'age_mid': 22.5, 'r2': 0.11160299014159458}, {'age_bin': '25-29', 'age_mid': 27.5, 'r2': 0.16712646008356946}, {'age_bin': '30-34', 'age_mid': 32.5, 'r2': 0.07028809592500418}, {'age_bin': '35-39', 'age_mid': 37.5, 'r2': 0.08262258750723428}, {'age_bin': '40-44', 'age_mid': 42.5, 'r2': 0.10688172929234241}, {'age_bin': '45-49', 'age_mid': 47.5, 'r2': None}, {'age_bin': '50-54', 'age_mid': 52.5, 'r2': 0.06042947809192445}, {'age_bin': '55-59', 'age_mid': 57.5, 'r2': None}, {'age_bin': '60-64', 'age_mid': 62.5, 'r2': None}, {'age_bin': '65-69', 'age_mid': 67.5, 'r2': None}, {'age_bin': '70-74', 'age_mid': 72.5, 'r2': None}, {'age_bin': '75-79', 'age_mid': 77.5, 'r2': None}, {'age_bin': '80-84', 'age_mid': 82.5, 'r2': None}]"
lauric acid c12 0,Lauric acid (C12:0) (umol/L),0.8633656475404871,0.7630378467100684,0.8690139148438152,13,4.342504433299511,1.6484744194638652,0.8747865037592233,1.0729453216514073,"[{'age_bin': '20-24', 'age_mid': 22.5, 'r2': 0.8730692404621214}, {'age_bin': '25-29', 'age_mid': 27.5, 'r2': 0.8812222883730516}, {'age_bin': '30-34', 'age_mid': 32.5, 'r2': 0.8690139148438152}, {'age_bin': '35-39', 'age_mid': 37.5, 'r2': 0.8228630895584392}, {'age_bin': '40-44', 'age_mid': 42.5, 'r2': 0.8733981890208786}, {'age_bin': '45-49', 'age_mid': 47.5, 'r2': 0.8587823484757391}, {'age_bin': '50-54', 'age_mid': 52.5, 'r2': 0.8304401986113463}, {'age_bin': '55-59', 'age_mid': 57.5, 'r2': 0.9089804567105427}, {'age_bin': '60-64', 'age_mid': 62.5, 'r2': 0.8631672520933075}, {'age_bin': '65-69', 'age_mid': 67.5, 'r2': 0.9219607198452012}, {'age_bin': '70-74', 'age_mid': 72.5, 'r2': 0.8903775864507802}, {'age_bin': '75-79', 'age_mid': 77.5, 'r2': 0.7630378467100684}, {'age_bin': '80-84', 'age_mid': 82.5, 'r2': 0.8674402868710417}]"
lignoceric acid 24 0,Lignoceric acid (24:0) (umol/L),0.9720802419497889,0.9255810443993117,0.9758515621810845,13,6.516802881136578,1.4707924209192538,43.58319771190633,3.1949130802766046,"[{'age_bin': '20-24', 'age_mid': 22.5, 'r2': 0.9255810443993117}, {'age_bin': '25-29', 'age_mid': 27.5, 'r2': 0.9461816569298902}, {'age_bin': '30-34', 'age_mid': 32.5, 'r2': 0.9601883428285062}, {'age_bin': '35-39', 'age_mid': 37.5, 'r2': 0.9659767562646132}, {'age_bin': '40-44', 'age_mid': 42.5, 'r2': 0.9699547560459532}, {'age_bin': '45-49', 'age_mid': 47.5, 'r2': 0.9777097118843333}, {'age_bin': '50-54', 'age_mid': 52.5, 'r2': 0.9839048079633257}, {'age_bin': '55-59', 'age_mid': 57.5, 'r2': 0.9758515621810845}, {'age_bin': '60-64', 'age_mid': 62.5, 'r2': 0.9911664934608049}, {'age_bin': '65-69', 'age_mid': 67.5, 'r2': 0.9921219347530049}, {'age_bin': '70-74', 'age_mid': 72.5, 'r2': 0.9941569187660128}, {'age_bin': '75-79', 'age_mid': 77.5, 'r2': 0.9712128554727901}, {'age_bin': '80-84', 'age_mid': 82.5, 'r2': 0.9830363043976259}]"
lignoceric acid,Lignoceric acid (micromol/L),0.9615262683045527,0.8865179314426482,0.9702146509480262,13,6.057432869669122,1.6413746000868508,41.92804628717067,2.5112713557959783,"[{'age_bin': '20-24', 'age_mid': 22.5, 'r2': 0.8865179314426482}, {'age_bin': '25-29', 'age_mid': 27.5, 'r2': 0.9403368179421182}, {'age_bin': '30-34', 'age_mid': 32.5, 'r2': 0.955891453709193}, {'age_bin': '35-39', 'age_mid': 37.5, 'r2': 0.9725573547546434}, {'age_bin': '40-44', 'age_mid': 42.5, 'r2': 0.9424211371439014}, {'age_bin': '45-49', 'age_mid': 47.5, 'r2': 0.9817298311157329}, {'age_bin': '50-54', 'age_mid': 52.5, 'r2': 0.9783795499099484}, {'age_bin': '55-59', 'age_mid': 57.5, 'r2': 0.9593063696037899}, {'age_bin': '60-64', 'age_mid': 62.5, 'r2': 0.9917557009021575}, {'age_bin': '65-69', 'age_mid': 67.5, 'r2': 0.9702146509480262}, {'age_bin': '70-74', 'age_mid': 72.5, 'r2': 0.9592014752714109}, {'age_bin': '75-79', 'age_mid': 77.5, 'r2': 0.9713193277371575}, {'age_bin': '80-84', 'age_mid': 82.5, 'r2': 0.990209887478455}]"
linear perfluorooctane sulfonate,Linear perfluorooctane sulfonate (ng/mL),0.9438707252724488,0.8939026407840921,0.9458471127006001,11,1.7718167257656487,0.2514980473113599,1.1020163977596211,0.3063726399662234,"[{'age_bin': '20-24', 'age_mid': 22.5, 'r2': 0.9326469423497049}, {'age_bin': '25-29', 'age_mid': 27.5, 'r2': 0.9407378308907386}, {'age_bin': '30-34', 'age_mid': 32.5, 'r2': 0.9199823041651011}, {'age_bin': '35-39', 'age_mid': 37.5, 'r2': 0.96585892691878}, {'age_bin': '40-44', 'age_mid': 42.5, 'r2': 0.9491610963056333}, {'age_bin': '45-49', 'age_mid': 47.5, 'r2': 0.950225060333712}, {'age_bin': '50-54', 'age_mid': 52.5, 'r2': 0.9354751190736694}, {'age_bin': '55-59', 'age_mid': 57.5, 'r2': 0.8939026407840921}, {'age_bin': '60-64', 'age_mid': 62.5, 'r2': 0.9458471127006001}, {'age_bin': '65-69', 'age_mid': 67.5, 'r2': 0.9651198247117756}, {'age_bin': '70-74', 'age_mid': 72.5, 'r2': None}, {'age_bin': '75-79', 'age_mid': 77.5, 'r2': None}, {'age_bin': '80-84', 'age_mid': 82.5, 'r2': 0.983621119763129}]"
linear perfluorooctanoate,Linear perfluorooctanoate (ng/mL),0.957631836645497,0.9155001325414823,0.9581057258765733,11,0.655349474103271,0.0941359116806381,0.7725881771485443,0.28508824999049465,"[{'age_bin': '20-24', 'age_mid': 22.5, 'r2': 0.9352391103527069}, {'age_bin': '25-29', 'age_mid': 27.5, 'r2': 0.9155001325414823}, {'age_bin': '30-34', 'age_mid': 32.5, 'r2': 0.9736868643920655}, {'age_bin': '35-39', 'age_mid': 37.5, 'r2': 0.9563600701880872}, {'age_bin': '40-44', 'age_mid': 42.5, 'r2': 0.9547301172973975}, {'age_bin': '45-49', 'age_mid': 47.5, 'r2': 0.9686466977396534}, {'age_bin': '50-54', 'age_mid': 52.5, 'r2': 0.9702571945508616}, {'age_bin': '55-59', 'age_mid': 57.5, 'r2': 0.9817305215922283}, {'age_bin': '60-64', 'age_mid': 62.5, 'r2': 0.9868778456945707}, {'age_bin': '65-69', 'age_mid': 67.5, 'r2': 0.9581057258765733}, {'age_bin': '70-74', 'age_mid': 72.5, 'r2': None}, {'age_bin': '75-79', 'age_mid': 77.5, 'r2': None}, {'age_bin': '80-84', 'age_mid': 82.5, 'r2': 0.9328159228748404}]"
linoleic acid 18 2n-6,Linoleic acid (18:2n-6) (umol/L),0.9713049350334652,0.9330211156585423,0.9801129747790482,13,416.8680854500357,110.60019994720469,2719.010299891407,141.87513351390967,"[{'age_bin': '20-24', 'age_mid': 22.5, 'r2': 0.9398122037207779}, {'age_bin': '25-29', 'age_mid': 27.5, 'r2': 0.9330211156585423}, {'age_bin': '30-34', 'age_mid': 32.5, 'r2': 0.9566460195636478}, {'age_bin': '35-39', 'age_mid': 37.5, 'r2': 0.9561003683717793}, {'age_bin': '40-44', 'age_mid': 42.5, 'r2': 0.9656631648782958}, {'age_bin': '45-49', 'age_mid': 47.5, 'r2': 0.9843844238856738}, {'age_bin': '50-54', 'age_mid': 52.5, 'r2': 0.9823119645301573}, {'age_bin': '55-59', 'age_mid': 57.5, 'r2': 0.9916236237047705}, {'age_bin': '60-64', 'age_mid': 62.5, 'r2': 0.9835854401239609}, {'age_bin': '65-69', 'age_mid': 67.5, 'r2': 0.9755871462237715}, {'age_bin': '70-74', 'age_mid': 72.5, 'r2': 0.9867181071381652}, {'age_bin': '75-79', 'age_mid': 77.5, 'r2': 0.9801129747790482}, {'age_bin': '80-84', 'age_mid': 82.5, 'r2': 0.9913976028564566}]"
linoleic acid,Linoleic acid (micromol/L),0.9674203284759747,0.943017109087843,0.9644982124081531,13,360.3408966985428,123.13291456678765,2782.4332392073334,92.41662974567183,"[{'age_bin': '20-24', 'age_mid': 22.5, 'r2': 0.943017109087843}, {'age_bin': '25-29', 'age_mid': 27.5, 'r2': 0.9623200339111145}, {'age_bin': '30-34', 'age_mid': 32.5, 'r2': 0.9492667158328674}, {'age_bin': '35-39', 'age_mid': 37.5, 'r2': 0.9688589482345772}, {'age_bin': '40-44', 'age_mid': 42.5, 'r2': 0.9820875816412971}, {'age_bin': '45-49', 'age_mid': 47.5, 'r2': 0.9777065935946161}, {'age_bin': '50-54', 'age_mid': 52.5, 'r2': 0.9541280376252426}, {'age_bin': '55-59', 'age_mid': 57.5, 'r2': 0.9793716784886873}, {'age_bin': '60-64', 'age_mid': 62.5, 'r2': 0.9897539057736255}, {'age_bin': '65-69', 'age_mid': 67.5, 'r2': 0.9639803880930339}, {'age_bin': '70-74', 'age_mid': 72.5, 'r2': 0.9589212100060188}, {'age_bin': '75-79', 'age_mid': 77.5, 'r2': 0.9825538554905948}, {'age_bin': '80-84', 'age_mid': 82.5, 'r2': 0.9644982124081531}]"
lutein,Lutein (ug/dL),0.9732255350233591,0.9427368012936669,0.9782895931410361,13,2.331447158289175,0.33755057778751135,5.06033102903015,1.0857677277597255,"[{'age_bin': '20-24', 'age_mid': 22.5, 'r2': 0.9607773350055282}, {'age_bin': '25-29', 'age_mid': 27.5, 'r2': 0.9729366204292211}, {'age_bin': '30-34', 'age_mid': 32.5, 'r2': 0.9797873183912199}, {'age_bin': '35-39', 'age_mid': 37.5, 'r2': 0.9783055583256395}, {'age_bin': '40-44', 'age_mid': 42.5, 'r2': 0.9791330693123413}, {'age_bin': '45-49', 'age_mid': 47.5, 'r2': 0.9726801169692051}, {'age_bin': '50-54', 'age_mid': 52.5, 'r2': 0.9786981116474768}, {'age_bin': '55-59', 'age_mid': 57.5, 'r2': 0.9888427231314276}, {'age_bin': '60-64', 'age_mid': 62.5, 'r2': 0.9925797351231102}, {'age_bin': '65-69', 'age_mid': 67.5, 'r2': 0.9782895931410361}, {'age_bin': '70-74', 'age_mid': 72.5, 'r2': 0.9618622221050096}, {'age_bin': '75-79', 'age_mid': 77.5, 'r2': 0.9427368012936669}, {'age_bin': '80-84', 'age_mid': 82.5, 'r2': 0.9653027504287844}]"
lutein and zeaxanthin,Lutein and zeaxanthin (ug/dL),0.9612938208740266,0.8154158438200511,0.9809726141533134,13,4.727738763714816,0.9044095826756275,7.686127643479329,1.8704773052777228,"[{'age_bin': '20-24', 'age_mid': 22.5, 'r2': 0.9620654294039591}, {'age_bin': '25-29', 'age_mid': 27.5, 'r2': 0.9727777986962646}, {'age_bin': '30-34', 'age_mid': 32.5, 'r2': 0.9743188701996158}, {'age_bin': '35-39', 'age_mid': 37.5, 'r2': 0.9809726141533134}, {'age_bin': '40-44', 'age_mid': 42.5, 'r2': 0.9845929688521172}, {'age_bin': '45-49', 'age_mid': 47.5, 'r2': 0.9816781454479352}, {'age_bin': '50-54', 'age_mid': 52.5, 'r2': 0.9817501996663581}, {'age_bin': '55-59', 'age_mid': 57.5, 'r2': 0.9362828614009459}, {'age_bin': '60-64', 'age_mid': 62.5, 'r2': 0.9846880510902731}, {'age_bin': '65-69', 'age_mid': 67.5, 'r2': 0.9813352196216859}, {'age_bin': '70-74', 'age_mid': 72.5, 'r2': 0.9524343888307123}, {'age_bin': '75-79', 'age_mid': 77.5, 'r2': 0.9885072801791145}, {'age_bin': '80-84', 'age_mid': 82.5, 'r2': 0.8154158438200511}]"
luteinizing hormone,Luteinizing hormone (mIU/mL),0.9419711696352636,0.7495772548765194,0.9713889842923323,13,5.4310979638517125,2.4096416653440644,1.0406909873690002,1.8024793671251536,"[{'age_bin': '20-24', 'age_mid': 22.5, 'r2': 0.9259937036311475}, {'age_bin': '25-29', 'age_mid': 27.5, 'r2': 0.9593809254011043}, {'age_bin': '30-34', 'age_mid': 32.5, 'r2': 0.9534202570001706}, {'age_bin': '35-39', 'age_mid': 37.5, 'r2': 0.8691606515148538}, {'age_bin': '40-44', 'age_mid': 42.5, 'r2': 0.7495772548765194}, {'age_bin': '45-49', 'age_mid': 47.5, 'r2': 0.8983920641227843}, {'age_bin': '50-54', 'age_mid': 52.5, 'r2': 0.9882505555744274}, {'age_bin': '55-59', 'age_mid': 57.5, 'r2': 0.9844117068356769}, {'age_bin': '60-64', 'age_mid': 62.5, 'r2': 0.9713889842923323}, {'age_bin': '65-69', 'age_mid': 67.5, 'r2': 0.9800796102767563}, {'age_bin': '70-74', 'age_mid': 72.5, 'r2': 0.9831530959299144}, {'age_bin': '75-79', 'age_mid': 77.5, 'r2': 0.9879547123791682}, {'age_bin': '80-84', 'age_mid': 82.5, 'r2': 0.9944616834235714}]"
lymphocyte number,Lymphocyte number (1000 cells/uL),0.978004661642193,0.9453114723291418,0.9887126964764205,13,0.3305889018061495,0.09352132534290708,1.3782851126906854,0.25760529330615584,"[{'age_bin': '20-24', 'age_mid': 22.5, 'r2': 0.9459486593838515}, {'age_bin': '25-29', 'age_mid': 27.5, 'r2': 0.9453114723291418}, {'age_bin': '30-34', 'age_mid': 32.5, 'r2': 0.962159435429804}, {'age_bin': '35-39', 'age_mid': 37.5, 'r2': 0.9674661069719755}, {'age_bin': '40-44', 'age_mid': 42.5, 'r2': 0.9764787303360365}, {'age_bin': '45-49', 'age_mid': 47.5, 'r2': 0.9786091149513577}, {'age_bin': '50-54', 'age_mid': 52.5, 'r2': 0.9887126964764205}, {'age_bin': '55-59', 'age_mid': 57.5, 'r2': 0.9899084921839995}, {'age_bin': '60-64', 'age_mid': 62.5, 'r2': 0.9919451765598847}, {'age_bin': '65-69', 'age_mid': 67.5, 'r2': 0.9927978779612894}, {'age_bin': '70-74', 'age_mid': 72.5, 'r2': 0.9930702435491229}, {'age_bin': '75-79', 'age_mid': 77.5, 'r2': 0.9917565395078101}, {'age_bin': '80-84', 'age_mid': 82.5, 'r2': 0.9898960557078158}]"
lymphocyte percent,Lymphocyte percent (%),0.9711530766616069,0.9277365267829607,0.9822465551726152,13,4.014192072003754,1.0730646550862257,21.847642482619165,3.2053367258214016,"[{'age_bin': '20-24', 'age_mid': 22.5, 'r2': 0.9277365267829607}, {'age_bin': '25-29', 'age_mid': 27.5, 'r2': 0.9329943895902894}, {'age_bin': '30-34', 'age_mid': 32.5, 'r2': 0.947111758582207}, {'age_bin': '35-39', 'age_mid': 37.5, 'r2': 0.9570657101088562}, {'age_bin': '40-44', 'age_mid': 42.5, 'r2': 0.9633230186810359}, {'age_bin': '45-49', 'age_mid': 47.5, 'r2': 0.9728679857477786}, {'age_bin': '50-54', 'age_mid': 52.5, 'r2': 0.9833756450029245}, {'age_bin': '55-59', 'age_mid': 57.5, 'r2': 0.9822465551726152}, {'age_bin': '60-64', 'age_mid': 62.5, 'r2': 0.9864989854363366}, {'age_bin': '65-69', 'age_mid': 67.5, 'r2': 0.9899015822613219}, {'age_bin': '70-74', 'age_mid': 72.5, 'r2': 0.9913551385182334}, {'age_bin': '75-79', 'age_mid': 77.5, 'r2': 0.9922275866533407}, {'age_bin': '80-84', 'age_mid': 82.5, 'r2': 0.9982851140629917}]"
m p-xylene,"M,p-Xylene (ug/cubic meter)",0.7997712446180503,0.5976390970553782,0.8153206522339079,8,7.687546889389638,2.6268760350922946,-1.1202921746326275,1.3190920040085485,"[{'age_bin': '20-24', 'age_mid': 22.5, 'r2': 0.8595416574090757}, {'age_bin': '25-29', 'age_mid': 27.5, 'r2': 0.5976390970553782}, {'age_bin': '30-34', 'age_mid': 32.5, 'r2': 0.7681210270535409}, {'age_bin': '35-39', 'age_mid': 37.5, 'r2': 0.8108042203893584}, {'age_bin': '40-44', 'age_mid': 42.5, 'r2': 0.7551885233291681}, {'age_bin': '45-49', 'age_mid': 47.5, 'r2': 0.9399373328550229}, {'age_bin': '50-54', 'age_mid': 52.5, 'r2': 0.8471010147744003}, {'age_bin': '55-59', 'age_mid': 57.5, 'r2': 0.8198370840784575}, {'age_bin': '60-64', 'age_mid': 62.5, 'r2': None}, {'age_bin': '65-69', 'age_mid': 67.5, 'r2': None}, {'age_bin': '70-74', 'age_mid': 72.5, 'r2': None}, {'age_bin': '75-79', 'age_mid': 77.5, 'r2': None}, {'age_bin': '80-84', 'age_mid': 82.5, 'r2': None}]"
mtbe,MTBE (ug/cubic meter),0.7919969993926156,0.63149818684428,0.7902113536057822,8,3.157578341297958,0.7739091985796033,-1.447823112590558,0.6439450138002519,"[{'age_bin': '20-24', 'age_mid': 22.5, 'r2': 0.8485360940154127}, {'age_bin': '25-29', 'age_mid': 27.5, 'r2': 0.784779762214674}, {'age_bin': '30-34', 'age_mid': 32.5, 'r2': 0.8736219847185593}, {'age_bin': '35-39', 'age_mid': 37.5, 'r2': 0.7629117764742016}, {'age_bin': '40-44', 'age_mid': 42.5, 'r2': 0.63149818684428}, {'age_bin': '45-49', 'age_mid': 47.5, 'r2': 0.7683508165987076}, {'age_bin': '50-54', 'age_mid': 52.5, 'r2': 0.8706344292781986}, {'age_bin': '55-59', 'age_mid': 57.5, 'r2': 0.7956429449968905}, {'age_bin': '60-64', 'age_mid': 62.5, 'r2': None}, {'age_bin': '65-69', 'age_mid': 67.5, 'r2': None}, {'age_bin': '70-74', 'age_mid': 72.5, 'r2': None}, {'age_bin': '75-79', 'age_mid': 77.5, 'r2': None}, {'age_bin': '80-84', 'age_mid': 82.5, 'r2': None}]"
margaric acid c17 0,Margaric acid (C17:0) (umol/L),0.9776672422383922,0.949088882844911,0.9819318163458597,13,4.316349007356319,1.2539723508863638,21.28725410475352,0.8527750216712653,"[{'age_bin': '20-24', 'age_mid': 22.5, 'r2': 0.9746611371779198}, {'age_bin': '25-29', 'age_mid': 27.5, 'r2': 0.9592406694059056}, {'age_bin': '30-34', 'age_mid': 32.5, 'r2': 0.949088882844911}, {'age_bin': '35-39', 'age_mid': 37.5, 'r2': 0.9581985911847144}, {'age_bin': '40-44', 'age_mid': 42.5, 'r2': 0.9556783153388415}, {'age_bin': '45-49', 'age_mid': 47.5, 'r2': 0.9802714744997395}, {'age_bin': '50-54', 'age_mid': 52.5, 'r2': 0.9819318163458597}, {'age_bin': '55-59', 'age_mid': 57.5, 'r2': 0.9877268789574489}, {'age_bin': '60-64', 'age_mid': 62.5, 'r2': 0.9933045976543441}, {'age_bin': '65-69', 'age_mid': 67.5, 'r2': 0.9924709766542718}, {'age_bin': '70-74', 'age_mid': 72.5, 'r2': 0.993672796476103}, {'age_bin': '75-79', 'age_mid': 77.5, 'r2': 0.9864269817056975}, {'age_bin': '80-84', 'age_mid': 82.5, 'r2': 0.9970010308533421}]"
mean ab for gii 4 farmington hills ag,Mean Ab for GII.4 Farmington Hills ag,0.947871105715167,0.9196225763369394,0.94081406363302,6,24025.719100591105,3301.0059075945555,13979.37034171858,4128.243080638536,"[{'age_bin': '20-24', 'age_mid': 22.5, 'r2': 0.9196225763369394}, {'age_bin': '25-29', 'age_mid': 27.5, 'r2': 0.9429288494863655}, {'age_bin': '30-34', 'age_mid': 32.5, 'r2': 0.9386992777796744}, {'age_bin': '35-39', 'age_mid': 37.5, 'r2': 0.9305942813717013}, {'age_bin': '40-44', 'age_mid': 42.5, 'r2': 0.9647163015117216}, {'age_bin': '45-49', 'age_mid': 47.5, 'r2': 0.990665347804599}, {'age_bin': '50-54', 'age_mid': 52.5, 'r2': None}, {'age_bin': '55-59', 'age_mid': 57.5, 'r2': None}, {'age_bin': '60-64', 'age_mid': 62.5, 'r2': None}, {'age_bin': '65-69', 'age_mid': 67.5, 'r2': None}, {'age_bin': '70-74', 'age_mid': 72.5, 'r2': None}, {'age_bin': '75-79', 'age_mid': 77.5, 'r2': None}, {'age_bin': '80-84', 'age_mid': 82.5, 'r2': None}]"
mean od for gii 4 farmington hills ag,Mean OD for GII.4 Farmington Hills ag,0.9306490571226208,0.8956685090952221,0.9268402884550434,6,0.6773499961395691,0.10620721542310871,0.6502917814637347,0.11264546359326781,"[{'age_bin': '20-24', 'age_mid': 22.5, 'r2': 0.8956685090952221}, {'age_bin': '25-29', 'age_mid': 27.5, 'r2': 0.9258782453080621}, {'age_bin': '30-34', 'age_mid': 32.5, 'r2': 0.9307679228742773}, {'age_bin': '35-39', 'age_mid': 37.5, 'r2': 0.9232222979263223}, {'age_bin': '40-44', 'age_mid': 42.5, 'r2': 0.9278023316020247}, {'age_bin': '45-49', 'age_mid': 47.5, 'r2': 0.9805550359298166}, {'age_bin': '50-54', 'age_mid': 52.5, 'r2': None}, {'age_bin': '55-59', 'age_mid': 57.5, 'r2': None}, {'age_bin': '60-64', 'age_mid': 62.5, 'r2': None}, {'age_bin': '65-69', 'age_mid': 67.5, 'r2': None}, {'age_bin': '70-74', 'age_mid': 72.5, 'r2': None}, {'age_bin': '75-79', 'age_mid': 77.5, 'r2': None}, {'age_bin': '80-84', 'age_mid': 82.5, 'r2': None}]"
mean od for gii 4 new orleans ag,Mean OD for GII.4 New Orleans ag,0.9390829072868132,0.8524582715034961,0.949718093233362,6,0.6472232429443455,0.08298703438965042,0.5504855412421321,0.10509545359833922,"[{'age_bin': '20-24', 'age_mid': 22.5, 'r2': 0.8524582715034961}, {'age_bin': '25-29', 'age_mid': 27.5, 'r2': 0.944723753052748}, {'age_bin': '30-34', 'age_mid': 32.5, 'r2': 0.9404389710360296}, {'age_bin': '35-39', 'age_mid': 37.5, 'r2': 0.9547124334139758}, {'age_bin': '40-44', 'age_mid': 42.5, 'r2': 0.9619344764489557}, {'age_bin': '45-49', 'age_mid': 47.5, 'r2': 0.9802295382656745}, {'age_bin': '50-54', 'age_mid': 52.5, 'r2': None}, {'age_bin': '55-59', 'age_mid': 57.5, 'r2': None}, {'age_bin': '60-64', 'age_mid': 62.5, 'r2': None}, {'age_bin': '65-69', 'age_mid': 67.5, 'r2': None}, {'age_bin': '70-74', 'age_mid': 72.5, 'r2': None}, {'age_bin': '75-79', 'age_mid': 77.5, 'r2': None}, {'age_bin': '80-84', 'age_mid': 82.5, 'r2': None}]"
mean od for gii 4 us95/96 antigen,Mean OD for GII.4 US95/96 antigen,0.8969724258364856,0.869463007698533,0.900786550946749,6,0.8566891842338369,0.11030406872841969,0.6481862366929619,0.08390855728103132,"[{'age_bin': '20-24', 'age_mid': 22.5, 'r2': 0.9007337827838015}, {'age_bin': '25-29', 'age_mid': 27.5, 'r2': 0.904088816445247}, {'age_bin': '30-34', 'age_mid': 32.5, 'r2': 0.9008393191096964}, {'age_bin': '35-39', 'age_mid': 37.5, 'r2': 0.9235041527231722}, {'age_bin': '40-44', 'age_mid': 42.5, 'r2': 0.869463007698533}, {'age_bin': '45-49', 'age_mid': 47.5, 'r2': 0.8832054762584638}, {'age_bin': '50-54', 'age_mid': 52.5, 'r2': None}, {'age_bin': '55-59', 'age_mid': 57.5, 'r2': None}, {'age_bin': '60-64', 'age_mid': 62.5, 'r2': None}, {'age_bin': '65-69', 'age_mid': 67.5, 'r2': None}, {'age_bin': '70-74', 'age_mid': 72.5, 'r2': None}, {'age_bin': '75-79', 'age_mid': 77.5, 'r2': None}, {'age_bin': '80-84', 'age_mid': 82.5, 'r2': None}]"
mean od for giv 1 antigen,Mean OD for GIV.1 antigen,0.9586182731956003,0.9280213034661875,0.9625494383163609,6,0.46807650102284226,0.04770444214719835,0.39005565353194144,0.07844405243636304,"[{'age_bin': '20-24', 'age_mid': 22.5, 'r2': 0.9280213034661875}, {'age_bin': '25-29', 'age_mid': 27.5, 'r2': 0.953811029018663}, {'age_bin': '30-34', 'age_mid': 32.5, 'r2': 0.9717068920021921}, {'age_bin': '35-39', 'age_mid': 37.5, 'r2': 0.9534680804909934}, {'age_bin': '40-44', 'age_mid': 42.5, 'r2': 0.9712878476140588}, {'age_bin': '45-49', 'age_mid': 47.5, 'r2': 0.9734144865815065}, {'age_bin': '50-54', 'age_mid': 52.5, 'r2': None}, {'age_bin': '55-59', 'age_mid': 57.5, 'r2': None}, {'age_bin': '60-64', 'age_mid': 62.5, 'r2': None}, {'age_bin': '65-69', 'age_mid': 67.5, 'r2': None}, {'age_bin': '70-74', 'age_mid': 72.5, 'r2': None}, {'age_bin': '75-79', 'age_mid': 77.5, 'r2': None}, {'age_bin': '80-84', 'age_mid': 82.5, 'r2': None}]"
mean cell hemoglobin,Mean cell hemoglobin (pg),0.8743235228336209,0.7988658355762719,0.8909927952607493,13,0.9523962524388665,0.2706854539599948,28.274132298128627,0.15718404510038622,"[{'age_bin': '20-24', 'age_mid': 22.5, 'r2': 0.7988658355762719}, {'age_bin': '25-29', 'age_mid': 27.5, 'r2': 0.7999277816645289}, {'age_bin': '30-34', 'age_mid': 32.5, 'r2': 0.8103176877921234}, {'age_bin': '35-39', 'age_mid': 37.5, 'r2': 0.8286595335073373}, {'age_bin': '40-44', 'age_mid': 42.5, 'r2': 0.807416194507868}, {'age_bin': '45-49', 'age_mid': 47.5, 'r2': 0.8366975668590819}, {'age_bin': '50-54', 'age_mid': 52.5, 'r2': 0.8909927952607493}, {'age_bin': '55-59', 'age_mid': 57.5, 'r2': 0.927748549182581}, {'age_bin': '60-64', 'age_mid': 62.5, 'r2': 0.9213326704141741}, {'age_bin': '65-69', 'age_mid': 67.5, 'r2': 0.9181296170117792}, {'age_bin': '70-74', 'age_mid': 72.5, 'r2': 0.9473900508862702}, {'age_bin': '75-79', 'age_mid': 77.5, 'r2': 0.9397302385535524}, {'age_bin': '80-84', 'age_mid': 82.5, 'r2': 0.938997275620754}]"
mean cell hemoglobin concentration,Mean cell hemoglobin concentration (g/dL),0.9326888580237944,0.8622864146311213,0.9326846964361304,13,0.4515592783311655,0.14218912690568752,32.830812543736315,0.22750059696767805,"[{'age_bin': '20-24', 'age_mid': 22.5, 'r2': 0.8622864146311213}, {'age_bin': '25-29', 'age_mid': 27.5, 'r2': 0.8899905035655383}, {'age_bin': '30-34', 'age_mid': 32.5, 'r2': 0.898193047022425}, {'age_bin': '35-39', 'age_mid': 37.5, 'r2': 0.9112825241076102}, {'age_bin': '40-44', 'age_mid': 42.5, 'r2': 0.9161873354762687}, {'age_bin': '45-49', 'age_mid': 47.5, 'r2': 0.9233433314272989}, {'age_bin': '50-54', 'age_mid': 52.5, 'r2': 0.9326846964361304}, {'age_bin': '55-59', 'age_mid': 57.5, 'r2': 0.9531241509561874}, {'age_bin': '60-64', 'age_mid': 62.5, 'r2': 0.9552022778933316}, {'age_bin': '65-69', 'age_mid': 67.5, 'r2': 0.9648680854280707}, {'age_bin': '70-74', 'age_mid': 72.5, 'r2': 0.9687175727436829}, {'age_bin': '75-79', 'age_mid': 77.5, 'r2': 0.9747983082070596}, {'age_bin': '80-84', 'age_mid': 82.5, 'r2': 0.9742769064146012}]"
mean cell volume,Mean cell volume (fL),0.8964724816312485,0.8311000334945303,0.9108186279244005,13,2.348731484821547,0.656620533262456,84.561178122129,0.4468097706652338,"[{'age_bin': '20-24', 'age_mid': 22.5, 'r2': 0.8311000334945303}, {'age_bin': '25-29', 'age_mid': 27.5, 'r2': 0.8356998054680982}, {'age_bin': '30-34', 'age_mid': 32.5, 'r2': 0.8319127246381479}, {'age_bin': '35-39', 'age_mid': 37.5, 'r2': 0.8590160938056316}, {'age_bin': '40-44', 'age_mid': 42.5, 'r2': 0.8352985764563073}, {'age_bin': '45-49', 'age_mid': 47.5, 'r2': 0.8645907205728521}, {'age_bin': '50-54', 'age_mid': 52.5, 'r2': 0.9108186279244005}, {'age_bin': '55-59', 'age_mid': 57.5, 'r2': 0.9441333951145809}, {'age_bin': '60-64', 'age_mid': 62.5, 'r2': 0.9386512496089336}, {'age_bin': '65-69', 'age_mid': 67.5, 'r2': 0.9311857776390277}, {'age_bin': '70-74', 'age_mid': 72.5, 'r2': 0.9594719093230681}, {'age_bin': '75-79', 'age_mid': 77.5, 'r2': 0.9592912468806324}, {'age_bin': '80-84', 'age_mid': 82.5, 'r2': 0.9529721002800199}]"
mean optical density for gi 1 antigen,Mean optical density for GI.1 antigen,0.9281946449597701,0.8839001491451152,0.9284224187968868,6,0.8287012431864254,0.08872231052587515,0.607930418810556,0.13822747052801224,"[{'age_bin': '20-24', 'age_mid': 22.5, 'r2': 0.8839001491451152}, {'age_bin': '25-29', 'age_mid': 27.5, 'r2': 0.9122067935668133}, {'age_bin': '30-34', 'age_mid': 32.5, 'r2': 0.9130427489332106}, {'age_bin': '35-39', 'age_mid': 37.5, 'r2': 0.9438020886605629}, {'age_bin': '40-44', 'age_mid': 42.5, 'r2': 0.9447784849604662}, {'age_bin': '45-49', 'age_mid': 47.5, 'r2': 0.9714376044924535}, {'age_bin': '50-54', 'age_mid': 52.5, 'r2': None}, {'age_bin': '55-59', 'age_mid': 57.5, 'r2': None}, {'age_bin': '60-64', 'age_mid': 62.5, 'r2': None}, {'age_bin': '65-69', 'age_mid': 67.5, 'r2': None}, {'age_bin': '70-74', 'age_mid': 72.5, 'r2': None}, {'age_bin': '75-79', 'age_mid': 77.5, 'r2': None}, {'age_bin': '80-84', 'age_mid': 82.5, 'r2': None}]"
mean optical density for gi 4 ag,Mean optical density for GI.4 ag,0.9837230678110749,0.9766015204483811,0.9828335529969892,6,0.602945594276221,0.05300035780700008,0.14705899789763938,0.10677373088806448,"[{'age_bin': '20-24', 'age_mid': 22.5, 'r2': 0.9782927366522448}, {'age_bin': '25-29', 'age_mid': 27.5, 'r2': 0.9766015204483811}, {'age_bin': '30-34', 'age_mid': 32.5, 'r2': 0.9796762501001853}, {'age_bin': '35-39', 'age_mid': 37.5, 'r2': 0.9872078663872209}, {'age_bin': '40-44', 'age_mid': 42.5, 'r2': 0.9945691773846236}, {'age_bin': '45-49', 'age_mid': 47.5, 'r2': 0.985990855893793}, {'age_bin': '50-54', 'age_mid': 52.5, 'r2': None}, {'age_bin': '55-59', 'age_mid': 57.5, 'r2': None}, {'age_bin': '60-64', 'age_mid': 62.5, 'r2': None}, {'age_bin': '65-69', 'age_mid': 67.5, 'r2': None}, {'age_bin': '70-74', 'age_mid': 72.5, 'r2': None}, {'age_bin': '75-79', 'age_mid': 77.5, 'r2': None}, {'age_bin': '80-84', 'age_mid': 82.5, 'r2': None}]"
mean optical density for gii 3 ag,Mean optical density for GII.3 ag,0.925063432293411,0.9086655236624384,0.9218497232007482,6,0.8443508982617277,0.1108134596983098,0.58459225174354,0.14754843616765004,"[{'age_bin': '20-24', 'age_mid': 22.5, 'r2': 0.920453096942237}, {'age_bin': '25-29', 'age_mid': 27.5, 'r2': 0.9337610788385098}, {'age_bin': '30-34', 'age_mid': 32.5, 'r2': 0.9086655236624384}, {'age_bin': '35-39', 'age_mid': 37.5, 'r2': 0.948009156199598}, {'age_bin': '40-44', 'age_mid': 42.5, 'r2': 0.9162453886584234}, {'age_bin': '45-49', 'age_mid': 47.5, 'r2': 0.9232463494592594}, {'age_bin': '50-54', 'age_mid': 52.5, 'r2': None}, {'age_bin': '55-59', 'age_mid': 57.5, 'r2': None}, {'age_bin': '60-64', 'age_mid': 62.5, 'r2': None}, {'age_bin': '65-69', 'age_mid': 67.5, 'r2': None}, {'age_bin': '70-74', 'age_mid': 72.5, 'r2': None}, {'age_bin': '75-79', 'age_mid': 77.5, 'r2': None}, {'age_bin': '80-84', 'age_mid': 82.5, 'r2': None}]"
mean platelet volume,Mean platelet volume (fL),0.9727224324766996,0.9293748339530852,0.981798898880422,13,0.4429531091256955,0.12264403380298257,7.214567315591778,0.204930331487016,"[{'age_bin': '20-24', 'age_mid': 22.5, 'r2': 0.9293748339530852}, {'age_bin': '25-29', 'age_mid': 27.5, 'r2': 0.9453570324629158}, {'age_bin': '30-34', 'age_mid': 32.5, 'r2': 0.9550117144336246}, {'age_bin': '35-39', 'age_mid': 37.5, 'r2': 0.9559019943094096}, {'age_bin': '40-44', 'age_mid': 42.5, 'r2': 0.9700973215875253}, {'age_bin': '45-49', 'age_mid': 47.5, 'r2': 0.9747403647671221}, {'age_bin': '50-54', 'age_mid': 52.5, 'r2': 0.981798898880422}, {'age_bin': '55-59', 'age_mid': 57.5, 'r2': 0.9828729614987487}, {'age_bin': '60-64', 'age_mid': 62.5, 'r2': 0.9860159619329155}, {'age_bin': '65-69', 'age_mid': 67.5, 'r2': 0.989576962095821}, {'age_bin': '70-74', 'age_mid': 72.5, 'r2': 0.9887286754683532}, {'age_bin': '75-79', 'age_mid': 77.5, 'r2': 0.9924462762757543}, {'age_bin': '80-84', 'age_mid': 82.5, 'r2': 0.9934686245313998}]"
measles,Measles,0.981244811159247,0.9610816614539172,0.9845475404048648,6,4.263679358256501,0.2407346373920811,3.759722794964356,2.0919944288414314,"[{'age_bin': '20-24', 'age_mid': 22.5, 'r2': 0.9825446105216332}, {'age_bin': '25-29', 'age_mid': 27.5, 'r2': 0.9865504702880964}, {'age_bin': '30-34', 'age_mid': 32.5, 'r2': 0.9912187946747879}, {'age_bin': '35-39', 'age_mid': 37.5, 'r2': 0.9914588902356797}, {'age_bin': '40-44', 'age_mid': 42.5, 'r2': 0.974614439781367}, {'age_bin': '45-49', 'age_mid': 47.5, 'r2': 0.9610816614539172}, {'age_bin': '50-54', 'age_mid': 52.5, 'r2': None}, {'age_bin': '55-59', 'age_mid': 57.5, 'r2': None}, {'age_bin': '60-64', 'age_mid': 62.5, 'r2': None}, {'age_bin': '65-69', 'age_mid': 67.5, 'r2': None}, {'age_bin': '70-74', 'age_mid': 72.5, 'r2': None}, {'age_bin': '75-79', 'age_mid': 77.5, 'r2': None}, {'age_bin': '80-84', 'age_mid': 82.5, 'r2': None}]"
measles igg antibody multiplex bead assay quantitative result,Measles IgG Antibody Multiplex Bead Assay Quantitative Result (mIU/mL),0.8791323175657162,0.8174562729635465,0.890296177749347,8,1962.169380089749,355.64246722254126,-459.5693560895169,827.5373824611745,"[{'age_bin': '20-24', 'age_mid': 22.5, 'r2': 0.9352763942337743}, {'age_bin': '25-29', 'age_mid': 27.5, 'r2': 0.9242742520626909}, {'age_bin': '30-34', 'age_mid': 32.5, 'r2': 0.8948428573296205}, {'age_bin': '35-39', 'age_mid': 37.5, 'r2': 0.8857494981690733}, {'age_bin': '40-44', 'age_mid': 42.5, 'r2': 0.8996564787371141}, {'age_bin': '45-49', 'age_mid': 47.5, 'r2': 0.8510350697582805}, {'age_bin': '50-54', 'age_mid': 52.5, 'r2': 0.8174562729635465}, {'age_bin': '55-59', 'age_mid': 57.5, 'r2': 0.8247677172716287}, {'age_bin': '60-64', 'age_mid': 62.5, 'r2': None}, {'age_bin': '65-69', 'age_mid': 67.5, 'r2': None}, {'age_bin': '70-74', 'age_mid': 72.5, 'r2': None}, {'age_bin': '75-79', 'age_mid': 77.5, 'r2': None}, {'age_bin': '80-84', 'age_mid': 82.5, 'r2': None}]"
measles antibody,Measles antibody (IgG),0.9595912167345045,0.9431296321071819,0.9606785476794594,6,0.9551077392544004,0.0715065353387779,1.6139740994562846,0.1760775023635857,"[{'age_bin': '20-24', 'age_mid': 22.5, 'r2': 0.9444722388570451}, {'age_bin': '25-29', 'age_mid': 27.5, 'r2': 0.9705307960252251}, {'age_bin': '30-34', 'age_mid': 32.5, 'r2': 0.9508262993336937}, {'age_bin': '35-39', 'age_mid': 37.5, 'r2': 0.9735679102591673}, {'age_bin': '40-44', 'age_mid': 42.5, 'r2': 0.975020423824714}, {'age_bin': '45-49', 'age_mid': 47.5, 'r2': 0.9431296321071819}, {'age_bin': '50-54', 'age_mid': 52.5, 'r2': None}, {'age_bin': '55-59', 'age_mid': 57.5, 'r2': None}, {'age_bin': '60-64', 'age_mid': 62.5, 'r2': None}, {'age_bin': '65-69', 'age_mid': 67.5, 'r2': None}, {'age_bin': '70-74', 'age_mid': 72.5, 'r2': None}, {'age_bin': '75-79', 'age_mid': 77.5, 'r2': None}, {'age_bin': '80-84', 'age_mid': 82.5, 'r2': None}]"
mefox oxidation product,Mefox oxidation product (nmol/L),0.9573663176391989,0.9298366621520143,0.9567043100841799,13,0.5635520717714265,0.10834958470016677,0.38809954200706576,0.13281136621107026,"[{'age_bin': '20-24', 'age_mid': 22.5, 'r2': 0.9742213083021144}, {'age_bin': '25-29', 'age_mid': 27.5, 'r2': 0.9747792091899801}, {'age_bin': '30-34', 'age_mid': 32.5, 'r2': 0.9551393955274624}, {'age_bin': '35-39', 'age_mid': 37.5, 'r2': 0.9582099739909016}, {'age_bin': '40-44', 'age_mid': 42.5, 'r2': 0.9710314817588641}, {'age_bin': '45-49', 'age_mid': 47.5, 'r2': 0.9567043100841799}, {'age_bin': '50-54', 'age_mid': 52.5, 'r2': 0.9565255526014953}, {'age_bin': '55-59', 'age_mid': 57.5, 'r2': 0.9388388898479798}, {'age_bin': '60-64', 'age_mid': 62.5, 'r2': 0.9484200600885931}, {'age_bin': '65-69', 'age_mid': 67.5, 'r2': 0.9640614371256988}, {'age_bin': '70-74', 'age_mid': 72.5, 'r2': 0.9298366621520143}, {'age_bin': '75-79', 'age_mid': 77.5, 'r2': 0.9424481837353531}, {'age_bin': '80-84', 'age_mid': 82.5, 'r2': 0.9755456649049484}]"
mercury ethyl,"Mercury, ethyl (ug/L)",,,,0,,,,,"[{'age_bin': '20-24', 'age_mid': 22.5, 'r2': None}, {'age_bin': '25-29', 'age_mid': 27.5, 'r2': None}, {'age_bin': '30-34', 'age_mid': 32.5, 'r2': None}, {'age_bin': '35-39', 'age_mid': 37.5, 'r2': None}, {'age_bin': '40-44', 'age_mid': 42.5, 'r2': None}, {'age_bin': '45-49', 'age_mid': 47.5, 'r2': None}, {'age_bin': '50-54', 'age_mid': 52.5, 'r2': None}, {'age_bin': '55-59', 'age_mid': 57.5, 'r2': None}, {'age_bin': '60-64', 'age_mid': 62.5, 'r2': None}, {'age_bin': '65-69', 'age_mid': 67.5, 'r2': None}, {'age_bin': '70-74', 'age_mid': 72.5, 'r2': None}, {'age_bin': '75-79', 'age_mid': 77.5, 'r2': None}, {'age_bin': '80-84', 'age_mid': 82.5, 'r2': None}]"
mercury inorganic,"Mercury, inorganic (ug/L)",0.828782975037655,0.7398652727130699,0.8074223776735088,13,0.08418763843871356,0.028706091233071575,-0.0445821445832988,0.05122080066879456,"[{'age_bin': '20-24', 'age_mid': 22.5, 'r2': 0.8074223776735088}, {'age_bin': '25-29', 'age_mid': 27.5, 'r2': 0.8573775538630037}, {'age_bin': '30-34', 'age_mid': 32.5, 'r2': 0.8871798722403378}, {'age_bin': '35-39', 'age_mid': 37.5, 'r2': 0.8673744043898648}, {'age_bin': '40-44', 'age_mid': 42.5, 'r2': 0.8877638265558063}, {'age_bin': '45-49', 'age_mid': 47.5, 'r2': 0.8749520846533845}, {'age_bin': '50-54', 'age_mid': 52.5, 'r2': 0.8706187924751547}, {'age_bin': '55-59', 'age_mid': 57.5, 'r2': 0.7850677470544618}, {'age_bin': '60-64', 'age_mid': 62.5, 'r2': 0.8025452220950975}, {'age_bin': '65-69', 'age_mid': 67.5, 'r2': 0.7948669950083287}, {'age_bin': '70-74', 'age_mid': 72.5, 'r2': 0.7958432197401639}, {'age_bin': '75-79', 'age_mid': 77.5, 'r2': 0.8033013070273319}, {'age_bin': '80-84', 'age_mid': 82.5, 'r2': 0.7398652727130699}]"
mercury methyl,"Mercury, methyl (ug/L)",0.8329148774891516,0.7870166813928361,0.8393794459885013,13,0.5492459558526825,0.1522691961514751,-0.29739883712625226,0.1871476049899146,"[{'age_bin': '20-24', 'age_mid': 22.5, 'r2': 0.8320251411535542}, {'age_bin': '25-29', 'age_mid': 27.5, 'r2': 0.8573184837450059}, {'age_bin': '30-34', 'age_mid': 32.5, 'r2': 0.8436954319756806}, {'age_bin': '35-39', 'age_mid': 37.5, 'r2': 0.845358528613077}, {'age_bin': '40-44', 'age_mid': 42.5, 'r2': 0.835644523361941}, {'age_bin': '45-49', 'age_mid': 47.5, 'r2': 0.7870166813928361}, {'age_bin': '50-54', 'age_mid': 52.5, 'r2': 0.8393794459885013}, {'age_bin': '55-59', 'age_mid': 57.5, 'r2': 0.8281377192614693}, {'age_bin': '60-64', 'age_mid': 62.5, 'r2': 0.7884903671195791}, {'age_bin': '65-69', 'age_mid': 67.5, 'r2': 0.8516476181436834}, {'age_bin': '70-74', 'age_mid': 72.5, 'r2': 0.8489076645400427}, {'age_bin': '75-79', 'age_mid': 77.5, 'r2': 0.8278696390677993}, {'age_bin': '80-84', 'age_mid': 82.5, 'r2': 0.8424021629957998}]"
mercury total,"Mercury, total (ug/L)",0.8852053139963438,0.8251948326090366,0.8857902626083788,13,0.7293474654948015,0.2410629492510536,-0.13365991420868759,0.2496367239574928,"[{'age_bin': '20-24', 'age_mid': 22.5, 'r2': 0.9105153627933311}, {'age_bin': '25-29', 'age_mid': 27.5, 'r2': 0.8674253293221761}, {'age_bin': '30-34', 'age_mid': 32.5, 'r2': 0.8659131882536395}, {'age_bin': '35-39', 'age_mid': 37.5, 'r2': 0.8772282859491957}, {'age_bin': '40-44', 'age_mid': 42.5, 'r2': 0.8768522263138823}, {'age_bin': '45-49', 'age_mid': 47.5, 'r2': 0.9076244280595871}, {'age_bin': '50-54', 'age_mid': 52.5, 'r2': 0.9175045034445877}, {'age_bin': '55-59', 'age_mid': 57.5, 'r2': 0.8857902626083788}, {'age_bin': '60-64', 'age_mid': 62.5, 'r2': 0.9024540600302182}, {'age_bin': '65-69', 'age_mid': 67.5, 'r2': 0.8996121265808191}, {'age_bin': '70-74', 'age_mid': 72.5, 'r2': 0.9166076390790232}, {'age_bin': '75-79', 'age_mid': 77.5, 'r2': 0.8251948326090366}, {'age_bin': '80-84', 'age_mid': 82.5, 'r2': 0.8549468369085947}]"
methyl t-butyl ether mtbe result,Methyl t-Butyl Ether (MTBE) Result,0.7473849151219032,0.6629481988266909,0.7473849151219032,2,32.55089323291582,6.456796624340475,-12.996181253197548,6.879149729333935,"[{'age_bin': '20-24', 'age_mid': 22.5, 'r2': 0.6629481988266909}, {'age_bin': '25-29', 'age_mid': 27.5, 'r2': None}, {'age_bin': '30-34', 'age_mid': 32.5, 'r2': None}, {'age_bin': '35-39', 'age_mid': 37.5, 'r2': None}, {'age_bin': '40-44', 'age_mid': 42.5, 'r2': 0.8318216314171154}, {'age_bin': '45-49', 'age_mid': 47.5, 'r2': None}, {'age_bin': '50-54', 'age_mid': 52.5, 'r2': None}, {'age_bin': '55-59', 'age_mid': 57.5, 'r2': None}, {'age_bin': '60-64', 'age_mid': 62.5, 'r2': None}, {'age_bin': '65-69', 'age_mid': 67.5, 'r2': None}, {'age_bin': '70-74', 'age_mid': 72.5, 'r2': None}, {'age_bin': '75-79', 'age_mid': 77.5, 'r2': None}, {'age_bin': '80-84', 'age_mid': 82.5, 'r2': None}]"
methyl tert butyl ether mtbe result,Methyl tert. butyl ether (MTBE) Result,0.5392885365743971,0.3406917519502968,0.5807194913605482,8,0.06888207004379425,0.032005644750583255,0.019619047242165455,0.01773153375091524,"[{'age_bin': '20-24', 'age_mid': 22.5, 'r2': 0.3672081471780483}, {'age_bin': '25-29', 'age_mid': 27.5, 'r2': 0.5765676913411633}, {'age_bin': '30-34', 'age_mid': 32.5, 'r2': 0.6640606389804247}, {'age_bin': '35-39', 'age_mid': 37.5, 'r2': 0.6240564720247072}, {'age_bin': '40-44', 'age_mid': 42.5, 'r2': 0.5848712913799332}, {'age_bin': '45-49', 'age_mid': 47.5, 'r2': 0.6012752133403965}, {'age_bin': '50-54', 'age_mid': 52.5, 'r2': 0.5555770864002068}, {'age_bin': '55-59', 'age_mid': 57.5, 'r2': 0.3406917519502968}, {'age_bin': '60-64', 'age_mid': 62.5, 'r2': None}, {'age_bin': '65-69', 'age_mid': 67.5, 'r2': None}, {'age_bin': '70-74', 'age_mid': 72.5, 'r2': None}, {'age_bin': '75-79', 'age_mid': 77.5, 'r2': None}, {'age_bin': '80-84', 'age_mid': 82.5, 'r2': None}]"
methylmalonic acid,Methylmalonic Acid (nmol/L),0.9459634252756685,0.9040395194251524,0.9496178535259173,13,30.607216243681812,2.9215611132880075,75.90385083473127,7.0714056522730475,"[{'age_bin': '20-24', 'age_mid': 22.5, 'r2': 0.9429158265483247}, {'age_bin': '25-29', 'age_mid': 27.5, 'r2': 0.9618932525341213}, {'age_bin': '30-34', 'age_mid': 32.5, 'r2': 0.9684296473939805}, {'age_bin': '35-39', 'age_mid': 37.5, 'r2': 0.9641316218735109}, {'age_bin': '40-44', 'age_mid': 42.5, 'r2': 0.9706771035206335}, {'age_bin': '45-49', 'age_mid': 47.5, 'r2': 0.9692077515239612}, {'age_bin': '50-54', 'age_mid': 52.5, 'r2': 0.9584112623460074}, {'age_bin': '55-59', 'age_mid': 57.5, 'r2': 0.9496178535259173}, {'age_bin': '60-64', 'age_mid': 62.5, 'r2': 0.944910356228609}, {'age_bin': '65-69', 'age_mid': 67.5, 'r2': 0.9363008695656807}, {'age_bin': '70-74', 'age_mid': 72.5, 'r2': 0.9176683738017078}, {'age_bin': '75-79', 'age_mid': 77.5, 'r2': 0.9093210902960822}, {'age_bin': '80-84', 'age_mid': 82.5, 'r2': 0.9040395194251524}]"
methyltetrahydrofolate,Methyltetrahydrofolate (ng/ml),0.9881137987725015,0.9778479268122824,0.989528343826809,5,3.614021838100853,0.273616966336198,5.133621325581838,0.8522490336541185,"[{'age_bin': '20-24', 'age_mid': 22.5, 'r2': None}, {'age_bin': '25-29', 'age_mid': 27.5, 'r2': None}, {'age_bin': '30-34', 'age_mid': 32.5, 'r2': None}, {'age_bin': '35-39', 'age_mid': 37.5, 'r2': None}, {'age_bin': '40-44', 'age_mid': 42.5, 'r2': None}, {'age_bin': '45-49', 'age_mid': 47.5, 'r2': None}, {'age_bin': '50-54', 'age_mid': 52.5, 'r2': None}, {'age_bin': '55-59', 'age_mid': 57.5, 'r2': None}, {'age_bin': '60-64', 'age_mid': 62.5, 'r2': 0.9959465935533812}, {'age_bin': '65-69', 'age_mid': 67.5, 'r2': 0.989528343826809}, {'age_bin': '70-74', 'age_mid': 72.5, 'r2': 0.9906074937648113}, {'age_bin': '75-79', 'age_mid': 77.5, 'r2': 0.9778479268122824}, {'age_bin': '80-84', 'age_mid': 82.5, 'r2': 0.9866386359052233}]"
mirex,Mirex (ng/g),0.6853431074168839,0.41973562588211777,0.7028794144947823,13,0.012932141499033597,0.005075483761921314,0.0009800628256488254,0.01238101228830705,"[{'age_bin': '20-24', 'age_mid': 22.5, 'r2': 0.8789430884423973}, {'age_bin': '25-29', 'age_mid': 27.5, 'r2': 0.8631255954130669}, {'age_bin': '30-34', 'age_mid': 32.5, 'r2': 0.8410591202658791}, {'age_bin': '35-39', 'age_mid': 37.5, 'r2': 0.6394178714276861}, {'age_bin': '40-44', 'age_mid': 42.5, 'r2': 0.7431865138163387}, {'age_bin': '45-49', 'age_mid': 47.5, 'r2': 0.5264493801283032}, {'age_bin': '50-54', 'age_mid': 52.5, 'r2': 0.7344314692356313}, {'age_bin': '55-59', 'age_mid': 57.5, 'r2': 0.7028794144947823}, {'age_bin': '60-64', 'age_mid': 62.5, 'r2': 0.5618783235968585}, {'age_bin': '65-69', 'age_mid': 67.5, 'r2': 0.4646529906163491}, {'age_bin': '70-74', 'age_mid': 72.5, 'r2': 0.870372015696661}, {'age_bin': '75-79', 'age_mid': 77.5, 'r2': 0.6633289874034194}, {'age_bin': '80-84', 'age_mid': 82.5, 'r2': 0.41973562588211777}]"
mirex lipid adjusted,Mirex Lipid Adjusted (ng/g),0.7246674541988175,0.4348712751789454,0.6961100396222728,13,2.1034515829901794,0.6979325068237726,0.1876080767219252,1.9368182614124456,"[{'age_bin': '20-24', 'age_mid': 22.5, 'r2': 0.9581168927900728}, {'age_bin': '25-29', 'age_mid': 27.5, 'r2': 0.9518542212750217}, {'age_bin': '30-34', 'age_mid': 32.5, 'r2': 0.9203783945023791}, {'age_bin': '35-39', 'age_mid': 37.5, 'r2': 0.6961100396222728}, {'age_bin': '40-44', 'age_mid': 42.5, 'r2': 0.7557565509415207}, {'age_bin': '45-49', 'age_mid': 47.5, 'r2': 0.6626836317241924}, {'age_bin': '50-54', 'age_mid': 52.5, 'r2': 0.6497875226972394}, {'age_bin': '55-59', 'age_mid': 57.5, 'r2': 0.7439423143112032}, {'age_bin': '60-64', 'age_mid': 62.5, 'r2': 0.5820580088051828}, {'age_bin': '65-69', 'age_mid': 67.5, 'r2': 0.4958182551852893}, {'age_bin': '70-74', 'age_mid': 72.5, 'r2': 0.8870540390759654}, {'age_bin': '75-79', 'age_mid': 77.5, 'r2': 0.6822457584753434}, {'age_bin': '80-84', 'age_mid': 82.5, 'r2': 0.4348712751789454}]"
monocyte number,Monocyte number (1000 cells/uL),0.94611300250172,0.9125475569488677,0.9512119037274314,13,0.08915817500664754,0.025187665977893327,0.3525263824782527,0.028201190460672303,"[{'age_bin': '20-24', 'age_mid': 22.5, 'r2': 0.9125475569488677}, {'age_bin': '25-29', 'age_mid': 27.5, 'r2': 0.9202205278324502}, {'age_bin': '30-34', 'age_mid': 32.5, 'r2': 0.9346128278726537}, {'age_bin': '35-39', 'age_mid': 37.5, 'r2': 0.9339635167814268}, {'age_bin': '40-44', 'age_mid': 42.5, 'r2': 0.9405839189744022}, {'age_bin': '45-49', 'age_mid': 47.5, 'r2': 0.9456086315974669}, {'age_bin': '50-54', 'age_mid': 52.5, 'r2': 0.9542577089149709}, {'age_bin': '55-59', 'age_mid': 57.5, 'r2': 0.9512119037274314}, {'age_bin': '60-64', 'age_mid': 62.5, 'r2': 0.9604912875479602}, {'age_bin': '65-69', 'age_mid': 67.5, 'r2': 0.9613203230539734}, {'age_bin': '70-74', 'age_mid': 72.5, 'r2': 0.9661982045809278}, {'age_bin': '75-79', 'age_mid': 77.5, 'r2': 0.9604200362539205}, {'age_bin': '80-84', 'age_mid': 82.5, 'r2': 0.95803258843591}]"
monocyte percent,Monocyte percent (%),0.9744578311912032,0.9321628487191524,0.98124879602067,13,1.0175969587154918,0.2792547312874293,5.75640810285042,0.16756570017375275,"[{'age_bin': '20-24', 'age_mid': 22.5, 'r2': 0.9321628487191524}, {'age_bin': '25-29', 'age_mid': 27.5, 'r2': 0.9491971639039323}, {'age_bin': '30-34', 'age_mid': 32.5, 'r2': 0.9561280792733206}, {'age_bin': '35-39', 'age_mid': 37.5, 'r2': 0.9593282362948286}, {'age_bin': '40-44', 'age_mid': 42.5, 'r2': 0.9717150834105331}, {'age_bin': '45-49', 'age_mid': 47.5, 'r2': 0.9761983983370855}, {'age_bin': '50-54', 'age_mid': 52.5, 'r2': 0.98124879602067}, {'age_bin': '55-59', 'age_mid': 57.5, 'r2': 0.9857865875529914}, {'age_bin': '60-64', 'age_mid': 62.5, 'r2': 0.9940130536761964}, {'age_bin': '65-69', 'age_mid': 67.5, 'r2': 0.990399357671463}, {'age_bin': '70-74', 'age_mid': 72.5, 'r2': 0.9894161640847777}, {'age_bin': '75-79', 'age_mid': 77.5, 'r2': 0.9908218992374022}, {'age_bin': '80-84', 'age_mid': 82.5, 'r2': 0.9915361373032883}]"
monomethyl branched iso of pfos,Monomethyl branched iso of PFOS (ug/L),0.9754396186627846,0.9360204445785252,0.9812149675635937,11,0.6290592109632346,0.04142584361850291,0.5468160736869023,0.19764063459675785,"[{'age_bin': '20-24', 'age_mid': 22.5, 'r2': 0.9529671998023468}, {'age_bin': '25-29', 'age_mid': 27.5, 'r2': 0.9818011963044925}, {'age_bin': '30-34', 'age_mid': 32.5, 'r2': 0.9784921627189711}, {'age_bin': '35-39', 'age_mid': 37.5, 'r2': 0.9826130101266185}, {'age_bin': '40-44', 'age_mid': 42.5, 'r2': 0.9895212250456806}, {'age_bin': '45-49', 'age_mid': 47.5, 'r2': 0.9803318449559089}, {'age_bin': '50-54', 'age_mid': 52.5, 'r2': 0.9812149675635937}, {'age_bin': '55-59', 'age_mid': 57.5, 'r2': 0.9894264446247613}, {'age_bin': '60-64', 'age_mid': 62.5, 'r2': 0.989112809253579}, {'age_bin': '65-69', 'age_mid': 67.5, 'r2': 0.9360204445785252}, {'age_bin': '70-74', 'age_mid': 72.5, 'r2': None}, {'age_bin': '75-79', 'age_mid': 77.5, 'r2': None}, {'age_bin': '80-84', 'age_mid': 82.5, 'r2': 0.9683345003161526}]"
mumps igg antibody multiplex bead assay quantitative result,Mumps IgG Antibody Multiplex Bead Assay Quantitative Result (AU/mL),0.9382152889757989,0.912167691134314,0.9404606756639446,8,181.84961739546014,13.154344783384992,4.118283949859379,29.4782933556291,"[{'age_bin': '20-24', 'age_mid': 22.5, 'r2': 0.9454615409553844}, {'age_bin': '25-29', 'age_mid': 27.5, 'r2': 0.9471188227909686}, {'age_bin': '30-34', 'age_mid': 32.5, 'r2': 0.912167691134314}, {'age_bin': '35-39', 'age_mid': 37.5, 'r2': 0.9437903697858772}, {'age_bin': '40-44', 'age_mid': 42.5, 'r2': 0.9267636243355928}, {'age_bin': '45-49', 'age_mid': 47.5, 'r2': 0.937130981542012}, {'age_bin': '50-54', 'age_mid': 52.5, 'r2': 0.9312678369549553}, {'age_bin': '55-59', 'age_mid': 57.5, 'r2': 0.9620214443072872}, {'age_bin': '60-64', 'age_mid': 62.5, 'r2': None}, {'age_bin': '65-69', 'age_mid': 67.5, 'r2': None}, {'age_bin': '70-74', 'age_mid': 72.5, 'r2': None}, {'age_bin': '75-79', 'age_mid': 77.5, 'r2': None}, {'age_bin': '80-84', 'age_mid': 82.5, 'r2': None}]"
mumps antibody,Mumps antibody (IgG),0.9483019347681064,0.9187851399268592,0.9492310133096347,6,0.9716871923605469,0.08001808281764518,1.4858221433859837,0.14520679248873822,"[{'age_bin': '20-24', 'age_mid': 22.5, 'r2': 0.9498549609549252}, {'age_bin': '25-29', 'age_mid': 27.5, 'r2': 0.9486070656643442}, {'age_bin': '30-34', 'age_mid': 32.5, 'r2': 0.965079567579804}, {'age_bin': '35-39', 'age_mid': 37.5, 'r2': 0.9680331076671612}, {'age_bin': '40-44', 'age_mid': 42.5, 'r2': 0.9394517668155452}, {'age_bin': '45-49', 'age_mid': 47.5, 'r2': 0.9187851399268592}, {'age_bin': '50-54', 'age_mid': 52.5, 'r2': None}, {'age_bin': '55-59', 'age_mid': 57.5, 'r2': None}, {'age_bin': '60-64', 'age_mid': 62.5, 'r2': None}, {'age_bin': '65-69', 'age_mid': 67.5, 'r2': None}, {'age_bin': '70-74', 'age_mid': 72.5, 'r2': None}, {'age_bin': '75-79', 'age_mid': 77.5, 'r2': None}, {'age_bin': '80-84', 'age_mid': 82.5, 'r2': None}]"
myristic acid 14 0,Myristic acid (14:0) (umol/L),0.9643340152133152,0.9349819103757789,0.9625061792845616,13,36.23228180615668,12.727346232112282,46.670251985572605,6.986666597659802,"[{'age_bin': '20-24', 'age_mid': 22.5, 'r2': 0.9649260977776121}, {'age_bin': '25-29', 'age_mid': 27.5, 'r2': 0.9652843170726526}, {'age_bin': '30-34', 'age_mid': 32.5, 'r2': 0.9349819103757789}, {'age_bin': '35-39', 'age_mid': 37.5, 'r2': 0.9595743002641424}, {'age_bin': '40-44', 'age_mid': 42.5, 'r2': 0.9472478413797255}, {'age_bin': '45-49', 'age_mid': 47.5, 'r2': 0.9712638281021769}, {'age_bin': '50-54', 'age_mid': 52.5, 'r2': 0.9465321912417696}, {'age_bin': '55-59', 'age_mid': 57.5, 'r2': 0.9589993078642867}, {'age_bin': '60-64', 'age_mid': 62.5, 'r2': 0.9625061792845616}, {'age_bin': '65-69', 'age_mid': 67.5, 'r2': 0.9591339024114229}, {'age_bin': '70-74', 'age_mid': 72.5, 'r2': 0.9904057295958711}, {'age_bin': '75-79', 'age_mid': 77.5, 'r2': 0.9944690462899689}, {'age_bin': '80-84', 'age_mid': 82.5, 'r2': 0.9810175461131275}]"
myristic acid,Myristic acid (micromol/L),0.9645427061433267,0.9077445109155335,0.9730121268472111,13,35.184924280793425,12.894382939440911,54.368917875563504,5.830876071475049,"[{'age_bin': '20-24', 'age_mid': 22.5, 'r2': 0.9730121268472111}, {'age_bin': '25-29', 'age_mid': 27.5, 'r2': 0.9412972903909166}, {'age_bin': '30-34', 'age_mid': 32.5, 'r2': 0.9740557784728728}, {'age_bin': '35-39', 'age_mid': 37.5, 'r2': 0.9688562374696789}, {'age_bin': '40-44', 'age_mid': 42.5, 'r2': 0.9464048674225418}, {'age_bin': '45-49', 'age_mid': 47.5, 'r2': 0.9855978037554821}, {'age_bin': '50-54', 'age_mid': 52.5, 'r2': 0.9550287088164776}, {'age_bin': '55-59', 'age_mid': 57.5, 'r2': 0.9346751249533245}, {'age_bin': '60-64', 'age_mid': 62.5, 'r2': 0.9913628795997397}, {'age_bin': '65-69', 'age_mid': 67.5, 'r2': 0.9902345563544619}, {'age_bin': '70-74', 'age_mid': 72.5, 'r2': 0.988573761228727}, {'age_bin': '75-79', 'age_mid': 77.5, 'r2': 0.9077445109155335}, {'age_bin': '80-84', 'age_mid': 82.5, 'r2': 0.98221153363628}]"
myristoleic acid 14 1n-5,Myristoleic acid (14:1n-5) (umol/L),0.940720902427804,0.9157585219274872,0.9338371209821893,13,2.9307473116097547,1.09091489600582,1.2602337099026795,0.6447214587405667,"[{'age_bin': '20-24', 'age_mid': 22.5, 'r2': 0.9338371209821893}, {'age_bin': '25-29', 'age_mid': 27.5, 'r2': 0.9390491375053686}, {'age_bin': '30-34', 'age_mid': 32.5, 'r2': 0.9272933030472961}, {'age_bin': '35-39', 'age_mid': 37.5, 'r2': 0.92421699165755}, {'age_bin': '40-44', 'age_mid': 42.5, 'r2': 0.9355129732018931}, {'age_bin': '45-49', 'age_mid': 47.5, 'r2': 0.9202159819102479}, {'age_bin': '50-54', 'age_mid': 52.5, 'r2': 0.9157585219274872}, {'age_bin': '55-59', 'age_mid': 57.5, 'r2': 0.9229551100122396}, {'age_bin': '60-64', 'age_mid': 62.5, 'r2': 0.958780113162276}, {'age_bin': '65-69', 'age_mid': 67.5, 'r2': 0.9241311917599141}, {'age_bin': '70-74', 'age_mid': 72.5, 'r2': 0.9840309180531872}, {'age_bin': '75-79', 'age_mid': 77.5, 'r2': 0.9856041515210817}, {'age_bin': '80-84', 'age_mid': 82.5, 'r2': 0.9579862168207214}]"
myristoleic acid,Myristoleic acid (micromol/L),0.9396861768868571,0.871020207032839,0.9537272867788206,13,2.9607883509061943,1.1575208928961485,1.5318980860053826,0.591021233153869,"[{'age_bin': '20-24', 'age_mid': 22.5, 'r2': 0.9254455708444399}, {'age_bin': '25-29', 'age_mid': 27.5, 'r2': 0.8768032946884186}, {'age_bin': '30-34', 'age_mid': 32.5, 'r2': 0.9406592652782818}, {'age_bin': '35-39', 'age_mid': 37.5, 'r2': 0.970544257882936}, {'age_bin': '40-44', 'age_mid': 42.5, 'r2': 0.9112088974916253}, {'age_bin': '45-49', 'age_mid': 47.5, 'r2': 0.9708069755136416}, {'age_bin': '50-54', 'age_mid': 52.5, 'r2': 0.9824950650864225}, {'age_bin': '55-59', 'age_mid': 57.5, 'r2': 0.871020207032839}, {'age_bin': '60-64', 'age_mid': 62.5, 'r2': 0.9543303550339385}, {'age_bin': '65-69', 'age_mid': 67.5, 'r2': 0.9836215321911832}, {'age_bin': '70-74', 'age_mid': 72.5, 'r2': 0.9590559969408344}, {'age_bin': '75-79', 'age_mid': 77.5, 'r2': 0.9162015947657604}, {'age_bin': '80-84', 'age_mid': 82.5, 'r2': 0.9537272867788206}]"
nt-probnp,NT-proBNP (pg/ml),0.9260099870420316,0.819371135418065,0.9468365568505237,13,33.84327912835383,18.71707560070753,-12.62788314140616,35.042347887339275,"[{'age_bin': '20-24', 'age_mid': 22.5, 'r2': 0.9586007661064365}, {'age_bin': '25-29', 'age_mid': 27.5, 'r2': 0.9699719749228731}, {'age_bin': '30-34', 'age_mid': 32.5, 'r2': 0.9545466100313943}, {'age_bin': '35-39', 'age_mid': 37.5, 'r2': 0.9467642189012663}, {'age_bin': '40-44', 'age_mid': 42.5, 'r2': 0.977453117242545}, {'age_bin': '45-49', 'age_mid': 47.5, 'r2': 0.9823848525724327}, {'age_bin': '50-54', 'age_mid': 52.5, 'r2': 0.9581886207019303}, {'age_bin': '55-59', 'age_mid': 57.5, 'r2': 0.8725116411516827}, {'age_bin': '60-64', 'age_mid': 62.5, 'r2': 0.9468365568505237}, {'age_bin': '65-69', 'age_mid': 67.5, 'r2': 0.819371135418065}, {'age_bin': '70-74', 'age_mid': 72.5, 'r2': 0.8964064975307001}, {'age_bin': '75-79', 'age_mid': 77.5, 'r2': 0.8836767988557238}, {'age_bin': '80-84', 'age_mid': 82.5, 'r2': 0.871417041260838}]"
nervonic acid 24 1n-9,Nervonic acid (24:1n-9) (umol/L),0.9724590385133182,0.9323568534016583,0.9778132029452236,13,10.476281802075388,1.972018067919793,66.72698551533674,3.3295989298534847,"[{'age_bin': '20-24', 'age_mid': 22.5, 'r2': 0.9438247607789793}, {'age_bin': '25-29', 'age_mid': 27.5, 'r2': 0.9323568534016583}, {'age_bin': '30-34', 'age_mid': 32.5, 'r2': 0.962724466590245}, {'age_bin': '35-39', 'age_mid': 37.5, 'r2': 0.9603495478236976}, {'age_bin': '40-44', 'age_mid': 42.5, 'r2': 0.968569486657298}, {'age_bin': '45-49', 'age_mid': 47.5, 'r2': 0.978967391868236}, {'age_bin': '50-54', 'age_mid': 52.5, 'r2': 0.9763250316527498}, {'age_bin': '55-59', 'age_mid': 57.5, 'r2': 0.9837080239099837}, {'age_bin': '60-64', 'age_mid': 62.5, 'r2': 0.9844948613207928}, {'age_bin': '65-69', 'age_mid': 67.5, 'r2': 0.9925031521966642}, {'age_bin': '70-74', 'age_mid': 72.5, 'r2': 0.9917733792531264}, {'age_bin': '75-79', 'age_mid': 77.5, 'r2': 0.9778132029452236}, {'age_bin': '80-84', 'age_mid': 82.5, 'r2': 0.988557342274482}]"
nervonic acid,Nervonic acid (micromol/L),0.9654366212196023,0.9229350852905868,0.9683194252423841,13,8.99096729992054,2.097955142252158,59.508668176182226,1.7855071256806716,"[{'age_bin': '20-24', 'age_mid': 22.5, 'r2': 0.9229350852905868}, {'age_bin': '25-29', 'age_mid': 27.5, 'r2': 0.9426213554536589}, {'age_bin': '30-34', 'age_mid': 32.5, 'r2': 0.9550270673839417}, {'age_bin': '35-39', 'age_mid': 37.5, 'r2': 0.9593189328658054}, {'age_bin': '40-44', 'age_mid': 42.5, 'r2': 0.9683194252423841}, {'age_bin': '45-49', 'age_mid': 47.5, 'r2': 0.9849799591229128}, {'age_bin': '50-54', 'age_mid': 52.5, 'r2': 0.965824671842644}, {'age_bin': '55-59', 'age_mid': 57.5, 'r2': 0.950976612861827}, {'age_bin': '60-64', 'age_mid': 62.5, 'r2': 0.9873280237187219}, {'age_bin': '65-69', 'age_mid': 67.5, 'r2': 0.9907604530297817}, {'age_bin': '70-74', 'age_mid': 72.5, 'r2': 0.97254306872572}, {'age_bin': '75-79', 'age_mid': 77.5, 'r2': 0.9791601250513144}, {'age_bin': '80-84', 'age_mid': 82.5, 'r2': 0.9708812952655305}]"
nitrate water,"Nitrate, water (ng/mL)",0.7604673009519831,0.5914937929731974,0.7724693916438633,13,2062.955619355947,780.1829528599515,-1592.9755437906183,1016.1109241277372,"[{'age_bin': '20-24', 'age_mid': 22.5, 'r2': 0.7724693916438633}, {'age_bin': '25-29', 'age_mid': 27.5, 'r2': 0.8032494496089222}, {'age_bin': '30-34', 'age_mid': 32.5, 'r2': 0.7556293099010825}, {'age_bin': '35-39', 'age_mid': 37.5, 'r2': 0.7451592700440752}, {'age_bin': '40-44', 'age_mid': 42.5, 'r2': 0.6881638931648161}, {'age_bin': '45-49', 'age_mid': 47.5, 'r2': 0.8548946262889345}, {'age_bin': '50-54', 'age_mid': 52.5, 'r2': 0.7365002773052247}, {'age_bin': '55-59', 'age_mid': 57.5, 'r2': 0.7998943563805303}, {'age_bin': '60-64', 'age_mid': 62.5, 'r2': 0.7822713988126233}, {'age_bin': '65-69', 'age_mid': 67.5, 'r2': 0.8014477255466952}, {'age_bin': '70-74', 'age_mid': 72.5, 'r2': 0.5914937929731974}, {'age_bin': '75-79', 'age_mid': 77.5, 'r2': 0.7545612810541407}, {'age_bin': '80-84', 'age_mid': 82.5, 'r2': 0.8003401396516749}]"
octanaldehyde,Octanaldehyde (ng/mL),0.41408166199618734,0.0586502745233245,0.4247919655531037,13,0.043730196370074866,0.024096838694698985,0.4133685296410252,0.028741348217001205,"[{'age_bin': '20-24', 'age_mid': 22.5, 'r2': 0.4493397488353954}, {'age_bin': '25-29', 'age_mid': 27.5, 'r2': 0.3975143346221178}, {'age_bin': '30-34', 'age_mid': 32.5, 'r2': 0.5740031620432249}, {'age_bin': '35-39', 'age_mid': 37.5, 'r2': 0.3426193547315447}, {'age_bin': '40-44', 'age_mid': 42.5, 'r2': 0.47155157114045054}, {'age_bin': '45-49', 'age_mid': 47.5, 'r2': 0.4247919655531037}, {'age_bin': '50-54', 'age_mid': 52.5, 'r2': 0.49804671062282846}, {'age_bin': '55-59', 'age_mid': 57.5, 'r2': 0.5584656285162309}, {'age_bin': '60-64', 'age_mid': 62.5, 'r2': 0.3897788674062964}, {'age_bin': '65-69', 'age_mid': 67.5, 'r2': 0.0586502745233245}, {'age_bin': '70-74', 'age_mid': 72.5, 'r2': 0.5646811575185424}, {'age_bin': '75-79', 'age_mid': 77.5, 'r2': 0.2577857492850655}, {'age_bin': '80-84', 'age_mid': 82.5, 'r2': 0.39583308115231064}]"
oleic acid 18 1n-9,Oleic acid (18:1n-9) (umol/L),0.9741251498742234,0.9426969422934095,0.970242377348593,13,358.0929033505299,113.71148916281142,1297.7227845666855,49.39865498028077,"[{'age_bin': '20-24', 'age_mid': 22.5, 'r2': 0.964168667171504}, {'age_bin': '25-29', 'age_mid': 27.5, 'r2': 0.9676619080105586}, {'age_bin': '30-34', 'age_mid': 32.5, 'r2': 0.9426969422934095}, {'age_bin': '35-39', 'age_mid': 37.5, 'r2': 0.9690136117005209}, {'age_bin': '40-44', 'age_mid': 42.5, 'r2': 0.9676992358303153}, {'age_bin': '45-49', 'age_mid': 47.5, 'r2': 0.9522470535039024}, {'age_bin': '50-54', 'age_mid': 52.5, 'r2': 0.970242377348593}, {'age_bin': '55-59', 'age_mid': 57.5, 'r2': 0.9737249518717652}, {'age_bin': '60-64', 'age_mid': 62.5, 'r2': 0.988382380255937}, {'age_bin': '65-69', 'age_mid': 67.5, 'r2': 0.9947936031344753}, {'age_bin': '70-74', 'age_mid': 72.5, 'r2': 0.9919788648173742}, {'age_bin': '75-79', 'age_mid': 77.5, 'r2': 0.992767899608878}, {'age_bin': '80-84', 'age_mid': 82.5, 'r2': 0.9882494528176695}]"
oleic acid,Oleic acid (micromol/L),0.9697229512403466,0.9494583772419789,0.9715026160737751,13,337.8003890691016,107.9203351703264,1481.5904445621532,142.17048510751604,"[{'age_bin': '20-24', 'age_mid': 22.5, 'r2': 0.9622495518552816}, {'age_bin': '25-29', 'age_mid': 27.5, 'r2': 0.9643217647472562}, {'age_bin': '30-34', 'age_mid': 32.5, 'r2': 0.9544783921581607}, {'age_bin': '35-39', 'age_mid': 37.5, 'r2': 0.9494583772419789}, {'age_bin': '40-44', 'age_mid': 42.5, 'r2': 0.9715026160737751}, {'age_bin': '45-49', 'age_mid': 47.5, 'r2': 0.977470469306235}, {'age_bin': '50-54', 'age_mid': 52.5, 'r2': 0.951911077063375}, {'age_bin': '55-59', 'age_mid': 57.5, 'r2': 0.9871956794595714}, {'age_bin': '60-64', 'age_mid': 62.5, 'r2': 0.9851363887756331}, {'age_bin': '65-69', 'age_mid': 67.5, 'r2': 0.9588834904515721}, {'age_bin': '70-74', 'age_mid': 72.5, 'r2': 0.9877360267555861}, {'age_bin': '75-79', 'age_mid': 77.5, 'r2': 0.9757812110995787}, {'age_bin': '80-84', 'age_mid': 82.5, 'r2': 0.9802733211365015}]"
osmolality,Osmolality (mmol/Kg),0.953190156482299,0.9097316022601061,0.9581035736352111,13,2.3147001128372477,0.4574176191012697,274.09338058581744,0.4535510988991508,"[{'age_bin': '20-24', 'age_mid': 22.5, 'r2': 0.9097316022601061}, {'age_bin': '25-29', 'age_mid': 27.5, 'r2': 0.9288445618309001}, {'age_bin': '30-34', 'age_mid': 32.5, 'r2': 0.9346295913485853}, {'age_bin': '35-39', 'age_mid': 37.5, 'r2': 0.9343907966897681}, {'age_bin': '40-44', 'age_mid': 42.5, 'r2': 0.9592900622231042}, {'age_bin': '45-49', 'age_mid': 47.5, 'r2': 0.9551135954394955}, {'age_bin': '50-54', 'age_mid': 52.5, 'r2': 0.9581035736352111}, {'age_bin': '55-59', 'age_mid': 57.5, 'r2': 0.9682260216107574}, {'age_bin': '60-64', 'age_mid': 62.5, 'r2': 0.9770918676176846}, {'age_bin': '65-69', 'age_mid': 67.5, 'r2': 0.9761875021888644}, {'age_bin': '70-74', 'age_mid': 72.5, 'r2': 0.968351802984264}, {'age_bin': '75-79', 'age_mid': 77.5, 'r2': 0.9580053449808343}, {'age_bin': '80-84', 'age_mid': 82.5, 'r2': 0.9635057114603108}]"
osmolality si,Osmolality: SI (mmol/Kg),0.9349542039238024,0.8857397166974774,0.9313393070424248,13,2.2260903508829535,0.49738752199435965,272.439784681804,0.7288846989547036,"[{'age_bin': '20-24', 'age_mid': 22.5, 'r2': 0.8899031826471617}, {'age_bin': '25-29', 'age_mid': 27.5, 'r2': 0.9106835841108905}, {'age_bin': '30-34', 'age_mid': 32.5, 'r2': 0.8857397166974774}, {'age_bin': '35-39', 'age_mid': 37.5, 'r2': 0.9395137304694057}, {'age_bin': '40-44', 'age_mid': 42.5, 'r2': 0.9598551534819896}, {'age_bin': '45-49', 'age_mid': 47.5, 'r2': 0.9289675102778974}, {'age_bin': '50-54', 'age_mid': 52.5, 'r2': 0.9313393070424248}, {'age_bin': '55-59', 'age_mid': 57.5, 'r2': 0.9725790020189109}, {'age_bin': '60-64', 'age_mid': 62.5, 'r2': 0.9703217781210556}, {'age_bin': '65-69', 'age_mid': 67.5, 'r2': 0.9665229434015228}, {'age_bin': '70-74', 'age_mid': 72.5, 'r2': 0.9141532262726871}, {'age_bin': '75-79', 'age_mid': 77.5, 'r2': 0.9169347079004344}, {'age_bin': '80-84', 'age_mid': 82.5, 'r2': 0.9678908085675731}]"
oxychlordane,Oxychlordane (ng/g),0.9600022972195396,0.8825576531297978,0.9825754735967489,13,0.033347279690791085,0.011555921111039905,0.03659536961996552,0.01906931331303004,"[{'age_bin': '20-24', 'age_mid': 22.5, 'r2': 0.9189429925137713}, {'age_bin': '25-29', 'age_mid': 27.5, 'r2': 0.9238055933280113}, {'age_bin': '30-34', 'age_mid': 32.5, 'r2': 0.9882022329465896}, {'age_bin': '35-39', 'age_mid': 37.5, 'r2': 0.9864351772284314}, {'age_bin': '40-44', 'age_mid': 42.5, 'r2': 0.9496947585328792}, {'age_bin': '45-49', 'age_mid': 47.5, 'r2': 0.9442536365136015}, {'age_bin': '50-54', 'age_mid': 52.5, 'r2': 0.9885926622055673}, {'age_bin': '55-59', 'age_mid': 57.5, 'r2': 0.9825754735967489}, {'age_bin': '60-64', 'age_mid': 62.5, 'r2': 0.9918987744153198}, {'age_bin': '65-69', 'age_mid': 67.5, 'r2': 0.9491792274593577}, {'age_bin': '70-74', 'age_mid': 72.5, 'r2': 0.9882316421436756}, {'age_bin': '75-79', 'age_mid': 77.5, 'r2': 0.9856600398402628}, {'age_bin': '80-84', 'age_mid': 82.5, 'r2': 0.8825576531297978}]"
oxychlordane lipid adjusted,Oxychlordane Lipid Adjusted (ng/g),0.9669771523865347,0.9110813491869585,0.9772549015372352,13,4.685595486795718,1.4394954902969672,6.639415437507157,2.7340099413634475,"[{'age_bin': '20-24', 'age_mid': 22.5, 'r2': 0.9532097395742589}, {'age_bin': '25-29', 'age_mid': 27.5, 'r2': 0.9290018880108927}, {'age_bin': '30-34', 'age_mid': 32.5, 'r2': 0.9757571654454014}, {'age_bin': '35-39', 'age_mid': 37.5, 'r2': 0.9821632871966111}, {'age_bin': '40-44', 'age_mid': 42.5, 'r2': 0.984529080875765}, {'age_bin': '45-49', 'age_mid': 47.5, 'r2': 0.9448963140942609}, {'age_bin': '50-54', 'age_mid': 52.5, 'r2': 0.9829581293935354}, {'age_bin': '55-59', 'age_mid': 57.5, 'r2': 0.9833904804047138}, {'age_bin': '60-64', 'age_mid': 62.5, 'r2': 0.9772549015372352}, {'age_bin': '65-69', 'age_mid': 67.5, 'r2': 0.9649944772355324}, {'age_bin': '70-74', 'age_mid': 72.5, 'r2': 0.991522901327643}, {'age_bin': '75-79', 'age_mid': 77.5, 'r2': 0.989943266742143}, {'age_bin': '80-84', 'age_mid': 82.5, 'r2': 0.9110813491869585}]"
pcb101,PCB101 (ng/g),0.9176128276098878,0.8837187337327345,0.909137674879609,13,0.008984164277477658,0.0023706315730062976,0.008532945483993786,0.003801340272262836,"[{'age_bin': '20-24', 'age_mid': 22.5, 'r2': 0.8985543272155894}, {'age_bin': '25-29', 'age_mid': 27.5, 'r2': 0.8922666222342652}, {'age_bin': '30-34', 'age_mid': 32.5, 'r2': 0.909137674879609}, {'age_bin': '35-39', 'age_mid': 37.5, 'r2': 0.8837187337327345}, {'age_bin': '40-44', 'age_mid': 42.5, 'r2': 0.9028892382305693}, {'age_bin': '45-49', 'age_mid': 47.5, 'r2': 0.9091193189976913}, {'age_bin': '50-54', 'age_mid': 52.5, 'r2': 0.9393684850440962}, {'age_bin': '55-59', 'age_mid': 57.5, 'r2': 0.933461715497055}, {'age_bin': '60-64', 'age_mid': 62.5, 'r2': 0.9248016797342915}, {'age_bin': '65-69', 'age_mid': 67.5, 'r2': 0.9382890245756861}, {'age_bin': '70-74', 'age_mid': 72.5, 'r2': 0.9074690027928978}, {'age_bin': '75-79', 'age_mid': 77.5, 'r2': 0.9493558484816772}, {'age_bin': '80-84', 'age_mid': 82.5, 'r2': 0.9405350875123802}]"
pcb101 lipid adjusted,PCB101 Lipid Adjusted (ng/g),0.9697490335620624,0.9579546787717959,0.9694656893576576,13,1.5984026875401702,0.556537328433109,1.1778775054841204,0.6343610921224285,"[{'age_bin': '20-24', 'age_mid': 22.5, 'r2': 0.9632569281897275}, {'age_bin': '25-29', 'age_mid': 27.5, 'r2': 0.9699586268878837}, {'age_bin': '30-34', 'age_mid': 32.5, 'r2': 0.9642807322383703}, {'age_bin': '35-39', 'age_mid': 37.5, 'r2': 0.9579546787717959}, {'age_bin': '40-44', 'age_mid': 42.5, 'r2': 0.9722814253221446}, {'age_bin': '45-49', 'age_mid': 47.5, 'r2': 0.9780754695405858}, {'age_bin': '50-54', 'age_mid': 52.5, 'r2': 0.9784906763590845}, {'age_bin': '55-59', 'age_mid': 57.5, 'r2': 0.9611627951984779}, {'age_bin': '60-64', 'age_mid': 62.5, 'r2': 0.9644204996151147}, {'age_bin': '65-69', 'age_mid': 67.5, 'r2': 0.988488478398159}, {'age_bin': '70-74', 'age_mid': 72.5, 'r2': 0.9742948461005555}, {'age_bin': '75-79', 'age_mid': 77.5, 'r2': 0.9694656893576576}, {'age_bin': '80-84', 'age_mid': 82.5, 'r2': 0.964606590327258}]"
pcb105,PCB105 (ng/g),0.7954173715818175,0.6146131105713509,0.806999073277004,13,0.006510622052938137,0.0019956008819997893,0.00678488080003599,0.006714035044426135,"[{'age_bin': '20-24', 'age_mid': 22.5, 'r2': 0.6146131105713509}, {'age_bin': '25-29', 'age_mid': 27.5, 'r2': 0.61901029268097}, {'age_bin': '30-34', 'age_mid': 32.5, 'r2': 0.7106024373181555}, {'age_bin': '35-39', 'age_mid': 37.5, 'r2': 0.6625797329891345}, {'age_bin': '40-44', 'age_mid': 42.5, 'r2': 0.7553453524308611}, {'age_bin': '45-49', 'age_mid': 47.5, 'r2': 0.806999073277004}, {'age_bin': '50-54', 'age_mid': 52.5, 'r2': 0.8689172626495851}, {'age_bin': '55-59', 'age_mid': 57.5, 'r2': 0.9290171949855169}, {'age_bin': '60-64', 'age_mid': 62.5, 'r2': 0.9357941552832993}, {'age_bin': '65-69', 'age_mid': 67.5, 'r2': 0.9374673627520024}, {'age_bin': '70-74', 'age_mid': 72.5, 'r2': 0.8024757959803412}, {'age_bin': '75-79', 'age_mid': 77.5, 'r2': 0.8229585600636492}, {'age_bin': '80-84', 'age_mid': 82.5, 'r2': 0.8746454995817569}]"
pcb105 lipid adjusted,PCB105 Lipid Adjusted (ng/g),0.8982645572921117,0.813844420847009,0.9085813144585907,13,1.1274477244434133,0.22773655430583883,1.0232369303033424,0.8745868346843924,"[{'age_bin': '20-24', 'age_mid': 22.5, 'r2': 0.813844420847009}, {'age_bin': '25-29', 'age_mid': 27.5, 'r2': 0.8371208167122693}, {'age_bin': '30-34', 'age_mid': 32.5, 'r2': 0.876909193028264}, {'age_bin': '35-39', 'age_mid': 37.5, 'r2': 0.8620622850237497}, {'age_bin': '40-44', 'age_mid': 42.5, 'r2': 0.921199914477812}, {'age_bin': '45-49', 'age_mid': 47.5, 'r2': 0.9132902860435623}, {'age_bin': '50-54', 'age_mid': 52.5, 'r2': 0.9553895961751984}, {'age_bin': '55-59', 'age_mid': 57.5, 'r2': 0.962132684808454}, {'age_bin': '60-64', 'age_mid': 62.5, 'r2': 0.9626492115837652}, {'age_bin': '65-69', 'age_mid': 67.5, 'r2': 0.9320817738079794}, {'age_bin': '70-74', 'age_mid': 72.5, 'r2': 0.8667263571633008}, {'age_bin': '75-79', 'age_mid': 77.5, 'r2': 0.8654513906674979}, {'age_bin': '80-84', 'age_mid': 82.5, 'r2': 0.9085813144585907}]"
pcb110,PCB110 (ng/g),0.6444875570741735,0.5268978960955158,0.6503167992146932,13,0.0032097857728047774,0.0009549811488658869,0.009142031185618639,0.0016656888359850284,"[{'age_bin': '20-24', 'age_mid': 22.5, 'r2': 0.5401596216912817}, {'age_bin': '25-29', 'age_mid': 27.5, 'r2': 0.6084838964252456}, {'age_bin': '30-34', 'age_mid': 32.5, 'r2': 0.6200563386024712}, {'age_bin': '35-39', 'age_mid': 37.5, 'r2': 0.5268978960955158}, {'age_bin': '40-44', 'age_mid': 42.5, 'r2': 0.6503167992146932}, {'age_bin': '45-49', 'age_mid': 47.5, 'r2': 0.6552244026236429}, {'age_bin': '50-54', 'age_mid': 52.5, 'r2': 0.687088184792251}, {'age_bin': '55-59', 'age_mid': 57.5, 'r2': 0.6414165693900162}, {'age_bin': '60-64', 'age_mid': 62.5, 'r2': 0.705131921644397}, {'age_bin': '65-69', 'age_mid': 67.5, 'r2': 0.7512068866450137}, {'age_bin': '70-74', 'age_mid': 72.5, 'r2': 0.5643407741102755}, {'age_bin': '75-79', 'age_mid': 77.5, 'r2': 0.6923758364431006}, {'age_bin': '80-84', 'age_mid': 82.5, 'r2': 0.7356391142863516}]"
pcb110 lipid adjusted,PCB110 Lipid Adjusted (ng/g),0.9022571842092038,0.834682486805163,0.9104650182836848,13,0.688925110034771,0.27272616205106953,1.1608909272313355,0.32425112046615445,"[{'age_bin': '20-24', 'age_mid': 22.5, 'r2': 0.834682486805163}, {'age_bin': '25-29', 'age_mid': 27.5, 'r2': 0.918941917872566}, {'age_bin': '30-34', 'age_mid': 32.5, 'r2': 0.902143763069167}, {'age_bin': '35-39', 'age_mid': 37.5, 'r2': 0.8400920618909121}, {'age_bin': '40-44', 'age_mid': 42.5, 'r2': 0.9073011091593198}, {'age_bin': '45-49', 'age_mid': 47.5, 'r2': 0.920589438675913}, {'age_bin': '50-54', 'age_mid': 52.5, 'r2': 0.9512527216046658}, {'age_bin': '55-59', 'age_mid': 57.5, 'r2': 0.9104650182836848}, {'age_bin': '60-64', 'age_mid': 62.5, 'r2': 0.9336956356526845}, {'age_bin': '65-69', 'age_mid': 67.5, 'r2': 0.925286569058609}, {'age_bin': '70-74', 'age_mid': 72.5, 'r2': 0.8649089784773226}, {'age_bin': '75-79', 'age_mid': 77.5, 'r2': 0.8655355564582841}, {'age_bin': '80-84', 'age_mid': 82.5, 'r2': 0.9544481377113587}]"
pcb118,PCB118 (ng/g),0.9090638631713092,0.711425455329936,0.9348250541898695,13,0.030533855794313416,0.015253852615423714,0.0010007461048248294,0.024422226077603294,"[{'age_bin': '20-24', 'age_mid': 22.5, 'r2': 0.8189316434384571}, {'age_bin': '25-29', 'age_mid': 27.5, 'r2': 0.8323009839313132}, {'age_bin': '30-34', 'age_mid': 32.5, 'r2': 0.711425455329936}, {'age_bin': '35-39', 'age_mid': 37.5, 'r2': 0.9221995992502999}, {'age_bin': '40-44', 'age_mid': 42.5, 'r2': 0.9470461634992033}, {'age_bin': '45-49', 'age_mid': 47.5, 'r2': 0.9592425735883461}, {'age_bin': '50-54', 'age_mid': 52.5, 'r2': 0.9627988249247361}, {'age_bin': '55-59', 'age_mid': 57.5, 'r2': 0.9780811471363186}, {'age_bin': '60-64', 'age_mid': 62.5, 'r2': 0.9671068828969127}, {'age_bin': '65-69', 'age_mid': 67.5, 'r2': 0.9652294922897096}, {'age_bin': '70-74', 'age_mid': 72.5, 'r2': 0.9335003819359012}, {'age_bin': '75-79', 'age_mid': 77.5, 'r2': 0.8851420188160143}, {'age_bin': '80-84', 'age_mid': 82.5, 'r2': 0.9348250541898695}]"
pcb118 lipid adjusted,PCB118 Lipid Adjusted (ng/g),0.9223638802955503,0.8509187553842921,0.9216506772563885,13,4.686387235461466,2.117517892444477,0.465077396385746,3.2329562293897025,"[{'age_bin': '20-24', 'age_mid': 22.5, 'r2': 0.8965505049889703}, {'age_bin': '25-29', 'age_mid': 27.5, 'r2': 0.8719385116181748}, {'age_bin': '30-34', 'age_mid': 32.5, 'r2': 0.8509187553842921}, {'age_bin': '35-39', 'age_mid': 37.5, 'r2': 0.9199973403686084}, {'age_bin': '40-44', 'age_mid': 42.5, 'r2': 0.9183468168508014}, {'age_bin': '45-49', 'age_mid': 47.5, 'r2': 0.9437729712299461}, {'age_bin': '50-54', 'age_mid': 52.5, 'r2': 0.9521518854808355}, {'age_bin': '55-59', 'age_mid': 57.5, 'r2': 0.9622317943707107}, {'age_bin': '60-64', 'age_mid': 62.5, 'r2': 0.9611366227825552}, {'age_bin': '65-69', 'age_mid': 67.5, 'r2': 0.9468263738132746}, {'age_bin': '70-74', 'age_mid': 72.5, 'r2': 0.9216506772563885}, {'age_bin': '75-79', 'age_mid': 77.5, 'r2': 0.8910878993203719}, {'age_bin': '80-84', 'age_mid': 82.5, 'r2': 0.9541202903772217}]"
pcb128,PCB128 (ng/g),0.8438603918255614,0.7532275034816439,0.8520105728173542,13,0.006388143099305076,0.001897899227554138,-0.0012144464403330126,0.0024656557561067408,"[{'age_bin': '20-24', 'age_mid': 22.5, 'r2': 0.8646094416933164}, {'age_bin': '25-29', 'age_mid': 27.5, 'r2': 0.834716184926653}, {'age_bin': '30-34', 'age_mid': 32.5, 'r2': 0.8569710280449099}, {'age_bin': '35-39', 'age_mid': 37.5, 'r2': 0.8488275438609361}, {'age_bin': '40-44', 'age_mid': 42.5, 'r2': 0.8587667057380625}, {'age_bin': '45-49', 'age_mid': 47.5, 'r2': 0.8527898276422623}, {'age_bin': '50-54', 'age_mid': 52.5, 'r2': 0.8534439568000359}, {'age_bin': '55-59', 'age_mid': 57.5, 'r2': 0.8828512319818543}, {'age_bin': '60-64', 'age_mid': 62.5, 'r2': 0.8177724749615835}, {'age_bin': '65-69', 'age_mid': 67.5, 'r2': 0.8460854645213232}, {'age_bin': '70-74', 'age_mid': 72.5, 'r2': 0.7532275034816439}, {'age_bin': '75-79', 'age_mid': 77.5, 'r2': 0.8520105728173542}, {'age_bin': '80-84', 'age_mid': 82.5, 'r2': 0.8481131572623604}]"
pcb128 lipid adjusted,PCB128 Lipid Adjusted (ng/g),0.8372616636686078,0.788290584448247,0.8415031744319724,13,0.9416245942605799,0.3452236476538798,0.5923498545661889,0.39748560254794757,"[{'age_bin': '20-24', 'age_mid': 22.5, 'r2': 0.788290584448247}, {'age_bin': '25-29', 'age_mid': 27.5, 'r2': 0.8144156055384244}, {'age_bin': '30-34', 'age_mid': 32.5, 'r2': 0.8374948899741506}, {'age_bin': '35-39', 'age_mid': 37.5, 'r2': 0.7938731719118656}, {'age_bin': '40-44', 'age_mid': 42.5, 'r2': 0.8415031744319724}, {'age_bin': '45-49', 'age_mid': 47.5, 'r2': 0.833512343977972}, {'age_bin': '50-54', 'age_mid': 52.5, 'r2': 0.8669934195970446}, {'age_bin': '55-59', 'age_mid': 57.5, 'r2': 0.8427220880451057}, {'age_bin': '60-64', 'age_mid': 62.5, 'r2': 0.8536927085340489}, {'age_bin': '65-69', 'age_mid': 67.5, 'r2': 0.8476257099038351}, {'age_bin': '70-74', 'age_mid': 72.5, 'r2': 0.8179336988624109}, {'age_bin': '75-79', 'age_mid': 77.5, 'r2': 0.8572545649936524}, {'age_bin': '80-84', 'age_mid': 82.5, 'r2': 0.8890896674731708}]"
pcb138 158,PCB138 & 158 (ng/g),0.9271351059931586,0.6665670897362728,0.9667940663906667,10,0.04649171438467963,0.018785203145012194,0.04631684336026565,0.026074322655258535,"[{'age_bin': '20-24', 'age_mid': 22.5, 'r2': 0.9832476955374759}, {'age_bin': '25-29', 'age_mid': 27.5, 'r2': 0.8539752637286692}, {'age_bin': '30-34', 'age_mid': 32.5, 'r2': 0.6665670897362728}, {'age_bin': '35-39', 'age_mid': 37.5, 'r2': 0.9773290196370966}, {'age_bin': '40-44', 'age_mid': 42.5, 'r2': 0.9891844543086012}, {'age_bin': '45-49', 'age_mid': 47.5, 'r2': 0.938331573584022}, {'age_bin': '50-54', 'age_mid': 52.5, 'r2': 0.9733883970657546}, {'age_bin': '55-59', 'age_mid': 57.5, 'r2': 0.9857674695020521}, {'age_bin': '60-64', 'age_mid': 62.5, 'r2': 0.9433603611160627}, {'age_bin': '65-69', 'age_mid': 67.5, 'r2': 0.9601997357155787}, {'age_bin': '70-74', 'age_mid': 72.5, 'r2': None}, {'age_bin': '75-79', 'age_mid': 77.5, 'r2': None}, {'age_bin': '80-84', 'age_mid': 82.5, 'r2': None}]"
pcb138 158 lipid adjusted,PCB138 & 158 Lipid Adjusted (ng/g),0.9319498773870967,0.6981727338938277,0.9734694718041932,10,7.1888854388171906,2.7311456037268163,7.2124952033276655,3.611641763246146,"[{'age_bin': '20-24', 'age_mid': 22.5, 'r2': 0.9753684630896958}, {'age_bin': '25-29', 'age_mid': 27.5, 'r2': 0.8924745343682591}, {'age_bin': '30-34', 'age_mid': 32.5, 'r2': 0.6981727338938277}, {'age_bin': '35-39', 'age_mid': 37.5, 'r2': 0.9877135835951715}, {'age_bin': '40-44', 'age_mid': 42.5, 'r2': 0.9815013385444429}, {'age_bin': '45-49', 'age_mid': 47.5, 'r2': 0.9747542860534365}, {'age_bin': '50-54', 'age_mid': 52.5, 'r2': 0.97218465755495}, {'age_bin': '55-59', 'age_mid': 57.5, 'r2': 0.9795744031368635}, {'age_bin': '60-64', 'age_mid': 62.5, 'r2': 0.9269429936830793}, {'age_bin': '65-69', 'age_mid': 67.5, 'r2': 0.9308117799512395}, {'age_bin': '70-74', 'age_mid': 72.5, 'r2': None}, {'age_bin': '75-79', 'age_mid': 77.5, 'r2': None}, {'age_bin': '80-84', 'age_mid': 82.5, 'r2': None}]"
pcb138,PCB138 (ng/g),0.9428625722364468,0.8447886517654959,0.951014897460098,13,0.061375448829467216,0.024249144387148605,0.04830717373050201,0.032931367868859814,"[{'age_bin': '20-24', 'age_mid': 22.5, 'r2': 0.8447886517654959}, {'age_bin': '25-29', 'age_mid': 27.5, 'r2': 0.8770940210900409}, {'age_bin': '30-34', 'age_mid': 32.5, 'r2': 0.9161664766014824}, {'age_bin': '35-39', 'age_mid': 37.5, 'r2': 0.9277001219411278}, {'age_bin': '40-44', 'age_mid': 42.5, 'r2': 0.9668090393010371}, {'age_bin': '45-49', 'age_mid': 47.5, 'r2': 0.960592896473469}, {'age_bin': '50-54', 'age_mid': 52.5, 'r2': 0.9942225590219722}, {'age_bin': '55-59', 'age_mid': 57.5, 'r2': 0.9892371593209113}, {'age_bin': '60-64', 'age_mid': 62.5, 'r2': 0.951014897460098}, {'age_bin': '65-69', 'age_mid': 67.5, 'r2': 0.9901844282196719}, {'age_bin': '70-74', 'age_mid': 72.5, 'r2': 0.9332878768203453}, {'age_bin': '75-79', 'age_mid': 77.5, 'r2': 0.9714459377186249}, {'age_bin': '80-84', 'age_mid': 82.5, 'r2': 0.9346693733395288}]"
pcb138 lipid adjusted,PCB138 Lipid Adjusted,0.9490793130300493,0.9038665230715472,0.9441668032010624,13,9.561892370606602,3.2110163268797516,7.806489895310028,4.231152984711599,"[{'age_bin': '20-24', 'age_mid': 22.5, 'r2': 0.9038665230715472}, {'age_bin': '25-29', 'age_mid': 27.5, 'r2': 0.9178784115255462}, {'age_bin': '30-34', 'age_mid': 32.5, 'r2': 0.9271718057862103}, {'age_bin': '35-39', 'age_mid': 37.5, 'r2': 0.9550121889578145}, {'age_bin': '40-44', 'age_mid': 42.5, 'r2': 0.9428536699486146}, {'age_bin': '45-49', 'age_mid': 47.5, 'r2': 0.9232268100016818}, {'age_bin': '50-54', 'age_mid': 52.5, 'r2': 0.9836056284708071}, {'age_bin': '55-59', 'age_mid': 57.5, 'r2': 0.9895328353966163}, {'age_bin': '60-64', 'age_mid': 62.5, 'r2': 0.9441026134343837}, {'age_bin': '65-69', 'age_mid': 67.5, 'r2': 0.9864386794742273}, {'age_bin': '70-74', 'age_mid': 72.5, 'r2': 0.9529672063257789}, {'age_bin': '75-79', 'age_mid': 77.5, 'r2': 0.967207893796351}, {'age_bin': '80-84', 'age_mid': 82.5, 'r2': 0.9441668032010624}]"
pcb146,PCB146 (ng/g),0.861687308015272,0.6287923446809848,0.8883855389255901,13,0.010368218885675268,0.003834745490676169,0.00972589266670341,0.005925017329506542,"[{'age_bin': '20-24', 'age_mid': 22.5, 'r2': 0.6287923446809848}, {'age_bin': '25-29', 'age_mid': 27.5, 'r2': 0.6693001346017926}, {'age_bin': '30-34', 'age_mid': 32.5, 'r2': 0.7428847537493373}, {'age_bin': '35-39', 'age_mid': 37.5, 'r2': 0.8529827813973252}, {'age_bin': '40-44', 'age_mid': 42.5, 'r2': 0.8679732324769267}, {'age_bin': '45-49', 'age_mid': 47.5, 'r2': 0.8730949698768372}, {'age_bin': '50-54', 'age_mid': 52.5, 'r2': 0.9426836217109341}, {'age_bin': '55-59', 'age_mid': 57.5, 'r2': 0.9606528115313989}, {'age_bin': '60-64', 'age_mid': 62.5, 'r2': 0.951811449366387}, {'age_bin': '65-69', 'age_mid': 67.5, 'r2': 0.9647048495737507}, {'age_bin': '70-74', 'age_mid': 72.5, 'r2': 0.9268824306414865}, {'age_bin': '75-79', 'age_mid': 77.5, 'r2': 0.8883855389255901}, {'age_bin': '80-84', 'age_mid': 82.5, 'r2': 0.9317860856657866}]"
pcb146 lipid adjusted,PCB146 Lipid Adjusted (ng/g),0.909097280966279,0.8199936202201016,0.9317099825977868,13,1.7003358355314329,0.4487543306021187,1.5104107795473685,0.7862000473563052,"[{'age_bin': '20-24', 'age_mid': 22.5, 'r2': 0.8199936202201016}, {'age_bin': '25-29', 'age_mid': 27.5, 'r2': 0.8647630083814033}, {'age_bin': '30-34', 'age_mid': 32.5, 'r2': 0.8830948421364602}, {'age_bin': '35-39', 'age_mid': 37.5, 'r2': 0.937237748822172}, {'age_bin': '40-44', 'age_mid': 42.5, 'r2': 0.9342545259888877}, {'age_bin': '45-49', 'age_mid': 47.5, 'r2': 0.8377226414630075}, {'age_bin': '50-54', 'age_mid': 52.5, 'r2': 0.939131731121687}, {'age_bin': '55-59', 'age_mid': 57.5, 'r2': 0.9535350782488723}, {'age_bin': '60-64', 'age_mid': 62.5, 'r2': 0.9317099825977868}, {'age_bin': '65-69', 'age_mid': 67.5, 'r2': 0.9463809868760986}, {'age_bin': '70-74', 'age_mid': 72.5, 'r2': 0.923176422270804}, {'age_bin': '75-79', 'age_mid': 77.5, 'r2': 0.9008529925544091}, {'age_bin': '80-84', 'age_mid': 82.5, 'r2': 0.9464110718799356}]"
pcb149,PCB149 (ng/g),0.6735151031419954,0.5651798766832984,0.6860348332780182,13,0.004011786868512086,0.0012818713820297116,0.005481243955833417,0.0015833287454754977,"[{'age_bin': '20-24', 'age_mid': 22.5, 'r2': 0.6593889666930169}, {'age_bin': '25-29', 'age_mid': 27.5, 'r2': 0.6733331241399061}, {'age_bin': '30-34', 'age_mid': 32.5, 'r2': 0.6915080388515971}, {'age_bin': '35-39', 'age_mid': 37.5, 'r2': 0.5651798766832984}, {'age_bin': '40-44', 'age_mid': 42.5, 'r2': 0.6860348332780182}, {'age_bin': '45-49', 'age_mid': 47.5, 'r2': 0.6690745605492742}, {'age_bin': '50-54', 'age_mid': 52.5, 'r2': 0.6990720783309312}, {'age_bin': '55-59', 'age_mid': 57.5, 'r2': 0.6493519101832461}, {'age_bin': '60-64', 'age_mid': 62.5, 'r2': 0.7183009662291968}, {'age_bin': '65-69', 'age_mid': 67.5, 'r2': 0.7193776308784949}, {'age_bin': '70-74', 'age_mid': 72.5, 'r2': 0.59558624074098}, {'age_bin': '75-79', 'age_mid': 77.5, 'r2': 0.6983865167993424}, {'age_bin': '80-84', 'age_mid': 82.5, 'r2': 0.7311015974886375}]"
pcb149 lipid adjusted,PCB149 Lipid Adjusted (ng/g),0.9020140930183018,0.8412814026086628,0.9070364718805166,13,0.8023151690390125,0.3220111419764871,0.5732261228843174,0.2675706851502452,"[{'age_bin': '20-24', 'age_mid': 22.5, 'r2': 0.9070364718805166}, {'age_bin': '25-29', 'age_mid': 27.5, 'r2': 0.9327471940023787}, {'age_bin': '30-34', 'age_mid': 32.5, 'r2': 0.923380288339185}, {'age_bin': '35-39', 'age_mid': 37.5, 'r2': 0.8503297715536787}, {'age_bin': '40-44', 'age_mid': 42.5, 'r2': 0.9274873476454913}, {'age_bin': '45-49', 'age_mid': 47.5, 'r2': 0.9225601714173661}, {'age_bin': '50-54', 'age_mid': 52.5, 'r2': 0.9241877163317075}, {'age_bin': '55-59', 'age_mid': 57.5, 'r2': 0.8947972901734147}, {'age_bin': '60-64', 'age_mid': 62.5, 'r2': 0.9027250440027075}, {'age_bin': '65-69', 'age_mid': 67.5, 'r2': 0.8921961550815668}, {'age_bin': '70-74', 'age_mid': 72.5, 'r2': 0.8412814026086628}, {'age_bin': '75-79', 'age_mid': 77.5, 'r2': 0.8547784209230211}, {'age_bin': '80-84', 'age_mid': 82.5, 'r2': 0.952675935278225}]"
pcb151,PCB151 (ng/g),0.6800108041164462,0.5777548638893473,0.6936082313866572,13,0.004597179634441181,0.0015422175801830247,0.00308970071233276,0.0016474773593980903,"[{'age_bin': '20-24', 'age_mid': 22.5, 'r2': 0.68740895886988}, {'age_bin': '25-29', 'age_mid': 27.5, 'r2': 0.6957234070637941}, {'age_bin': '30-34', 'age_mid': 32.5, 'r2': 0.7046220306151392}, {'age_bin': '35-39', 'age_mid': 37.5, 'r2': 0.6040290146544631}, {'age_bin': '40-44', 'age_mid': 42.5, 'r2': 0.6881374388580087}, {'age_bin': '45-49', 'age_mid': 47.5, 'r2': 0.6701342312503658}, {'age_bin': '50-54', 'age_mid': 52.5, 'r2': 0.7087202506826054}, {'age_bin': '55-59', 'age_mid': 57.5, 'r2': 0.6378780202514807}, {'age_bin': '60-64', 'age_mid': 62.5, 'r2': 0.7295542022896961}, {'age_bin': '65-69', 'age_mid': 67.5, 'r2': 0.7132856734475681}, {'age_bin': '70-74', 'age_mid': 72.5, 'r2': 0.5777548638893473}, {'age_bin': '75-79', 'age_mid': 77.5, 'r2': 0.6936082313866572}, {'age_bin': '80-84', 'age_mid': 82.5, 'r2': 0.7292841302547945}]"
pcb151 lipid adjusted,PCB151 Lipid Adjusted (ng/g),0.8794620791634029,0.8022378296769157,0.8970506096499626,13,0.8858229340722481,0.36412768274333,0.2334700409092528,0.25048058372326704,"[{'age_bin': '20-24', 'age_mid': 22.5, 'r2': 0.8970506096499626}, {'age_bin': '25-29', 'age_mid': 27.5, 'r2': 0.9117417646928615}, {'age_bin': '30-34', 'age_mid': 32.5, 'r2': 0.9060704602341602}, {'age_bin': '35-39', 'age_mid': 37.5, 'r2': 0.8411254527782853}, {'age_bin': '40-44', 'age_mid': 42.5, 'r2': 0.9091637115771024}, {'age_bin': '45-49', 'age_mid': 47.5, 'r2': 0.9018042582167138}, {'age_bin': '50-54', 'age_mid': 52.5, 'r2': 0.8999595517841353}, {'age_bin': '55-59', 'age_mid': 57.5, 'r2': 0.8652634950459897}, {'age_bin': '60-64', 'age_mid': 62.5, 'r2': 0.8815156986697468}, {'age_bin': '65-69', 'age_mid': 67.5, 'r2': 0.8611525349555038}, {'age_bin': '70-74', 'age_mid': 72.5, 'r2': 0.8022378296769157}, {'age_bin': '75-79', 'age_mid': 77.5, 'r2': 0.8329606069885063}, {'age_bin': '80-84', 'age_mid': 82.5, 'r2': 0.9229610548543553}]"
pcb153,PCB153 (ng/g),0.9587070927366633,0.8760686186983602,0.9639064955120014,13,0.08216066084490142,0.028526843574762983,0.08029689606319038,0.03728636555092828,"[{'age_bin': '20-24', 'age_mid': 22.5, 'r2': 0.954835973075293}, {'age_bin': '25-29', 'age_mid': 27.5, 'r2': 0.9324174123497571}, {'age_bin': '30-34', 'age_mid': 32.5, 'r2': 0.8760686186983602}, {'age_bin': '35-39', 'age_mid': 37.5, 'r2': 0.9704757360037782}, {'age_bin': '40-44', 'age_mid': 42.5, 'r2': 0.9658584564567674}, {'age_bin': '45-49', 'age_mid': 47.5, 'r2': 0.9639064955120014}, {'age_bin': '50-54', 'age_mid': 52.5, 'r2': 0.9819902896303632}, {'age_bin': '55-59', 'age_mid': 57.5, 'r2': 0.9843939735616832}, {'age_bin': '60-64', 'age_mid': 62.5, 'r2': 0.9866149234927397}, {'age_bin': '65-69', 'age_mid': 67.5, 'r2': 0.9908213281073451}, {'age_bin': '70-74', 'age_mid': 72.5, 'r2': 0.9627642206025832}, {'age_bin': '75-79', 'age_mid': 77.5, 'r2': 0.9304519513161359}, {'age_bin': '80-84', 'age_mid': 82.5, 'r2': 0.9625928267698154}]"
pcb153 lipid adjusted,PCB153 Lipid Adjusted (ng/g),0.9650992558289295,0.9322729936034029,0.9727315759207358,13,12.832825348182467,3.776310787496283,12.815628100146522,4.87903594453333,"[{'age_bin': '20-24', 'age_mid': 22.5, 'r2': 0.9744731019831304}, {'age_bin': '25-29', 'age_mid': 27.5, 'r2': 0.9462322366704397}, {'age_bin': '30-34', 'age_mid': 32.5, 'r2': 0.9396849380872274}, {'age_bin': '35-39', 'age_mid': 37.5, 'r2': 0.979044633243459}, {'age_bin': '40-44', 'age_mid': 42.5, 'r2': 0.9598829848949929}, {'age_bin': '45-49', 'age_mid': 47.5, 'r2': 0.9322729936034029}, {'age_bin': '50-54', 'age_mid': 52.5, 'r2': 0.9797119022108373}, {'age_bin': '55-59', 'age_mid': 57.5, 'r2': 0.9778417593902047}, {'age_bin': '60-64', 'age_mid': 62.5, 'r2': 0.9727315759207358}, {'age_bin': '65-69', 'age_mid': 67.5, 'r2': 0.9897841120813999}, {'age_bin': '70-74', 'age_mid': 72.5, 'r2': 0.9658025065146572}, {'age_bin': '75-79', 'age_mid': 77.5, 'r2': 0.9475020751840344}, {'age_bin': '80-84', 'age_mid': 82.5, 'r2': 0.9813255059915595}]"
pcb156,PCB156 (ng/g),0.8855947600082351,0.6198782140253744,0.9506073244931915,13,0.011846740343711705,0.004348758469403428,0.013906019371751819,0.004856483418841145,"[{'age_bin': '20-24', 'age_mid': 22.5, 'r2': 0.6198782140253744}, {'age_bin': '25-29', 'age_mid': 27.5, 'r2': 0.6474191597842363}, {'age_bin': '30-34', 'age_mid': 32.5, 'r2': 0.7582612335161023}, {'age_bin': '35-39', 'age_mid': 37.5, 'r2': 0.855035654019283}, {'age_bin': '40-44', 'age_mid': 42.5, 'r2': 0.899988477367791}, {'age_bin': '45-49', 'age_mid': 47.5, 'r2': 0.9337511875276607}, {'age_bin': '50-54', 'age_mid': 52.5, 'r2': 0.9828308496101138}, {'age_bin': '55-59', 'age_mid': 57.5, 'r2': 0.974692470824317}, {'age_bin': '60-64', 'age_mid': 62.5, 'r2': 0.9719706483178793}, {'age_bin': '65-69', 'age_mid': 67.5, 'r2': 0.9962724435467119}, {'age_bin': '70-74', 'age_mid': 72.5, 'r2': 0.9524575948133621}, {'age_bin': '75-79', 'age_mid': 77.5, 'r2': 0.9695666222610344}, {'age_bin': '80-84', 'age_mid': 82.5, 'r2': 0.9506073244931915}]"
pcb156 lipid adjusted,PCB156 Lipid Adjusted (ng/g),0.926751209450366,0.7809984780135044,0.9489359336531422,13,1.9051199170068354,0.5293534404076824,2.1836973734156633,0.5816002995955749,"[{'age_bin': '20-24', 'age_mid': 22.5, 'r2': 0.7809984780135044}, {'age_bin': '25-29', 'age_mid': 27.5, 'r2': 0.8477732399807933}, {'age_bin': '30-34', 'age_mid': 32.5, 'r2': 0.9014194916237473}, {'age_bin': '35-39', 'age_mid': 37.5, 'r2': 0.9253345854659044}, {'age_bin': '40-44', 'age_mid': 42.5, 'r2': 0.8999474944592871}, {'age_bin': '45-49', 'age_mid': 47.5, 'r2': 0.9255677636759253}, {'age_bin': '50-54', 'age_mid': 52.5, 'r2': 0.9678684456320527}, {'age_bin': '55-59', 'age_mid': 57.5, 'r2': 0.9815943687623583}, {'age_bin': '60-64', 'age_mid': 62.5, 'r2': 0.9684881099704106}, {'age_bin': '65-69', 'age_mid': 67.5, 'r2': 0.9878615872030306}, {'age_bin': '70-74', 'age_mid': 72.5, 'r2': 0.9516276377243007}, {'age_bin': '75-79', 'age_mid': 77.5, 'r2': 0.9603485866903023}, {'age_bin': '80-84', 'age_mid': 82.5, 'r2': 0.9489359336531422}]"
pcb157,PCB157 (ng/g),0.774835826164976,0.601020006805672,0.7878318221853415,13,0.004239043541589011,0.001379473029922773,0.010370063962200238,0.0020240504280986974,"[{'age_bin': '20-24', 'age_mid': 22.5, 'r2': 0.629146777545565}, {'age_bin': '25-29', 'age_mid': 27.5, 'r2': 0.6157031775305508}, {'age_bin': '30-34', 'age_mid': 32.5, 'r2': 0.6407183275332037}, {'age_bin': '35-39', 'age_mid': 37.5, 'r2': 0.601020006805672}, {'age_bin': '40-44', 'age_mid': 42.5, 'r2': 0.6976631758492879}, {'age_bin': '45-49', 'age_mid': 47.5, 'r2': 0.7725124796718867}, {'age_bin': '50-54', 'age_mid': 52.5, 'r2': 0.7878318221853415}, {'age_bin': '55-59', 'age_mid': 57.5, 'r2': 0.8254164071905159}, {'age_bin': '60-64', 'age_mid': 62.5, 'r2': 0.8619915915625802}, {'age_bin': '65-69', 'age_mid': 67.5, 'r2': 0.9171096462025429}, {'age_bin': '70-74', 'age_mid': 72.5, 'r2': 0.9098877450756402}, {'age_bin': '75-79', 'age_mid': 77.5, 'r2': 0.9261946719020189}, {'age_bin': '80-84', 'age_mid': 82.5, 'r2': 0.8876699110898829}]"
pcb157 lipid adjusted,PCB157 Lipid Adjusted (ng/g),0.9028557686764168,0.7907752577689233,0.9385422954997449,13,0.8286308204330647,0.35267249549070134,1.4190571454620584,0.26241874345491417,"[{'age_bin': '20-24', 'age_mid': 22.5, 'r2': 0.7965897982858464}, {'age_bin': '25-29', 'age_mid': 27.5, 'r2': 0.7907752577689233}, {'age_bin': '30-34', 'age_mid': 32.5, 'r2': 0.83549352937127}, {'age_bin': '35-39', 'age_mid': 37.5, 'r2': 0.8190333290707446}, {'age_bin': '40-44', 'age_mid': 42.5, 'r2': 0.8968531583008555}, {'age_bin': '45-49', 'age_mid': 47.5, 'r2': 0.9013013223045432}, {'age_bin': '50-54', 'age_mid': 52.5, 'r2': 0.9385422954997449}, {'age_bin': '55-59', 'age_mid': 57.5, 'r2': 0.9458228548968495}, {'age_bin': '60-64', 'age_mid': 62.5, 'r2': 0.9649299617580138}, {'age_bin': '65-69', 'age_mid': 67.5, 'r2': 0.9601470766245904}, {'age_bin': '70-74', 'age_mid': 72.5, 'r2': 0.9768032344511006}, {'age_bin': '75-79', 'age_mid': 77.5, 'r2': 0.9672024462369516}, {'age_bin': '80-84', 'age_mid': 82.5, 'r2': 0.9436307282239851}]"
pcb167,PCB167 (ng/g),0.7617520528154468,0.622102714960741,0.7756131706794899,13,0.004767096302097652,0.0011280030939164005,0.00917431607606137,0.0019171822767947596,"[{'age_bin': '20-24', 'age_mid': 22.5, 'r2': 0.6267254410156688}, {'age_bin': '25-29', 'age_mid': 27.5, 'r2': 0.622102714960741}, {'age_bin': '30-34', 'age_mid': 32.5, 'r2': 0.6507455532666366}, {'age_bin': '35-39', 'age_mid': 37.5, 'r2': 0.6301064924158462}, {'age_bin': '40-44', 'age_mid': 42.5, 'r2': 0.6621754365338868}, {'age_bin': '45-49', 'age_mid': 47.5, 'r2': 0.749319394210449}, {'age_bin': '50-54', 'age_mid': 52.5, 'r2': 0.7756131706794899}, {'age_bin': '55-59', 'age_mid': 57.5, 'r2': 0.8227170474256744}, {'age_bin': '60-64', 'age_mid': 62.5, 'r2': 0.8722655244672399}, {'age_bin': '65-69', 'age_mid': 67.5, 'r2': 0.9469075407501375}, {'age_bin': '70-74', 'age_mid': 72.5, 'r2': 0.8634991831892148}, {'age_bin': '75-79', 'age_mid': 77.5, 'r2': 0.8329262145782063}, {'age_bin': '80-84', 'age_mid': 82.5, 'r2': 0.8476729731076166}]"
pcb167 lipid adjusted,PCB167 Lipid Adjusted (ng/g),0.8837453393903199,0.7874169884751359,0.8892001598334408,13,0.9021761248318191,0.3074176274051401,1.2652295529522453,0.25607251764249417,"[{'age_bin': '20-24', 'age_mid': 22.5, 'r2': 0.7874169884751359}, {'age_bin': '25-29', 'age_mid': 27.5, 'r2': 0.8141976487562185}, {'age_bin': '30-34', 'age_mid': 32.5, 'r2': 0.817959083076879}, {'age_bin': '35-39', 'age_mid': 37.5, 'r2': 0.8114157328837138}, {'age_bin': '40-44', 'age_mid': 42.5, 'r2': 0.8734777518721624}, {'age_bin': '45-49', 'age_mid': 47.5, 'r2': 0.8892001598334408}, {'age_bin': '50-54', 'age_mid': 52.5, 'r2': 0.9188671252509198}, {'age_bin': '55-59', 'age_mid': 57.5, 'r2': 0.9364588915083533}, {'age_bin': '60-64', 'age_mid': 62.5, 'r2': 0.95311130698521}, {'age_bin': '65-69', 'age_mid': 67.5, 'r2': 0.9721503655422874}, {'age_bin': '70-74', 'age_mid': 72.5, 'r2': 0.9298118325973977}, {'age_bin': '75-79', 'age_mid': 77.5, 'r2': 0.887729005334759}, {'age_bin': '80-84', 'age_mid': 82.5, 'r2': 0.8968935199576812}]"
pcb170,PCB170 (ng/g),0.9586867910797986,0.8694375429671626,0.9799433346525208,13,0.02198023229811548,0.007607829894828486,0.031347083508535094,0.012214526210924535,"[{'age_bin': '20-24', 'age_mid': 22.5, 'r2': 0.8694375429671626}, {'age_bin': '25-29', 'age_mid': 27.5, 'r2': 0.873876261401329}, {'age_bin': '30-34', 'age_mid': 32.5, 'r2': 0.9104843304285384}, {'age_bin': '35-39', 'age_mid': 37.5, 'r2': 0.9711680466316448}, {'age_bin': '40-44', 'age_mid': 42.5, 'r2': 0.9713396638229248}, {'age_bin': '45-49', 'age_mid': 47.5, 'r2': 0.9799433346525208}, {'age_bin': '50-54', 'age_mid': 52.5, 'r2': 0.9865419423148123}, {'age_bin': '55-59', 'age_mid': 57.5, 'r2': 0.9839499223251837}, {'age_bin': '60-64', 'age_mid': 62.5, 'r2': 0.9887658928525835}, {'age_bin': '65-69', 'age_mid': 67.5, 'r2': 0.9867986423528232}, {'age_bin': '70-74', 'age_mid': 72.5, 'r2': 0.9888903530851867}, {'age_bin': '75-79', 'age_mid': 77.5, 'r2': 0.9713376339140393}, {'age_bin': '80-84', 'age_mid': 82.5, 'r2': 0.9803947172886324}]"
pcb170 lipid adjusted,PCB170 Lipid Adjusted (ng/g),0.9708861383853785,0.9345888893108778,0.9759047613723358,13,3.3919946174803033,0.9552612227694839,5.076083645751854,1.8729224081881326,"[{'age_bin': '20-24', 'age_mid': 22.5, 'r2': 0.9345888893108778}, {'age_bin': '25-29', 'age_mid': 27.5, 'r2': 0.9516281317594497}, {'age_bin': '30-34', 'age_mid': 32.5, 'r2': 0.9425163036145439}, {'age_bin': '35-39', 'age_mid': 37.5, 'r2': 0.9835227454259055}, {'age_bin': '40-44', 'age_mid': 42.5, 'r2': 0.9580061263062777}, {'age_bin': '45-49', 'age_mid': 47.5, 'r2': 0.974552615233045}, {'age_bin': '50-54', 'age_mid': 52.5, 'r2': 0.9759047613723358}, {'age_bin': '55-59', 'age_mid': 57.5, 'r2': 0.9705931661149354}, {'age_bin': '60-64', 'age_mid': 62.5, 'r2': 0.9831242259904868}, {'age_bin': '65-69', 'age_mid': 67.5, 'r2': 0.9851762460465829}, {'age_bin': '70-74', 'age_mid': 72.5, 'r2': 0.9937486428409035}, {'age_bin': '75-79', 'age_mid': 77.5, 'r2': 0.9782410578230972}, {'age_bin': '80-84', 'age_mid': 82.5, 'r2': 0.989916887171479}]"
pcb172,PCB172 (ng/g),0.7898434275576819,0.6008766146681961,0.8321677676399979,13,0.004798691776936787,0.0010488363173833148,0.009787844571778701,0.0019086721246573905,"[{'age_bin': '20-24', 'age_mid': 22.5, 'r2': 0.6233077504955659}, {'age_bin': '25-29', 'age_mid': 27.5, 'r2': 0.6281344578708132}, {'age_bin': '30-34', 'age_mid': 32.5, 'r2': 0.6663079775609859}, {'age_bin': '35-39', 'age_mid': 37.5, 'r2': 0.6008766146681961}, {'age_bin': '40-44', 'age_mid': 42.5, 'r2': 0.7326608711368352}, {'age_bin': '45-49', 'age_mid': 47.5, 'r2': 0.8321677676399979}, {'age_bin': '50-54', 'age_mid': 52.5, 'r2': 0.8795601904453809}, {'age_bin': '55-59', 'age_mid': 57.5, 'r2': 0.9022687925961451}, {'age_bin': '60-64', 'age_mid': 62.5, 'r2': 0.8945395041088171}, {'age_bin': '65-69', 'age_mid': 67.5, 'r2': 0.9338464800649012}, {'age_bin': '70-74', 'age_mid': 72.5, 'r2': 0.8895084881974792}, {'age_bin': '75-79', 'age_mid': 77.5, 'r2': 0.8248186866454462}, {'age_bin': '80-84', 'age_mid': 82.5, 'r2': 0.8599669768193019}]"
pcb172 lipid adjusted,PCB172 Lipid Adjusted (ng/g),0.9024255171040748,0.7851289691230892,0.9033432315605725,13,0.892116740818241,0.30964355443016395,1.3895078901045084,0.2610147868036033,"[{'age_bin': '20-24', 'age_mid': 22.5, 'r2': 0.7851289691230892}, {'age_bin': '25-29', 'age_mid': 27.5, 'r2': 0.807915008910688}, {'age_bin': '30-34', 'age_mid': 32.5, 'r2': 0.8428471894824399}, {'age_bin': '35-39', 'age_mid': 37.5, 'r2': 0.8244923070246492}, {'age_bin': '40-44', 'age_mid': 42.5, 'r2': 0.8983626494060172}, {'age_bin': '45-49', 'age_mid': 47.5, 'r2': 0.9033432315605725}, {'age_bin': '50-54', 'age_mid': 52.5, 'r2': 0.9543010440673628}, {'age_bin': '55-59', 'age_mid': 57.5, 'r2': 0.9761436455348753}, {'age_bin': '60-64', 'age_mid': 62.5, 'r2': 0.9788784093879088}, {'age_bin': '65-69', 'age_mid': 67.5, 'r2': 0.9852092305154473}, {'age_bin': '70-74', 'age_mid': 72.5, 'r2': 0.946683565953525}, {'age_bin': '75-79', 'age_mid': 77.5, 'r2': 0.8738051529277013}, {'age_bin': '80-84', 'age_mid': 82.5, 'r2': 0.9544213184586954}]"
pcb177,PCB177 (ng/g),0.7839114752477971,0.6043660293138068,0.809559473926308,13,0.004988502822767551,0.0009551150548736764,0.011310018527926348,0.0023106136612216976,"[{'age_bin': '20-24', 'age_mid': 22.5, 'r2': 0.6386890281422594}, {'age_bin': '25-29', 'age_mid': 27.5, 'r2': 0.6043660293138068}, {'age_bin': '30-34', 'age_mid': 32.5, 'r2': 0.6799672659260807}, {'age_bin': '35-39', 'age_mid': 37.5, 'r2': 0.6193197241350996}, {'age_bin': '40-44', 'age_mid': 42.5, 'r2': 0.7325708396339269}, {'age_bin': '45-49', 'age_mid': 47.5, 'r2': 0.825888810110289}, {'age_bin': '50-54', 'age_mid': 52.5, 'r2': 0.8915781842183311}, {'age_bin': '55-59', 'age_mid': 57.5, 'r2': 0.9021168135919477}, {'age_bin': '60-64', 'age_mid': 62.5, 'r2': 0.809559473926308}, {'age_bin': '65-69', 'age_mid': 67.5, 'r2': 0.8862089377836372}, {'age_bin': '70-74', 'age_mid': 72.5, 'r2': 0.791166627250296}, {'age_bin': '75-79', 'age_mid': 77.5, 'r2': 0.8623542020845809}, {'age_bin': '80-84', 'age_mid': 82.5, 'r2': 0.9470632421048002}]"
pcb177 lipid adjusted,PCB177 Lipid Adjusted (ng/g),0.8874259148098945,0.8025608652099692,0.8812589500633548,13,0.9309521680370066,0.22888652531951675,1.624147985377691,0.24708233925983936,"[{'age_bin': '20-24', 'age_mid': 22.5, 'r2': 0.8025608652099692}, {'age_bin': '25-29', 'age_mid': 27.5, 'r2': 0.817097830311418}, {'age_bin': '30-34', 'age_mid': 32.5, 'r2': 0.8542310886985132}, {'age_bin': '35-39', 'age_mid': 37.5, 'r2': 0.84505412481171}, {'age_bin': '40-44', 'age_mid': 42.5, 'r2': 0.9083333991086089}, {'age_bin': '45-49', 'age_mid': 47.5, 'r2': 0.9198892837358378}, {'age_bin': '50-54', 'age_mid': 52.5, 'r2': 0.9766053159661543}, {'age_bin': '55-59', 'age_mid': 57.5, 'r2': 0.9747222878994096}, {'age_bin': '60-64', 'age_mid': 62.5, 'r2': 0.8812589500633548}, {'age_bin': '65-69', 'age_mid': 67.5, 'r2': 0.913215802391728}, {'age_bin': '70-74', 'age_mid': 72.5, 'r2': 0.8137593822054533}, {'age_bin': '75-79', 'age_mid': 77.5, 'r2': 0.8810901321005055}, {'age_bin': '80-84', 'age_mid': 82.5, 'r2': 0.9487184300259657}]"
pcb178,PCB178 (ng/g),0.8022399412722566,0.6053011025102276,0.8667720435960337,13,0.00509780376029107,0.0008638805700106731,0.010793469181519192,0.0021387645073912974,"[{'age_bin': '20-24', 'age_mid': 22.5, 'r2': 0.6287185614716682}, {'age_bin': '25-29', 'age_mid': 27.5, 'r2': 0.6277075736716984}, {'age_bin': '30-34', 'age_mid': 32.5, 'r2': 0.6856522294699245}, {'age_bin': '35-39', 'age_mid': 37.5, 'r2': 0.6053011025102276}, {'age_bin': '40-44', 'age_mid': 42.5, 'r2': 0.7383507710427699}, {'age_bin': '45-49', 'age_mid': 47.5, 'r2': 0.8579462938365524}, {'age_bin': '50-54', 'age_mid': 52.5, 'r2': 0.8894312250859564}, {'age_bin': '55-59', 'age_mid': 57.5, 'r2': 0.9050018562025486}, {'age_bin': '60-64', 'age_mid': 62.5, 'r2': 0.8667720435960337}, {'age_bin': '65-69', 'age_mid': 67.5, 'r2': 0.9330384422094155}, {'age_bin': '70-74', 'age_mid': 72.5, 'r2': 0.8883819358181844}, {'age_bin': '75-79', 'age_mid': 77.5, 'r2': 0.8768212304370244}, {'age_bin': '80-84', 'age_mid': 82.5, 'r2': 0.9259959711873332}]"
pcb178 lipid adjusted,PCB178 Lipid Adjusted (ng/g),0.9032187506134033,0.7752761202490454,0.9215344745363988,13,0.9270179922572261,0.24619133316682631,1.5994061323560016,0.21604867771239844,"[{'age_bin': '20-24', 'age_mid': 22.5, 'r2': 0.7752761202490454}, {'age_bin': '25-29', 'age_mid': 27.5, 'r2': 0.8153519707781158}, {'age_bin': '30-34', 'age_mid': 32.5, 'r2': 0.8484707736130528}, {'age_bin': '35-39', 'age_mid': 37.5, 'r2': 0.8430254386896918}, {'age_bin': '40-44', 'age_mid': 42.5, 'r2': 0.9128953648696383}, {'age_bin': '45-49', 'age_mid': 47.5, 'r2': 0.9437461130434767}, {'age_bin': '50-54', 'age_mid': 52.5, 'r2': 0.9734349850076274}, {'age_bin': '55-59', 'age_mid': 57.5, 'r2': 0.9695415765966183}, {'age_bin': '60-64', 'age_mid': 62.5, 'r2': 0.9215344745363988}, {'age_bin': '65-69', 'age_mid': 67.5, 'r2': 0.9402353545585727}, {'age_bin': '70-74', 'age_mid': 72.5, 'r2': 0.8914068311153379}, {'age_bin': '75-79', 'age_mid': 77.5, 'r2': 0.928860345679582}, {'age_bin': '80-84', 'age_mid': 82.5, 'r2': 0.9780644092370867}]"
pcb180,PCB180 (ng/g),0.9566104935962786,0.8803090456269365,0.9708368001956759,13,0.058212530728625485,0.021647360605022252,0.07786140095342242,0.037851461256077835,"[{'age_bin': '20-24', 'age_mid': 22.5, 'r2': 0.9708368001956759}, {'age_bin': '25-29', 'age_mid': 27.5, 'r2': 0.8904524671377801}, {'age_bin': '30-34', 'age_mid': 32.5, 'r2': 0.8803090456269365}, {'age_bin': '35-39', 'age_mid': 37.5, 'r2': 0.9714839131974864}, {'age_bin': '40-44', 'age_mid': 42.5, 'r2': 0.9771837611162985}, {'age_bin': '45-49', 'age_mid': 47.5, 'r2': 0.9531653350043064}, {'age_bin': '50-54', 'age_mid': 52.5, 'r2': 0.9704532975507991}, {'age_bin': '55-59', 'age_mid': 57.5, 'r2': 0.9724994121758991}, {'age_bin': '60-64', 'age_mid': 62.5, 'r2': 0.9669533671192412}, {'age_bin': '65-69', 'age_mid': 67.5, 'r2': 0.9854041939970812}, {'age_bin': '70-74', 'age_mid': 72.5, 'r2': 0.9722672846256256}, {'age_bin': '75-79', 'age_mid': 77.5, 'r2': 0.9412498610223109}, {'age_bin': '80-84', 'age_mid': 82.5, 'r2': 0.9836776779821818}]"
pcb180 lipid adjusted,PCB180 Lipid Adjusted (ng/g),0.9656589708582495,0.9125091023841179,0.9690861838280026,13,9.043713251635866,2.974401343109524,12.232090867168488,5.726065395528687,"[{'age_bin': '20-24', 'age_mid': 22.5, 'r2': 0.9728401727708633}, {'age_bin': '25-29', 'age_mid': 27.5, 'r2': 0.950881441756266}, {'age_bin': '30-34', 'age_mid': 32.5, 'r2': 0.9125091023841179}, {'age_bin': '35-39', 'age_mid': 37.5, 'r2': 0.9768829076996777}, {'age_bin': '40-44', 'age_mid': 42.5, 'r2': 0.9690861838280026}, {'age_bin': '45-49', 'age_mid': 47.5, 'r2': 0.9483951538592774}, {'age_bin': '50-54', 'age_mid': 52.5, 'r2': 0.9756807499822809}, {'age_bin': '55-59', 'age_mid': 57.5, 'r2': 0.9644135543997566}, {'age_bin': '60-64', 'age_mid': 62.5, 'r2': 0.9571711259413906}, {'age_bin': '65-69', 'age_mid': 67.5, 'r2': 0.9870569980541591}, {'age_bin': '70-74', 'age_mid': 72.5, 'r2': 0.9620090755421175}, {'age_bin': '75-79', 'age_mid': 77.5, 'r2': 0.9860461440140187}, {'age_bin': '80-84', 'age_mid': 82.5, 'r2': 0.9905940109253163}]"
pcb183,PCB183 (ng/g),0.8354341251495163,0.6066913503108393,0.9123663047410323,13,0.006112058123579464,0.0011070363909709356,0.011496943442469987,0.00229013657084302,"[{'age_bin': '20-24', 'age_mid': 22.5, 'r2': 0.6210196357472767}, {'age_bin': '25-29', 'age_mid': 27.5, 'r2': 0.6066913503108393}, {'age_bin': '30-34', 'age_mid': 32.5, 'r2': 0.6954444693160049}, {'age_bin': '35-39', 'age_mid': 37.5, 'r2': 0.6655245270338839}, {'age_bin': '40-44', 'age_mid': 42.5, 'r2': 0.8048900154100986}, {'age_bin': '45-49', 'age_mid': 47.5, 'r2': 0.8922478946428447}, {'age_bin': '50-54', 'age_mid': 52.5, 'r2': 0.9123663047410323}, {'age_bin': '55-59', 'age_mid': 57.5, 'r2': 0.9474207822210478}, {'age_bin': '60-64', 'age_mid': 62.5, 'r2': 0.933374247551237}, {'age_bin': '65-69', 'age_mid': 67.5, 'r2': 0.9407050024520888}, {'age_bin': '70-74', 'age_mid': 72.5, 'r2': 0.9401908915521481}, {'age_bin': '75-79', 'age_mid': 77.5, 'r2': 0.9235019966467825}, {'age_bin': '80-84', 'age_mid': 82.5, 'r2': 0.9772665093184253}]"
pcb183 lipid adjusted,PCB183 Lipid Adjusted (ng/g),0.9146241957631033,0.8051214744266548,0.9328856693623929,13,1.0645404843659774,0.15502609626690583,1.7231233661172165,0.31714815146312586,"[{'age_bin': '20-24', 'age_mid': 22.5, 'r2': 0.8051214744266548}, {'age_bin': '25-29', 'age_mid': 27.5, 'r2': 0.825822292534296}, {'age_bin': '30-34', 'age_mid': 32.5, 'r2': 0.8743298056561787}, {'age_bin': '35-39', 'age_mid': 37.5, 'r2': 0.8764801856290065}, {'age_bin': '40-44', 'age_mid': 42.5, 'r2': 0.9348757399371884}, {'age_bin': '45-49', 'age_mid': 47.5, 'r2': 0.9186967843505093}, {'age_bin': '50-54', 'age_mid': 52.5, 'r2': 0.9500048860559535}, {'age_bin': '55-59', 'age_mid': 57.5, 'r2': 0.9656263244897487}, {'age_bin': '60-64', 'age_mid': 62.5, 'r2': 0.9328856693623929}, {'age_bin': '65-69', 'age_mid': 67.5, 'r2': 0.9457417699506475}, {'age_bin': '70-74', 'age_mid': 72.5, 'r2': 0.9601567318681362}, {'age_bin': '75-79', 'age_mid': 77.5, 'r2': 0.925233990832519}, {'age_bin': '80-84', 'age_mid': 82.5, 'r2': 0.9751388898271123}]"
pcb187,PCB187 (ng/g),0.9043791000528716,0.6626025097573005,0.9513560620879336,13,0.01907893069163157,0.0076394909671623394,0.017561157231439604,0.004472268239157673,"[{'age_bin': '20-24', 'age_mid': 22.5, 'r2': 0.6626025097573005}, {'age_bin': '25-29', 'age_mid': 27.5, 'r2': 0.7650438988184466}, {'age_bin': '30-34', 'age_mid': 32.5, 'r2': 0.8094443800785731}, {'age_bin': '35-39', 'age_mid': 37.5, 'r2': 0.9599356197205559}, {'age_bin': '40-44', 'age_mid': 42.5, 'r2': 0.9676446879867989}, {'age_bin': '45-49', 'age_mid': 47.5, 'r2': 0.9323780967317414}, {'age_bin': '50-54', 'age_mid': 52.5, 'r2': 0.9630679912135691}, {'age_bin': '55-59', 'age_mid': 57.5, 'r2': 0.9761957946407187}, {'age_bin': '60-64', 'age_mid': 62.5, 'r2': 0.9174109007164405}, {'age_bin': '65-69', 'age_mid': 67.5, 'r2': 0.9645580805974234}, {'age_bin': '70-74', 'age_mid': 72.5, 'r2': 0.9127380535813976}, {'age_bin': '75-79', 'age_mid': 77.5, 'r2': 0.9513560620879336}, {'age_bin': '80-84', 'age_mid': 82.5, 'r2': 0.9745522247564317}]"
pcb187 lipid adjusted,PCB187 Lipid Adjusted (ng/g),0.9292300441101522,0.8336281599528333,0.9489932011462874,13,2.9734232541494787,1.0087856085966187,2.891638669376398,0.8453317935331441,"[{'age_bin': '20-24', 'age_mid': 22.5, 'r2': 0.8336281599528333}, {'age_bin': '25-29', 'age_mid': 27.5, 'r2': 0.8999518619625752}, {'age_bin': '30-34', 'age_mid': 32.5, 'r2': 0.9057503681933627}, {'age_bin': '35-39', 'age_mid': 37.5, 'r2': 0.9690612137612854}, {'age_bin': '40-44', 'age_mid': 42.5, 'r2': 0.962320052379777}, {'age_bin': '45-49', 'age_mid': 47.5, 'r2': 0.8881417397296347}, {'age_bin': '50-54', 'age_mid': 52.5, 'r2': 0.9489932011462874}, {'age_bin': '55-59', 'age_mid': 57.5, 'r2': 0.9654087274437857}, {'age_bin': '60-64', 'age_mid': 62.5, 'r2': 0.8976327604432646}, {'age_bin': '65-69', 'age_mid': 67.5, 'r2': 0.9616594747400324}, {'age_bin': '70-74', 'age_mid': 72.5, 'r2': 0.890244541282192}, {'age_bin': '75-79', 'age_mid': 77.5, 'r2': 0.964685859789711}, {'age_bin': '80-84', 'age_mid': 82.5, 'r2': 0.9925126126072352}]"
pcb189,PCB189 (ng/g),0.6855282854072924,0.3804316120026535,0.7834284957523329,11,0.0008354628309703308,0.0004237305014743685,-0.0005632899851786869,0.0007795910482406854,"[{'age_bin': '20-24', 'age_mid': 22.5, 'r2': 0.3804316120026535}, {'age_bin': '25-29', 'age_mid': 27.5, 'r2': 0.4289320076439027}, {'age_bin': '30-34', 'age_mid': 32.5, 'r2': 0.5194506489937858}, {'age_bin': '35-39', 'age_mid': 37.5, 'r2': 0.5652151292575249}, {'age_bin': '40-44', 'age_mid': 42.5, 'r2': 0.5746833652165041}, {'age_bin': '45-49', 'age_mid': 47.5, 'r2': 0.7834284957523329}, {'age_bin': '50-54', 'age_mid': 52.5, 'r2': 0.8860847989738385}, {'age_bin': '55-59', 'age_mid': 57.5, 'r2': 0.8717763871410444}, {'age_bin': '60-64', 'age_mid': 62.5, 'r2': 0.7976827747897612}, {'age_bin': '65-69', 'age_mid': 67.5, 'r2': 0.8212177673188825}, {'age_bin': '70-74', 'age_mid': 72.5, 'r2': None}, {'age_bin': '75-79', 'age_mid': 77.5, 'r2': None}, {'age_bin': '80-84', 'age_mid': 82.5, 'r2': 0.9119081523899863}]"
pcb189 lipid adjusted,PCB189 Lipid Adjusted (ng/g),0.8751064004004286,0.7823569052106156,0.881501556482757,13,0.9087858488339181,0.38525737295462803,0.17087544807301341,0.25420630826458795,"[{'age_bin': '20-24', 'age_mid': 22.5, 'r2': 0.881501556482757}, {'age_bin': '25-29', 'age_mid': 27.5, 'r2': 0.9051155356523086}, {'age_bin': '30-34', 'age_mid': 32.5, 'r2': 0.8827467230264935}, {'age_bin': '35-39', 'age_mid': 37.5, 'r2': 0.8298720908416788}, {'age_bin': '40-44', 'age_mid': 42.5, 'r2': 0.885281120510285}, {'age_bin': '45-49', 'age_mid': 47.5, 'r2': 0.9055077047904799}, {'age_bin': '50-54', 'age_mid': 52.5, 'r2': 0.9033052646717616}, {'age_bin': '55-59', 'age_mid': 57.5, 'r2': 0.8665588129224374}, {'age_bin': '60-64', 'age_mid': 62.5, 'r2': 0.8741748503513469}, {'age_bin': '65-69', 'age_mid': 67.5, 'r2': 0.8721695358754302}, {'age_bin': '70-74', 'age_mid': 72.5, 'r2': 0.7823569052106156}, {'age_bin': '75-79', 'age_mid': 77.5, 'r2': 0.8393539224432252}, {'age_bin': '80-84', 'age_mid': 82.5, 'r2': 0.9484391824267521}]"
pcb194,PCB194 (ng/g),0.9114831597191297,0.6427226433486365,0.969947151942653,13,0.015288993285455205,0.005665355690038722,0.020814965791729697,0.010045692498501034,"[{'age_bin': '20-24', 'age_mid': 22.5, 'r2': 0.6427226433486365}, {'age_bin': '25-29', 'age_mid': 27.5, 'r2': 0.6731976987761443}, {'age_bin': '30-34', 'age_mid': 32.5, 'r2': 0.8084362180324774}, {'age_bin': '35-39', 'age_mid': 37.5, 'r2': 0.9432928550973156}, {'age_bin': '40-44', 'age_mid': 42.5, 'r2': 0.9752487082184578}, {'age_bin': '45-49', 'age_mid': 47.5, 'r2': 0.9512311220330324}, {'age_bin': '50-54', 'age_mid': 52.5, 'r2': 0.9853230261481086}, {'age_bin': '55-59', 'age_mid': 57.5, 'r2': 0.9627497858700842}, {'age_bin': '60-64', 'age_mid': 62.5, 'r2': 0.9734394028342032}, {'age_bin': '65-69', 'age_mid': 67.5, 'r2': 0.9826956267871625}, {'age_bin': '70-74', 'age_mid': 72.5, 'r2': 0.9949074569378675}, {'age_bin': '75-79', 'age_mid': 77.5, 'r2': 0.969947151942653}, {'age_bin': '80-84', 'age_mid': 82.5, 'r2': 0.9860893803225432}]"
pcb194 lipid adjusted,PCB194 Lipid Adjusted (ng/g),0.9527120958229749,0.8895674180780363,0.9609674441343513,13,2.4195776008349537,0.7175311223022388,3.270350866081748,1.6507813261859592,"[{'age_bin': '20-24', 'age_mid': 22.5, 'r2': 0.8895674180780363}, {'age_bin': '25-29', 'age_mid': 27.5, 'r2': 0.9148780960050471}, {'age_bin': '30-34', 'age_mid': 32.5, 'r2': 0.9155153795738697}, {'age_bin': '35-39', 'age_mid': 37.5, 'r2': 0.9641159145810261}, {'age_bin': '40-44', 'age_mid': 42.5, 'r2': 0.9558699343023079}, {'age_bin': '45-49', 'age_mid': 47.5, 'r2': 0.9226735470408204}, {'age_bin': '50-54', 'age_mid': 52.5, 'r2': 0.9788515619068469}, {'age_bin': '55-59', 'age_mid': 57.5, 'r2': 0.9449512947850975}, {'age_bin': '60-64', 'age_mid': 62.5, 'r2': 0.9609674441343513}, {'age_bin': '65-69', 'age_mid': 67.5, 'r2': 0.9717973556117969}, {'age_bin': '70-74', 'age_mid': 72.5, 'r2': 0.9883881943408666}, {'age_bin': '75-79', 'age_mid': 77.5, 'r2': 0.9871758450326013}, {'age_bin': '80-84', 'age_mid': 82.5, 'r2': 0.9905052603060052}]"
pcb195,PCB195 (ng/g),0.6979937467260035,0.6033864693574951,0.7042349954407914,13,0.015090595638021806,0.00597085197912794,0.013059875003914324,0.004567288952401895,"[{'age_bin': '20-24', 'age_mid': 22.5, 'r2': 0.6796182528362554}, {'age_bin': '25-29', 'age_mid': 27.5, 'r2': 0.7041602902562333}, {'age_bin': '30-34', 'age_mid': 32.5, 'r2': 0.7216884181060087}, {'age_bin': '35-39', 'age_mid': 37.5, 'r2': 0.6033864693574951}, {'age_bin': '40-44', 'age_mid': 42.5, 'r2': 0.699451351357902}, {'age_bin': '45-49', 'age_mid': 47.5, 'r2': 0.7042349954407914}, {'age_bin': '50-54', 'age_mid': 52.5, 'r2': 0.7231465417190128}, {'age_bin': '55-59', 'age_mid': 57.5, 'r2': 0.6701887722999436}, {'age_bin': '60-64', 'age_mid': 62.5, 'r2': 0.7320439843333094}, {'age_bin': '65-69', 'age_mid': 67.5, 'r2': 0.7374248524716425}, {'age_bin': '70-74', 'age_mid': 72.5, 'r2': 0.6157761193679203}, {'age_bin': '75-79', 'age_mid': 77.5, 'r2': 0.7098623938162187}, {'age_bin': '80-84', 'age_mid': 82.5, 'r2': 0.7729362660753119}]"
pcb195 lipid adjusted,PCB195 Lipid Adjusted (ng/g),0.8867618233003233,0.8295570236004673,0.8922721698875801,13,2.858000669132003,1.3258371472480914,1.2066733354474477,0.6719752867650133,"[{'age_bin': '20-24', 'age_mid': 22.5, 'r2': 0.8730387338892203}, {'age_bin': '25-29', 'age_mid': 27.5, 'r2': 0.8987848057353007}, {'age_bin': '30-34', 'age_mid': 32.5, 'r2': 0.8937331056644525}, {'age_bin': '35-39', 'age_mid': 37.5, 'r2': 0.8295570236004673}, {'age_bin': '40-44', 'age_mid': 42.5, 'r2': 0.8971221065620997}, {'age_bin': '45-49', 'age_mid': 47.5, 'r2': 0.9132288375208583}, {'age_bin': '50-54', 'age_mid': 52.5, 'r2': 0.9109566734045403}, {'age_bin': '55-59', 'age_mid': 57.5, 'r2': 0.8873564839076867}, {'age_bin': '60-64', 'age_mid': 62.5, 'r2': 0.8922721698875801}, {'age_bin': '65-69', 'age_mid': 67.5, 'r2': 0.8738696681719424}, {'age_bin': '70-74', 'age_mid': 72.5, 'r2': 0.8437428232432108}, {'age_bin': '75-79', 'age_mid': 77.5, 'r2': 0.8657012386017034}, {'age_bin': '80-84', 'age_mid': 82.5, 'r2': 0.9485400327151405}]"
pcb196 203,PCB196 & 203 (ng/g),0.9454673645714913,0.8202758164073437,0.9555961015528327,11,0.00877279410740892,0.003076224321723655,0.01292584721047395,0.007918952009196805,"[{'age_bin': '20-24', 'age_mid': 22.5, 'r2': 0.9555961015528327}, {'age_bin': '25-29', 'age_mid': 27.5, 'r2': 0.9353698463566458}, {'age_bin': '30-34', 'age_mid': 32.5, 'r2': 0.8202758164073437}, {'age_bin': '35-39', 'age_mid': 37.5, 'r2': 0.9460306883611307}, {'age_bin': '40-44', 'age_mid': 42.5, 'r2': 0.973413471508184}, {'age_bin': '45-49', 'age_mid': 47.5, 'r2': 0.963058403337929}, {'age_bin': '50-54', 'age_mid': 52.5, 'r2': 0.9667566998907279}, {'age_bin': '55-59', 'age_mid': 57.5, 'r2': 0.9525867482753414}, {'age_bin': '60-64', 'age_mid': 62.5, 'r2': 0.9394646303608873}, {'age_bin': '65-69', 'age_mid': 67.5, 'r2': 0.9624725133961682}, {'age_bin': '70-74', 'age_mid': 72.5, 'r2': None}, {'age_bin': '75-79', 'age_mid': 77.5, 'r2': None}, {'age_bin': '80-84', 'age_mid': 82.5, 'r2': 0.9851160908392139}]"
pcb196 203 lipid adjusted,PCB196 & 203 Lipid Adjusted (ng/g),0.9606197937301174,0.8963646064735518,0.9628314566362233,11,1.255277513249796,0.40398986354290595,2.19815381059592,1.2910491226828589,"[{'age_bin': '20-24', 'age_mid': 22.5, 'r2': 0.9587381125924621}, {'age_bin': '25-29', 'age_mid': 27.5, 'r2': 0.9376926812379923}, {'age_bin': '30-34', 'age_mid': 32.5, 'r2': 0.8963646064735518}, {'age_bin': '35-39', 'age_mid': 37.5, 'r2': 0.9767428827361939}, {'age_bin': '40-44', 'age_mid': 42.5, 'r2': 0.9628314566362233}, {'age_bin': '45-49', 'age_mid': 47.5, 'r2': 0.961012649006478}, {'age_bin': '50-54', 'age_mid': 52.5, 'r2': 0.9829409321112093}, {'age_bin': '55-59', 'age_mid': 57.5, 'r2': 0.9854869128119917}, {'age_bin': '60-64', 'age_mid': 62.5, 'r2': 0.947876886886396}, {'age_bin': '65-69', 'age_mid': 67.5, 'r2': 0.9673149189606933}, {'age_bin': '70-74', 'age_mid': 72.5, 'r2': None}, {'age_bin': '75-79', 'age_mid': 77.5, 'r2': None}, {'age_bin': '80-84', 'age_mid': 82.5, 'r2': 0.989815691578099}]"
pcb196,PCB196 (ng/g),0.8388168655996849,0.16091662306763455,0.9540877374829918,11,0.011967664361841107,0.0059035823240258115,0.023032971469048327,0.009237896482172617,"[{'age_bin': '20-24', 'age_mid': 22.5, 'r2': None}, {'age_bin': '25-29', 'age_mid': 27.5, 'r2': 0.16091662306763455}, {'age_bin': '30-34', 'age_mid': 32.5, 'r2': 0.5075203752749913}, {'age_bin': '35-39', 'age_mid': 37.5, 'r2': 0.8247137490318319}, {'age_bin': '40-44', 'age_mid': 42.5, 'r2': 0.9208993144458354}, {'age_bin': '45-49', 'age_mid': 47.5, 'r2': 0.9524074687087823}, {'age_bin': '50-54', 'age_mid': 52.5, 'r2': 0.992656450303433}, {'age_bin': '55-59', 'age_mid': 57.5, 'r2': 0.9540877374829918}, {'age_bin': '60-64', 'age_mid': 62.5, 'r2': 0.9771231775695886}, {'age_bin': '65-69', 'age_mid': 67.5, 'r2': 0.9825361082980106}, {'age_bin': '70-74', 'age_mid': 72.5, 'r2': 0.9842653704805849}, {'age_bin': '75-79', 'age_mid': 77.5, 'r2': 0.9698591469328488}, {'age_bin': '80-84', 'age_mid': 82.5, 'r2': None}]"
pcb196 lipid adjusted,PCB196 Lipid Adjusted,0.9536315585465763,0.9055372974763899,0.9518923796310507,12,1.8509741800697614,0.769116905008434,3.610593488492166,1.4179476368185615,"[{'age_bin': '20-24', 'age_mid': 22.5, 'r2': 0.9177495042830817}, {'age_bin': '25-29', 'age_mid': 27.5, 'r2': 0.9529234445140157}, {'age_bin': '30-34', 'age_mid': 32.5, 'r2': 0.955097953004395}, {'age_bin': '35-39', 'age_mid': 37.5, 'r2': 0.9508613147480857}, {'age_bin': '40-44', 'age_mid': 42.5, 'r2': 0.9289581048252388}, {'age_bin': '45-49', 'age_mid': 47.5, 'r2': 0.9222389140693499}, {'age_bin': '50-54', 'age_mid': 52.5, 'r2': 0.9887691700630946}, {'age_bin': '55-59', 'age_mid': 57.5, 'r2': 0.9055372974763899}, {'age_bin': '60-64', 'age_mid': 62.5, 'r2': 0.9867814165038853}, {'age_bin': '65-69', 'age_mid': 67.5, 'r2': 0.9903719488504557}, {'age_bin': '70-74', 'age_mid': 72.5, 'r2': 0.9493667781829391}, {'age_bin': '75-79', 'age_mid': 77.5, 'r2': 0.9949228560379861}, {'age_bin': '80-84', 'age_mid': 82.5, 'r2': None}]"
pcb199,PCB199 (ng/g),0.8975327342304534,0.6608041556983957,0.9549079866856963,13,0.01499585142027192,0.005937608751153324,0.01951383227882036,0.00932379036471463,"[{'age_bin': '20-24', 'age_mid': 22.5, 'r2': 0.6608041556983957}, {'age_bin': '25-29', 'age_mid': 27.5, 'r2': 0.6741502895708055}, {'age_bin': '30-34', 'age_mid': 32.5, 'r2': 0.7861383678715675}, {'age_bin': '35-39', 'age_mid': 37.5, 'r2': 0.9028840851210631}, {'age_bin': '40-44', 'age_mid': 42.5, 'r2': 0.9602752326861713}, {'age_bin': '45-49', 'age_mid': 47.5, 'r2': 0.9599898435918705}, {'age_bin': '50-54', 'age_mid': 52.5, 'r2': 0.9742261504631117}, {'age_bin': '55-59', 'age_mid': 57.5, 'r2': 0.9549079866856963}, {'age_bin': '60-64', 'age_mid': 62.5, 'r2': 0.9499839257125616}, {'age_bin': '65-69', 'age_mid': 67.5, 'r2': 0.9709149133212125}, {'age_bin': '70-74', 'age_mid': 72.5, 'r2': 0.9878306893798022}, {'age_bin': '75-79', 'age_mid': 77.5, 'r2': 0.9005313123555919}, {'age_bin': '80-84', 'age_mid': 82.5, 'r2': 0.9852885925380465}]"
pcb199 lipid adjusted,PCB199 Lipid Adjusted (ng/g),0.9431943717988227,0.8905558585148942,0.9328569173796878,13,2.375673941451804,0.7627783842420937,3.0843636392647182,1.7102121281712788,"[{'age_bin': '20-24', 'age_mid': 22.5, 'r2': 0.8905558585148942}, {'age_bin': '25-29', 'age_mid': 27.5, 'r2': 0.9237113076480332}, {'age_bin': '30-34', 'age_mid': 32.5, 'r2': 0.9091409412241221}, {'age_bin': '35-39', 'age_mid': 37.5, 'r2': 0.9675693136709722}, {'age_bin': '40-44', 'age_mid': 42.5, 'r2': 0.9299971534355918}, {'age_bin': '45-49', 'age_mid': 47.5, 'r2': 0.9116385371513488}, {'age_bin': '50-54', 'age_mid': 52.5, 'r2': 0.9772373508702908}, {'age_bin': '55-59', 'age_mid': 57.5, 'r2': 0.9526804029255537}, {'age_bin': '60-64', 'age_mid': 62.5, 'r2': 0.9140086010595988}, {'age_bin': '65-69', 'age_mid': 67.5, 'r2': 0.9328569173796878}, {'age_bin': '70-74', 'age_mid': 72.5, 'r2': 0.9900400599170711}, {'age_bin': '75-79', 'age_mid': 77.5, 'r2': 0.9729111256050599}, {'age_bin': '80-84', 'age_mid': 82.5, 'r2': 0.9891792639824695}]"
pcb206,PCB206 (ng/g),0.7794173829469258,0.5923872512495327,0.7410260386802576,13,0.01555924257054837,0.004992896546549167,0.02335016783342373,0.010002688893861337,"[{'age_bin': '20-24', 'age_mid': 22.5, 'r2': 0.6829138638826915}, {'age_bin': '25-29', 'age_mid': 27.5, 'r2': 0.6991766941595599}, {'age_bin': '30-34', 'age_mid': 32.5, 'r2': 0.7085293265763069}, {'age_bin': '35-39', 'age_mid': 37.5, 'r2': 0.5923872512495327}, {'age_bin': '40-44', 'age_mid': 42.5, 'r2': 0.7106284974472111}, {'age_bin': '45-49', 'age_mid': 47.5, 'r2': 0.7235517138722357}, {'age_bin': '50-54', 'age_mid': 52.5, 'r2': 0.7410260386802576}, {'age_bin': '55-59', 'age_mid': 57.5, 'r2': 0.7875418342614968}, {'age_bin': '60-64', 'age_mid': 62.5, 'r2': 0.8737071980981869}, {'age_bin': '65-69', 'age_mid': 67.5, 'r2': 0.8316469923618885}, {'age_bin': '70-74', 'age_mid': 72.5, 'r2': 0.883433961064801}, {'age_bin': '75-79', 'age_mid': 77.5, 'r2': 0.9702711755631973}, {'age_bin': '80-84', 'age_mid': 82.5, 'r2': 0.9276114310926681}]"
pcb206 lipid adjusted,PCB206 Lipid Adjusted (ng/g),0.9337264727663752,0.8616063006047242,0.9390302155790209,13,2.8483088765845066,1.152635847272151,3.172589226259156,1.5006348252690478,"[{'age_bin': '20-24', 'age_mid': 22.5, 'r2': 0.8806115710686773}, {'age_bin': '25-29', 'age_mid': 27.5, 'r2': 0.9127063805435269}, {'age_bin': '30-34', 'age_mid': 32.5, 'r2': 0.9052182634274282}, {'age_bin': '35-39', 'age_mid': 37.5, 'r2': 0.8616063006047242}, {'age_bin': '40-44', 'age_mid': 42.5, 'r2': 0.9268715248555568}, {'age_bin': '45-49', 'age_mid': 47.5, 'r2': 0.9390302155790209}, {'age_bin': '50-54', 'age_mid': 52.5, 'r2': 0.954471102509793}, {'age_bin': '55-59', 'age_mid': 57.5, 'r2': 0.9267129823818475}, {'age_bin': '60-64', 'age_mid': 62.5, 'r2': 0.982856965651595}, {'age_bin': '65-69', 'age_mid': 67.5, 'r2': 0.9447785024937365}, {'age_bin': '70-74', 'age_mid': 72.5, 'r2': 0.9607029026139452}, {'age_bin': '75-79', 'age_mid': 77.5, 'r2': 0.9851633262308994}, {'age_bin': '80-84', 'age_mid': 82.5, 'r2': 0.9577141080021259}]"
pcb209,PCB209 (ng/g),0.9202515296948115,0.7931504054870938,0.9290118538471424,11,0.006260963916413089,0.006311977012643697,0.0010069661445768069,0.011560992117281605,"[{'age_bin': '20-24', 'age_mid': 22.5, 'r2': 0.9290118538471424}, {'age_bin': '25-29', 'age_mid': 27.5, 'r2': 0.846561898493297}, {'age_bin': '30-34', 'age_mid': 32.5, 'r2': 0.7931504054870938}, {'age_bin': '35-39', 'age_mid': 37.5, 'r2': 0.9731029578403454}, {'age_bin': '40-44', 'age_mid': 42.5, 'r2': 0.933712131293237}, {'age_bin': '45-49', 'age_mid': 47.5, 'r2': 0.9608001226028853}, {'age_bin': '50-54', 'age_mid': 52.5, 'r2': 0.9130314560689924}, {'age_bin': '55-59', 'age_mid': 57.5, 'r2': 0.9904041399848383}, {'age_bin': '60-64', 'age_mid': 62.5, 'r2': 0.9059443737654479}, {'age_bin': '65-69', 'age_mid': 67.5, 'r2': 0.9511877642564173}, {'age_bin': '70-74', 'age_mid': 72.5, 'r2': None}, {'age_bin': '75-79', 'age_mid': 77.5, 'r2': None}, {'age_bin': '80-84', 'age_mid': 82.5, 'r2': 0.9258597230032293}]"
pcb209 lipid adjusted,PCB209 Lipid Adjusted (ng/g),0.9070968396443402,0.8063741503854789,0.9125647889455862,11,0.9676657180947039,0.9723043624767321,0.1758592225474372,1.7025147784878418,"[{'age_bin': '20-24', 'age_mid': 22.5, 'r2': 0.8838853462528867}, {'age_bin': '25-29', 'age_mid': 27.5, 'r2': 0.8692654402932131}, {'age_bin': '30-34', 'age_mid': 32.5, 'r2': 0.8063741503854789}, {'age_bin': '35-39', 'age_mid': 37.5, 'r2': 0.9813651527670387}, {'age_bin': '40-44', 'age_mid': 42.5, 'r2': 0.8459386138774536}, {'age_bin': '45-49', 'age_mid': 47.5, 'r2': 0.9423419259436108}, {'age_bin': '50-54', 'age_mid': 52.5, 'r2': 0.9409548369901469}, {'age_bin': '55-59', 'age_mid': 57.5, 'r2': 0.9878622245925235}, {'age_bin': '60-64', 'age_mid': 62.5, 'r2': 0.8556372440252896}, {'age_bin': '65-69', 'age_mid': 67.5, 'r2': 0.9518755120145143}, {'age_bin': '70-74', 'age_mid': 72.5, 'r2': None}, {'age_bin': '75-79', 'age_mid': 77.5, 'r2': None}, {'age_bin': '80-84', 'age_mid': 82.5, 'r2': 0.9125647889455862}]"
pcb28,PCB28 (ng/g),0.9238797461850586,0.862341995950089,0.9314692179423616,13,0.010529455833501171,0.003225174823409922,0.027774220863964486,0.0042266695152051795,"[{'age_bin': '20-24', 'age_mid': 22.5, 'r2': 0.8802936715482762}, {'age_bin': '25-29', 'age_mid': 27.5, 'r2': 0.862341995950089}, {'age_bin': '30-34', 'age_mid': 32.5, 'r2': 0.900790461733677}, {'age_bin': '35-39', 'age_mid': 37.5, 'r2': 0.8815157647754824}, {'age_bin': '40-44', 'age_mid': 42.5, 'r2': 0.9177681478821721}, {'age_bin': '45-49', 'age_mid': 47.5, 'r2': 0.9314692179423616}, {'age_bin': '50-54', 'age_mid': 52.5, 'r2': 0.974617547203988}, {'age_bin': '55-59', 'age_mid': 57.5, 'r2': 0.9748506067285216}, {'age_bin': '60-64', 'age_mid': 62.5, 'r2': 0.9023654855083396}, {'age_bin': '65-69', 'age_mid': 67.5, 'r2': 0.9529799420717281}, {'age_bin': '70-74', 'age_mid': 72.5, 'r2': 0.9401114541624569}, {'age_bin': '75-79', 'age_mid': 77.5, 'r2': 0.9527080764047976}, {'age_bin': '80-84', 'age_mid': 82.5, 'r2': 0.938624328493871}]"
pcb28 lipid adj,PCB28 Lipid Adj (ng/g),0.9633744126251025,0.9203096354059523,0.9686591200128846,11,1.3339279459674764,0.3551304091963175,8.103892227856257,1.027707925465752,"[{'age_bin': '20-24', 'age_mid': 22.5, 'r2': 0.9339106588704728}, {'age_bin': '25-29', 'age_mid': 27.5, 'r2': 0.9204778899324418}, {'age_bin': '30-34', 'age_mid': 32.5, 'r2': 0.9203096354059523}, {'age_bin': '35-39', 'age_mid': 37.5, 'r2': 0.9664031662847853}, {'age_bin': '40-44', 'age_mid': 42.5, 'r2': 0.9655697072337966}, {'age_bin': '45-49', 'age_mid': 47.5, 'r2': 0.9729755972741038}, {'age_bin': '50-54', 'age_mid': 52.5, 'r2': 0.9846113879607671}, {'age_bin': '55-59', 'age_mid': 57.5, 'r2': 0.9778283251593403}, {'age_bin': '60-64', 'age_mid': 62.5, 'r2': 0.9686591200128846}, {'age_bin': '65-69', 'age_mid': 67.5, 'r2': 0.9906007486023067}, {'age_bin': '70-74', 'age_mid': 72.5, 'r2': 0.9957723021392786}, {'age_bin': '75-79', 'age_mid': 77.5, 'r2': None}, {'age_bin': '80-84', 'age_mid': 82.5, 'r2': None}]"
pcb28 lipid adjusted,PCB28 Lipid Adjusted (ng/g),0.9684790400805732,0.9355403268932508,0.9704982781480151,10,1.3263203483987276,0.3337198537839336,2.787978613300656,0.45044532253847913,"[{'age_bin': '20-24', 'age_mid': 22.5, 'r2': 0.9355403268932508}, {'age_bin': '25-29', 'age_mid': 27.5, 'r2': 0.9741486073901554}, {'age_bin': '30-34', 'age_mid': 32.5, 'r2': 0.9504297584026926}, {'age_bin': '35-39', 'age_mid': 37.5, 'r2': 0.9890086786485356}, {'age_bin': '40-44', 'age_mid': 42.5, 'r2': 0.9863527866208315}, {'age_bin': '45-49', 'age_mid': 47.5, 'r2': 0.9668334788570748}, {'age_bin': '50-54', 'age_mid': 52.5, 'r2': 0.9812711774777629}, {'age_bin': '55-59', 'age_mid': 57.5, 'r2': 0.966847948905875}, {'age_bin': '60-64', 'age_mid': 62.5, 'r2': 0.9589194563218636}, {'age_bin': '65-69', 'age_mid': 67.5, 'r2': 0.9754381812876888}, {'age_bin': '70-74', 'age_mid': 72.5, 'r2': None}, {'age_bin': '75-79', 'age_mid': 77.5, 'r2': None}, {'age_bin': '80-84', 'age_mid': 82.5, 'r2': None}]"
pcb44,PCB44 (ng/g),0.9676912443998056,0.9327879077110395,0.9741686326951708,10,0.003837469662553663,0.001083524746903866,0.0069542352425057425,0.0006515589932043176,"[{'age_bin': '20-24', 'age_mid': 22.5, 'r2': 0.9750528885551583}, {'age_bin': '25-29', 'age_mid': 27.5, 'r2': 0.9327879077110395}, {'age_bin': '30-34', 'age_mid': 32.5, 'r2': 0.960597252867297}, {'age_bin': '35-39', 'age_mid': 37.5, 'r2': 0.9732843768351835}, {'age_bin': '40-44', 'age_mid': 42.5, 'r2': 0.9779349007304589}, {'age_bin': '45-49', 'age_mid': 47.5, 'r2': 0.9773759159177915}, {'age_bin': '50-54', 'age_mid': 52.5, 'r2': 0.9474784151710941}, {'age_bin': '55-59', 'age_mid': 57.5, 'r2': 0.9585345162506448}, {'age_bin': '60-64', 'age_mid': 62.5, 'r2': 0.9967706982589416}, {'age_bin': '65-69', 'age_mid': 67.5, 'r2': 0.977095571700447}, {'age_bin': '70-74', 'age_mid': 72.5, 'r2': None}, {'age_bin': '75-79', 'age_mid': 77.5, 'r2': None}, {'age_bin': '80-84', 'age_mid': 82.5, 'r2': None}]"
pcb44 lipid adjusted,PCB44 Lipid Adjusted (ng/g),0.9679081414285513,0.9269422075805943,0.9729036226593121,10,0.67945863019356,0.25642684582518127,1.0706027302321028,0.1655879522721955,"[{'age_bin': '20-24', 'age_mid': 22.5, 'r2': 0.9765114892190175}, {'age_bin': '25-29', 'age_mid': 27.5, 'r2': 0.956941444835204}, {'age_bin': '30-34', 'age_mid': 32.5, 'r2': 0.957091870457083}, {'age_bin': '35-39', 'age_mid': 37.5, 'r2': 0.9781583392217095}, {'age_bin': '40-44', 'age_mid': 42.5, 'r2': 0.9739883167253092}, {'age_bin': '45-49', 'age_mid': 47.5, 'r2': 0.971818928593315}, {'age_bin': '50-54', 'age_mid': 52.5, 'r2': 0.9668947077816071}, {'age_bin': '55-59', 'age_mid': 57.5, 'r2': 0.9269422075805943}, {'age_bin': '60-64', 'age_mid': 62.5, 'r2': 0.9927125435253379}, {'age_bin': '65-69', 'age_mid': 67.5, 'r2': 0.9780215663463357}, {'age_bin': '70-74', 'age_mid': 72.5, 'r2': None}, {'age_bin': '75-79', 'age_mid': 77.5, 'r2': None}, {'age_bin': '80-84', 'age_mid': 82.5, 'r2': None}]"
pcb49,PCB49 (ng/g),0.9709312885586604,0.9403447400867796,0.9726573780766767,10,0.002456923550224983,0.0006652043561321247,0.0044346704501306376,0.0005323028265684595,"[{'age_bin': '20-24', 'age_mid': 22.5, 'r2': 0.9683529272597934}, {'age_bin': '25-29', 'age_mid': 27.5, 'r2': 0.9599489779562848}, {'age_bin': '30-34', 'age_mid': 32.5, 'r2': 0.9577704003382493}, {'age_bin': '35-39', 'age_mid': 37.5, 'r2': 0.9774068258467693}, {'age_bin': '40-44', 'age_mid': 42.5, 'r2': 0.9755613235986751}, {'age_bin': '45-49', 'age_mid': 47.5, 'r2': 0.9697534325546783}, {'age_bin': '50-54', 'age_mid': 52.5, 'r2': 0.9823814782574989}, {'age_bin': '55-59', 'age_mid': 57.5, 'r2': 0.9403447400867796}, {'age_bin': '60-64', 'age_mid': 62.5, 'r2': 0.9852719431978506}, {'age_bin': '65-69', 'age_mid': 67.5, 'r2': 0.9925208364900233}, {'age_bin': '70-74', 'age_mid': 72.5, 'r2': None}, {'age_bin': '75-79', 'age_mid': 77.5, 'r2': None}, {'age_bin': '80-84', 'age_mid': 82.5, 'r2': None}]"
pcb49 lipid adjusted,PCB49 Lipid Adjusted (ng/g),0.9642754309987354,0.933059567242545,0.9679931934284447,10,0.43955574545013043,0.15828871435775607,0.6769190918583028,0.12612789385238382,"[{'age_bin': '20-24', 'age_mid': 22.5, 'r2': 0.9607570381687959}, {'age_bin': '25-29', 'age_mid': 27.5, 'r2': 0.9615110154004824}, {'age_bin': '30-34', 'age_mid': 32.5, 'r2': 0.9333118189360895}, {'age_bin': '35-39', 'age_mid': 37.5, 'r2': 0.974475371456407}, {'age_bin': '40-44', 'age_mid': 42.5, 'r2': 0.9804511573802938}, {'age_bin': '45-49', 'age_mid': 47.5, 'r2': 0.9852606176355075}, {'age_bin': '50-54', 'age_mid': 52.5, 'r2': 0.9545734129975896}, {'age_bin': '55-59', 'age_mid': 57.5, 'r2': 0.933059567242545}, {'age_bin': '60-64', 'age_mid': 62.5, 'r2': 0.978772114883491}, {'age_bin': '65-69', 'age_mid': 67.5, 'r2': 0.9805821958861514}, {'age_bin': '70-74', 'age_mid': 72.5, 'r2': None}, {'age_bin': '75-79', 'age_mid': 77.5, 'r2': None}, {'age_bin': '80-84', 'age_mid': 82.5, 'r2': None}]"
pcb52,PCB52 (ng/g),0.8904009517854199,0.8476050830515489,0.8831983047692582,13,0.007269168238534878,0.002239404831254231,0.014948201631395326,0.002457058284283339,"[{'age_bin': '20-24', 'age_mid': 22.5, 'r2': 0.8965350217332944}, {'age_bin': '25-29', 'age_mid': 27.5, 'r2': 0.8737806524720562}, {'age_bin': '30-34', 'age_mid': 32.5, 'r2': 0.8831983047692582}, {'age_bin': '35-39', 'age_mid': 37.5, 'r2': 0.8476050830515489}, {'age_bin': '40-44', 'age_mid': 42.5, 'r2': 0.9092575476552975}, {'age_bin': '45-49', 'age_mid': 47.5, 'r2': 0.8642892021687675}, {'age_bin': '50-54', 'age_mid': 52.5, 'r2': 0.8780380623082402}, {'age_bin': '55-59', 'age_mid': 57.5, 'r2': 0.8826455068874398}, {'age_bin': '60-64', 'age_mid': 62.5, 'r2': 0.8917657616516529}, {'age_bin': '65-69', 'age_mid': 67.5, 'r2': 0.9217626855987906}, {'age_bin': '70-74', 'age_mid': 72.5, 'r2': 0.8812470881871117}, {'age_bin': '75-79', 'age_mid': 77.5, 'r2': 0.9256399102175539}, {'age_bin': '80-84', 'age_mid': 82.5, 'r2': 0.919447546509447}]"
pcb52 lipid adj,PCB52 Lipid Adj (ng/g),0.9629103740157486,0.9271886832846513,0.9678966573945121,11,0.5282804008563761,0.15028429196597887,3.076747655479653,0.3962821426986177,"[{'age_bin': '20-24', 'age_mid': 22.5, 'r2': 0.9305932813847624}, {'age_bin': '25-29', 'age_mid': 27.5, 'r2': 0.9271886832846513}, {'age_bin': '30-34', 'age_mid': 32.5, 'r2': 0.9305848137717098}, {'age_bin': '35-39', 'age_mid': 37.5, 'r2': 0.9678966573945121}, {'age_bin': '40-44', 'age_mid': 42.5, 'r2': 0.9637419902112749}, {'age_bin': '45-49', 'age_mid': 47.5, 'r2': 0.9574753249477488}, {'age_bin': '50-54', 'age_mid': 52.5, 'r2': 0.9830544557717508}, {'age_bin': '55-59', 'age_mid': 57.5, 'r2': 0.9727976486247161}, {'age_bin': '60-64', 'age_mid': 62.5, 'r2': 0.9718821421465328}, {'age_bin': '65-69', 'age_mid': 67.5, 'r2': 0.9921227874187495}, {'age_bin': '70-74', 'age_mid': 72.5, 'r2': 0.994676329216827}, {'age_bin': '75-79', 'age_mid': 77.5, 'r2': None}, {'age_bin': '80-84', 'age_mid': 82.5, 'r2': None}]"
pcb52 lipid adjusted,PCB52 Lipid Adjusted (ng/g),0.9198361293743561,0.8445440340688568,0.9256048661929757,13,1.431717718064919,0.5152801050401893,2.1784623784354817,0.6165923681516243,"[{'age_bin': '20-24', 'age_mid': 22.5, 'r2': 0.9129125486854031}, {'age_bin': '25-29', 'age_mid': 27.5, 'r2': 0.9253080178940802}, {'age_bin': '30-34', 'age_mid': 32.5, 'r2': 0.9293578891015201}, {'age_bin': '35-39', 'age_mid': 37.5, 'r2': 0.8772855472051682}, {'age_bin': '40-44', 'age_mid': 42.5, 'r2': 0.9150623261945016}, {'age_bin': '45-49', 'age_mid': 47.5, 'r2': 0.9493219085530771}, {'age_bin': '50-54', 'age_mid': 52.5, 'r2': 0.9479497909207277}, {'age_bin': '55-59', 'age_mid': 57.5, 'r2': 0.9078918230733664}, {'age_bin': '60-64', 'age_mid': 62.5, 'r2': 0.941989744267532}, {'age_bin': '65-69', 'age_mid': 67.5, 'r2': 0.9256048661929757}, {'age_bin': '70-74', 'age_mid': 72.5, 'r2': 0.8445440340688568}, {'age_bin': '75-79', 'age_mid': 77.5, 'r2': 0.9367463998938221}, {'age_bin': '80-84', 'age_mid': 82.5, 'r2': 0.9438947858156004}]"
pcb66,PCB66 (ng/g),0.804919859912482,0.6918130122665571,0.8144262216288948,13,0.005500773413164307,0.001122197452914561,0.011955302547938022,0.002100021021481981,"[{'age_bin': '20-24', 'age_mid': 22.5, 'r2': 0.7063770414834218}, {'age_bin': '25-29', 'age_mid': 27.5, 'r2': 0.7270396471008032}, {'age_bin': '30-34', 'age_mid': 32.5, 'r2': 0.7326030580092084}, {'age_bin': '35-39', 'age_mid': 37.5, 'r2': 0.6918130122665571}, {'age_bin': '40-44', 'age_mid': 42.5, 'r2': 0.8170536760637708}, {'age_bin': '45-49', 'age_mid': 47.5, 'r2': 0.7911170509469094}, {'age_bin': '50-54', 'age_mid': 52.5, 'r2': 0.8385450808216917}, {'age_bin': '55-59', 'age_mid': 57.5, 'r2': 0.8144262216288948}, {'age_bin': '60-64', 'age_mid': 62.5, 'r2': 0.886452641155215}, {'age_bin': '65-69', 'age_mid': 67.5, 'r2': 0.8811957744394818}, {'age_bin': '70-74', 'age_mid': 72.5, 'r2': 0.8080760610365876}, {'age_bin': '75-79', 'age_mid': 77.5, 'r2': 0.822867612719593}, {'age_bin': '80-84', 'age_mid': 82.5, 'r2': 0.946391301190133}]"
pcb66 lipid adjusted,PCB66 Lipid Adjusted (ng/g),0.9164745991822016,0.8476921292231655,0.9323658276002564,13,1.034974324716584,0.3389291132353504,1.7006202833891102,0.32719894789955956,"[{'age_bin': '20-24', 'age_mid': 22.5, 'r2': 0.8665423348278204}, {'age_bin': '25-29', 'age_mid': 27.5, 'r2': 0.9012606807404946}, {'age_bin': '30-34', 'age_mid': 32.5, 'r2': 0.8674429860054129}, {'age_bin': '35-39', 'age_mid': 37.5, 'r2': 0.8476921292231655}, {'age_bin': '40-44', 'age_mid': 42.5, 'r2': 0.9418503599232643}, {'age_bin': '45-49', 'age_mid': 47.5, 'r2': 0.9543433192118468}, {'age_bin': '50-54', 'age_mid': 52.5, 'r2': 0.955888141709161}, {'age_bin': '55-59', 'age_mid': 57.5, 'r2': 0.9323658276002564}, {'age_bin': '60-64', 'age_mid': 62.5, 'r2': 0.9595055922794276}, {'age_bin': '65-69', 'age_mid': 67.5, 'r2': 0.9362080677026196}, {'age_bin': '70-74', 'age_mid': 72.5, 'r2': 0.905104551039225}, {'age_bin': '75-79', 'age_mid': 77.5, 'r2': 0.8772934819367245}, {'age_bin': '80-84', 'age_mid': 82.5, 'r2': 0.9686723171692032}]"
pcb74,PCB74 (ng/g),0.9306896635238945,0.8066769189246299,0.9627563699399073,13,0.020317563259382408,0.009659910903181142,0.013871503404123627,0.008007297050291835,"[{'age_bin': '20-24', 'age_mid': 22.5, 'r2': 0.8097325686796997}, {'age_bin': '25-29', 'age_mid': 27.5, 'r2': 0.8391675123233905}, {'age_bin': '30-34', 'age_mid': 32.5, 'r2': 0.8066769189246299}, {'age_bin': '35-39', 'age_mid': 37.5, 'r2': 0.8957155649696286}, {'age_bin': '40-44', 'age_mid': 42.5, 'r2': 0.9627563699399073}, {'age_bin': '45-49', 'age_mid': 47.5, 'r2': 0.9617535608544211}, {'age_bin': '50-54', 'age_mid': 52.5, 'r2': 0.9808164004421674}, {'age_bin': '55-59', 'age_mid': 57.5, 'r2': 0.9795530083124283}, {'age_bin': '60-64', 'age_mid': 62.5, 'r2': 0.9890749578322888}, {'age_bin': '65-69', 'age_mid': 67.5, 'r2': 0.9760344406311668}, {'age_bin': '70-74', 'age_mid': 72.5, 'r2': 0.9520453489671366}, {'age_bin': '75-79', 'age_mid': 77.5, 'r2': 0.9812153116789192}, {'age_bin': '80-84', 'age_mid': 82.5, 'r2': 0.9644236622548431}]"
pcb74 lipid adjusted,PCB74 Lipid Adjusted (ng/g),0.9581153452583344,0.8994751680893384,0.9633964690592898,13,3.1267922044614767,1.3018034376937233,2.416136061196102,0.73904374775391,"[{'age_bin': '20-24', 'age_mid': 22.5, 'r2': 0.8994751680893384}, {'age_bin': '25-29', 'age_mid': 27.5, 'r2': 0.9467904318947169}, {'age_bin': '30-34', 'age_mid': 32.5, 'r2': 0.9093556488538471}, {'age_bin': '35-39', 'age_mid': 37.5, 'r2': 0.9586733013564569}, {'age_bin': '40-44', 'age_mid': 42.5, 'r2': 0.947507804152053}, {'age_bin': '45-49', 'age_mid': 47.5, 'r2': 0.9633964690592898}, {'age_bin': '50-54', 'age_mid': 52.5, 'r2': 0.9855145727798724}, {'age_bin': '55-59', 'age_mid': 57.5, 'r2': 0.9573233533146679}, {'age_bin': '60-64', 'age_mid': 62.5, 'r2': 0.9855730925564471}, {'age_bin': '65-69', 'age_mid': 67.5, 'r2': 0.9802331842120541}, {'age_bin': '70-74', 'age_mid': 72.5, 'r2': 0.965988150876689}, {'age_bin': '75-79', 'age_mid': 77.5, 'r2': 0.9839675271267162}, {'age_bin': '80-84', 'age_mid': 82.5, 'r2': 0.9717007840861999}]"
pcb87,PCB87 (ng/g),0.6793067923249818,0.5855226673626788,0.6825505088323383,13,0.0038156331562026703,0.00130369157418332,0.006532942593890991,0.0014120268643927805,"[{'age_bin': '20-24', 'age_mid': 22.5, 'r2': 0.6471924941357812}, {'age_bin': '25-29', 'age_mid': 27.5, 'r2': 0.6825505088323383}, {'age_bin': '30-34', 'age_mid': 32.5, 'r2': 0.6994576080591861}, {'age_bin': '35-39', 'age_mid': 37.5, 'r2': 0.5855226673626788}, {'age_bin': '40-44', 'age_mid': 42.5, 'r2': 0.6823470214570078}, {'age_bin': '45-49', 'age_mid': 47.5, 'r2': 0.6822010749360855}, {'age_bin': '50-54', 'age_mid': 52.5, 'r2': 0.7370096207004793}, {'age_bin': '55-59', 'age_mid': 57.5, 'r2': 0.6424273713353388}, {'age_bin': '60-64', 'age_mid': 62.5, 'r2': 0.7286747546191747}, {'age_bin': '65-69', 'age_mid': 67.5, 'r2': 0.7039995013435929}, {'age_bin': '70-74', 'age_mid': 72.5, 'r2': 0.6031310200243563}, {'age_bin': '75-79', 'age_mid': 77.5, 'r2': 0.6950529206393568}, {'age_bin': '80-84', 'age_mid': 82.5, 'r2': 0.741421736779386}]"
pcb87 lipid adjusted,PCB87 Lipid Adjusted (ng/g),0.9067413029970889,0.8485873008705485,0.9202006030897152,13,0.7572072059326522,0.31815157968896246,0.8111893933856436,0.23370578453080448,"[{'age_bin': '20-24', 'age_mid': 22.5, 'r2': 0.8873193245921119}, {'age_bin': '25-29', 'age_mid': 27.5, 'r2': 0.922071967133127}, {'age_bin': '30-34', 'age_mid': 32.5, 'r2': 0.927592705484014}, {'age_bin': '35-39', 'age_mid': 37.5, 'r2': 0.8569503140215278}, {'age_bin': '40-44', 'age_mid': 42.5, 'r2': 0.9224510693312137}, {'age_bin': '45-49', 'age_mid': 47.5, 'r2': 0.9285713573883871}, {'age_bin': '50-54', 'age_mid': 52.5, 'r2': 0.941639760053061}, {'age_bin': '55-59', 'age_mid': 57.5, 'r2': 0.907687901566734}, {'age_bin': '60-64', 'age_mid': 62.5, 'r2': 0.9202006030897152}, {'age_bin': '65-69', 'age_mid': 67.5, 'r2': 0.9009243790207928}, {'age_bin': '70-74', 'age_mid': 72.5, 'r2': 0.8778061748151179}, {'age_bin': '75-79', 'age_mid': 77.5, 'r2': 0.8485873008705485}, {'age_bin': '80-84', 'age_mid': 82.5, 'r2': 0.9458340815958035}]"
pcb99,PCB99 (ng/g),0.8993408350838737,0.7992877501614231,0.902174729838757,13,0.016512803813326753,0.00680069539272002,0.005770478757881241,0.013983863652364623,"[{'age_bin': '20-24', 'age_mid': 22.5, 'r2': 0.7992877501614231}, {'age_bin': '25-29', 'age_mid': 27.5, 'r2': 0.8399576442957054}, {'age_bin': '30-34', 'age_mid': 32.5, 'r2': 0.806629393856094}, {'age_bin': '35-39', 'age_mid': 37.5, 'r2': 0.89997905056364}, {'age_bin': '40-44', 'age_mid': 42.5, 'r2': 0.902174729838757}, {'age_bin': '45-49', 'age_mid': 47.5, 'r2': 0.9145285761951278}, {'age_bin': '50-54', 'age_mid': 52.5, 'r2': 0.9640114263023005}, {'age_bin': '55-59', 'age_mid': 57.5, 'r2': 0.9782357982344009}, {'age_bin': '60-64', 'age_mid': 62.5, 'r2': 0.9285387151126272}, {'age_bin': '65-69', 'age_mid': 67.5, 'r2': 0.9701143015632872}, {'age_bin': '70-74', 'age_mid': 72.5, 'r2': 0.8807752590249206}, {'age_bin': '75-79', 'age_mid': 77.5, 'r2': 0.8844926303956434}, {'age_bin': '80-84', 'age_mid': 82.5, 'r2': 0.9227055805464329}]"
pcb99 lipid adjusted,PCB99 Lipid Adjusted (ng/g),0.9262644904769581,0.8853850334533275,0.932700180568833,13,2.58788228812664,0.8957970776345954,1.0716500653059542,1.9503900968051306,"[{'age_bin': '20-24', 'age_mid': 22.5, 'r2': 0.9012859278679413}, {'age_bin': '25-29', 'age_mid': 27.5, 'r2': 0.932700180568833}, {'age_bin': '30-34', 'age_mid': 32.5, 'r2': 0.9046025802209893}, {'age_bin': '35-39', 'age_mid': 37.5, 'r2': 0.9261278633548589}, {'age_bin': '40-44', 'age_mid': 42.5, 'r2': 0.8871159940442434}, {'age_bin': '45-49', 'age_mid': 47.5, 'r2': 0.9089321000236555}, {'age_bin': '50-54', 'age_mid': 52.5, 'r2': 0.9530974591110158}, {'age_bin': '55-59', 'age_mid': 57.5, 'r2': 0.9679536416867952}, {'age_bin': '60-64', 'age_mid': 62.5, 'r2': 0.9358915800185181}, {'age_bin': '65-69', 'age_mid': 67.5, 'r2': 0.9699135149030045}, {'age_bin': '70-74', 'age_mid': 72.5, 'r2': 0.9330547307886616}, {'age_bin': '75-79', 'age_mid': 77.5, 'r2': 0.8853850334533275}, {'age_bin': '80-84', 'age_mid': 82.5, 'r2': 0.9353777701586116}]"
palmitic acid 16 0,Palmitic acid (16:0) (umol/L),0.9731743474686059,0.9547315019723414,0.973674343522249,13,427.1978164421411,151.43975146530454,1901.6077041947258,37.99642704058988,"[{'age_bin': '20-24', 'age_mid': 22.5, 'r2': 0.955843265505371}, {'age_bin': '25-29', 'age_mid': 27.5, 'r2': 0.9666044600636481}, {'age_bin': '30-34', 'age_mid': 32.5, 'r2': 0.9609753693849855}, {'age_bin': '35-39', 'age_mid': 37.5, 'r2': 0.9636990782742967}, {'age_bin': '40-44', 'age_mid': 42.5, 'r2': 0.9592551729080802}, {'age_bin': '45-49', 'age_mid': 47.5, 'r2': 0.9547315019723414}, {'age_bin': '50-54', 'age_mid': 52.5, 'r2': 0.973674343522249}, {'age_bin': '55-59', 'age_mid': 57.5, 'r2': 0.9796192151990953}, {'age_bin': '60-64', 'age_mid': 62.5, 'r2': 0.9913163701528382}, {'age_bin': '65-69', 'age_mid': 67.5, 'r2': 0.9782140020838337}, {'age_bin': '70-74', 'age_mid': 72.5, 'r2': 0.986312366539425}, {'age_bin': '75-79', 'age_mid': 77.5, 'r2': 0.9877616364561665}, {'age_bin': '80-84', 'age_mid': 82.5, 'r2': 0.9932597350295485}]"
palmitic acid,Palmitic acid (micromol/L),0.9663349978374774,0.9353784980969496,0.9674285463312331,13,387.74772177171366,137.25831789989613,1975.7092117311136,136.26722427270846,"[{'age_bin': '20-24', 'age_mid': 22.5, 'r2': 0.9674285463312331}, {'age_bin': '25-29', 'age_mid': 27.5, 'r2': 0.9635213623809652}, {'age_bin': '30-34', 'age_mid': 32.5, 'r2': 0.960001848044468}, {'age_bin': '35-39', 'age_mid': 37.5, 'r2': 0.9365517949486054}, {'age_bin': '40-44', 'age_mid': 42.5, 'r2': 0.9353784980969496}, {'age_bin': '45-49', 'age_mid': 47.5, 'r2': 0.980638589562526}, {'age_bin': '50-54', 'age_mid': 52.5, 'r2': 0.9736543923325883}, {'age_bin': '55-59', 'age_mid': 57.5, 'r2': 0.9673027856135535}, {'age_bin': '60-64', 'age_mid': 62.5, 'r2': 0.9930572253513739}, {'age_bin': '65-69', 'age_mid': 67.5, 'r2': 0.9498754728316303}, {'age_bin': '70-74', 'age_mid': 72.5, 'r2': 0.9686014896287622}, {'age_bin': '75-79', 'age_mid': 77.5, 'r2': 0.9761222010179885}, {'age_bin': '80-84', 'age_mid': 82.5, 'r2': 0.9902207657465618}]"
palmitoleic acid 16 1n-7,Palmitoleic acid (16:1n-7) (umol/L),0.9660638641502768,0.9422978441753057,0.9671407426073666,13,68.11942858079995,22.016645456985987,85.089016436932,8.489490729241933,"[{'age_bin': '20-24', 'age_mid': 22.5, 'r2': 0.9712701977163666}, {'age_bin': '25-29', 'age_mid': 27.5, 'r2': 0.9741811037357794}, {'age_bin': '30-34', 'age_mid': 32.5, 'r2': 0.9422978441753057}, {'age_bin': '35-39', 'age_mid': 37.5, 'r2': 0.9671407426073666}, {'age_bin': '40-44', 'age_mid': 42.5, 'r2': 0.9726485100539946}, {'age_bin': '45-49', 'age_mid': 47.5, 'r2': 0.9544886090464081}, {'age_bin': '50-54', 'age_mid': 52.5, 'r2': 0.9442892515137631}, {'age_bin': '55-59', 'age_mid': 57.5, 'r2': 0.9608947141243953}, {'age_bin': '60-64', 'age_mid': 62.5, 'r2': 0.9737856189910301}, {'age_bin': '65-69', 'age_mid': 67.5, 'r2': 0.9670089758354655}, {'age_bin': '70-74', 'age_mid': 72.5, 'r2': 0.9503566754574551}, {'age_bin': '75-79', 'age_mid': 77.5, 'r2': 0.991604995712745}, {'age_bin': '80-84', 'age_mid': 82.5, 'r2': 0.988862994983524}]"
palmitoleic acid,Palmitoleic acid (micromol/L),0.9523928537763233,0.912097002982638,0.952625370393753,13,65.83719176571819,20.407944398290816,100.26333642460625,9.72709836222612,"[{'age_bin': '20-24', 'age_mid': 22.5, 'r2': 0.952625370393753}, {'age_bin': '25-29', 'age_mid': 27.5, 'r2': 0.957191441784536}, {'age_bin': '30-34', 'age_mid': 32.5, 'r2': 0.9290337074156794}, {'age_bin': '35-39', 'age_mid': 37.5, 'r2': 0.968663906214415}, {'age_bin': '40-44', 'age_mid': 42.5, 'r2': 0.912097002982638}, {'age_bin': '45-49', 'age_mid': 47.5, 'r2': 0.9838200208072275}, {'age_bin': '50-54', 'age_mid': 52.5, 'r2': 0.9619452553748976}, {'age_bin': '55-59', 'age_mid': 57.5, 'r2': 0.9305455134845133}, {'age_bin': '60-64', 'age_mid': 62.5, 'r2': 0.9907874804874143}, {'age_bin': '65-69', 'age_mid': 67.5, 'r2': 0.9456747003001011}, {'age_bin': '70-74', 'age_mid': 72.5, 'r2': 0.949099668536923}, {'age_bin': '75-79', 'age_mid': 77.5, 'r2': 0.9661616663087234}, {'age_bin': '80-84', 'age_mid': 82.5, 'r2': 0.9334613650013834}]"
parathyroid hormone elecys method,Parathyroid Hormone(Elecys method) (pg/mL),0.9764264164627938,0.9564669639615143,0.9789006638881437,13,8.940247000384066,2.1343770805342954,24.70972596213504,1.3669412250496913,"[{'age_bin': '20-24', 'age_mid': 22.5, 'r2': 0.9564669639615143}, {'age_bin': '25-29', 'age_mid': 27.5, 'r2': 0.960169536810695}, {'age_bin': '30-34', 'age_mid': 32.5, 'r2': 0.9592052303900346}, {'age_bin': '35-39', 'age_mid': 37.5, 'r2': 0.9789006638881437}, {'age_bin': '40-44', 'age_mid': 42.5, 'r2': 0.980241008679124}, {'age_bin': '45-49', 'age_mid': 47.5, 'r2': 0.9809307767344436}, {'age_bin': '50-54', 'age_mid': 52.5, 'r2': 0.9828563225010682}, {'age_bin': '55-59', 'age_mid': 57.5, 'r2': 0.9947977997602204}, {'age_bin': '60-64', 'age_mid': 62.5, 'r2': 0.9771467214663901}, {'age_bin': '65-69', 'age_mid': 67.5, 'r2': 0.9909142893622525}, {'age_bin': '70-74', 'age_mid': 72.5, 'r2': 0.9906847240939589}, {'age_bin': '75-79', 'age_mid': 77.5, 'r2': 0.9733271254934449}, {'age_bin': '80-84', 'age_mid': 82.5, 'r2': 0.9679022508750293}]"
pefluorodecanoic acid,Pefluorodecanoic acid (ng/mL),0.8968845402957518,0.8352991426495142,0.9062700615712206,13,0.1113929747409868,0.02304070708934387,0.04437116822646726,0.05517013880885719,"[{'age_bin': '20-24', 'age_mid': 22.5, 'r2': 0.9170783415018179}, {'age_bin': '25-29', 'age_mid': 27.5, 'r2': 0.9083404854404756}, {'age_bin': '30-34', 'age_mid': 32.5, 'r2': 0.9153805203787094}, {'age_bin': '35-39', 'age_mid': 37.5, 'r2': 0.9184496446614576}, {'age_bin': '40-44', 'age_mid': 42.5, 'r2': 0.8970080327320324}, {'age_bin': '45-49', 'age_mid': 47.5, 'r2': 0.9062700615712206}, {'age_bin': '50-54', 'age_mid': 52.5, 'r2': 0.9278430935143065}, {'age_bin': '55-59', 'age_mid': 57.5, 'r2': 0.8954439066296969}, {'age_bin': '60-64', 'age_mid': 62.5, 'r2': 0.8352991426495142}, {'age_bin': '65-69', 'age_mid': 67.5, 'r2': 0.8925263278799782}, {'age_bin': '70-74', 'age_mid': 72.5, 'r2': 0.8411047131937337}, {'age_bin': '75-79', 'age_mid': 77.5, 'r2': 0.9108855106176548}, {'age_bin': '80-84', 'age_mid': 82.5, 'r2': 0.8938692430741765}]"
pentadecanoic acid c15 0,Pentadecanoic acid (C15:0) (ï¿½mol/L),0.9751674647478434,0.9583761345184957,0.9690095521963441,13,4.64156936672022,1.3243564104365544,12.878975591266483,1.1857712158373042,"[{'age_bin': '20-24', 'age_mid': 22.5, 'r2': 0.9644942118129884}, {'age_bin': '25-29', 'age_mid': 27.5, 'r2': 0.9591455271787453}, {'age_bin': '30-34', 'age_mid': 32.5, 'r2': 0.9583761345184957}, {'age_bin': '35-39', 'age_mid': 37.5, 'r2': 0.9638080811173079}, {'age_bin': '40-44', 'age_mid': 42.5, 'r2': 0.9690095521963441}, {'age_bin': '45-49', 'age_mid': 47.5, 'r2': 0.9834889072210603}, {'age_bin': '50-54', 'age_mid': 52.5, 'r2': 0.9667210897957863}, {'age_bin': '55-59', 'age_mid': 57.5, 'r2': 0.97830977061332}, {'age_bin': '60-64', 'age_mid': 62.5, 'r2': 0.996090501738179}, {'age_bin': '65-69', 'age_mid': 67.5, 'r2': 0.9910891328708538}, {'age_bin': '70-74', 'age_mid': 72.5, 'r2': 0.9935163361870575}, {'age_bin': '75-79', 'age_mid': 77.5, 'r2': 0.9656874999830135}, {'age_bin': '80-84', 'age_mid': 82.5, 'r2': 0.9874402964888117}]"
pentanaldehyde,Pentanaldehyde (ng/mL),0.7455003015991074,0.28267755089011204,0.782187879669665,13,0.05812678790842904,0.024336323748994745,0.16779337217177495,0.02652238033548129,"[{'age_bin': '20-24', 'age_mid': 22.5, 'r2': 0.8373739706493782}, {'age_bin': '25-29', 'age_mid': 27.5, 'r2': 0.8527699715877954}, {'age_bin': '30-34', 'age_mid': 32.5, 'r2': 0.8372848588271451}, {'age_bin': '35-39', 'age_mid': 37.5, 'r2': 0.860887952233918}, {'age_bin': '40-44', 'age_mid': 42.5, 'r2': 0.8003056668636267}, {'age_bin': '45-49', 'age_mid': 47.5, 'r2': 0.782187879669665}, {'age_bin': '50-54', 'age_mid': 52.5, 'r2': 0.7771315291708192}, {'age_bin': '55-59', 'age_mid': 57.5, 'r2': 0.8233632400443359}, {'age_bin': '60-64', 'age_mid': 62.5, 'r2': 0.7619726812414747}, {'age_bin': '65-69', 'age_mid': 67.5, 'r2': 0.7760682253145021}, {'age_bin': '70-74', 'age_mid': 72.5, 'r2': 0.6510519184518258}, {'age_bin': '75-79', 'age_mid': 77.5, 'r2': 0.28267755089011204}, {'age_bin': '80-84', 'age_mid': 82.5, 'r2': 0.6484284758437976}]"
percent glycated albumin%,Percent glycated albumin%,0.9666995845917713,0.9234660741465739,0.9700590042525497,13,0.7704821056945812,0.17246952090356996,11.617983796123912,0.1523401553924939,"[{'age_bin': '20-24', 'age_mid': 22.5, 'r2': 0.9234660741465739}, {'age_bin': '25-29', 'age_mid': 27.5, 'r2': 0.9463638121007341}, {'age_bin': '30-34', 'age_mid': 32.5, 'r2': 0.9562333255880464}, {'age_bin': '35-39', 'age_mid': 37.5, 'r2': 0.9739497329572544}, {'age_bin': '40-44', 'age_mid': 42.5, 'r2': 0.9700590042525497}, {'age_bin': '45-49', 'age_mid': 47.5, 'r2': 0.9666454563146705}, {'age_bin': '50-54', 'age_mid': 52.5, 'r2': 0.9478010325781593}, {'age_bin': '55-59', 'age_mid': 57.5, 'r2': 0.9711827778554548}, {'age_bin': '60-64', 'age_mid': 62.5, 'r2': 0.9883546318325832}, {'age_bin': '65-69', 'age_mid': 67.5, 'r2': 0.9897142860878394}, {'age_bin': '70-74', 'age_mid': 72.5, 'r2': 0.9798224674849133}, {'age_bin': '75-79', 'age_mid': 77.5, 'r2': 0.9648289860287285}, {'age_bin': '80-84', 'age_mid': 82.5, 'r2': 0.9886730124655213}]"
perchlorate water,"Perchlorate, water (ng/mL)",0.8308272469112746,0.7772267808561848,0.8310759297916979,12,0.31191121845017683,0.09219011230413927,0.3589841302532053,0.11244145165107153,"[{'age_bin': '20-24', 'age_mid': 22.5, 'r2': 0.8048815281850992}, {'age_bin': '25-29', 'age_mid': 27.5, 'r2': 0.7772267808561848}, {'age_bin': '30-34', 'age_mid': 32.5, 'r2': 0.7854480936724602}, {'age_bin': '35-39', 'age_mid': 37.5, 'r2': 0.8477268546740887}, {'age_bin': '40-44', 'age_mid': 42.5, 'r2': 0.8814679651040643}, {'age_bin': '45-49', 'age_mid': 47.5, 'r2': 0.8718926429929926}, {'age_bin': '50-54', 'age_mid': 52.5, 'r2': 0.8739177781887328}, {'age_bin': '55-59', 'age_mid': 57.5, 'r2': 0.8329601443281125}, {'age_bin': '60-64', 'age_mid': 62.5, 'r2': 0.8703323031935719}, {'age_bin': '65-69', 'age_mid': 67.5, 'r2': 0.7847300045075636}, {'age_bin': '70-74', 'age_mid': 72.5, 'r2': 0.8291917152552833}, {'age_bin': '75-79', 'age_mid': 77.5, 'r2': None}, {'age_bin': '80-84', 'age_mid': 82.5, 'r2': 0.8101511519771407}]"
perfluoro-1-heptanesulfonate,Perfluoro-1-heptanesulfonate,0.8463307931579611,0.5769035681160521,0.9365162209683503,11,0.12244819890633439,0.042152055813612,0.035676915784885445,0.058429952602652095,"[{'age_bin': '20-24', 'age_mid': 22.5, 'r2': 0.9184724955786264}, {'age_bin': '25-29', 'age_mid': 27.5, 'r2': 0.9365162209683503}, {'age_bin': '30-34', 'age_mid': 32.5, 'r2': 0.6190504462959352}, {'age_bin': '35-39', 'age_mid': 37.5, 'r2': 0.5769035681160521}, {'age_bin': '40-44', 'age_mid': 42.5, 'r2': 0.954054143410893}, {'age_bin': '45-49', 'age_mid': 47.5, 'r2': 0.7978927662628577}, {'age_bin': '50-54', 'age_mid': 52.5, 'r2': 0.6485420279500117}, {'age_bin': '55-59', 'age_mid': 57.5, 'r2': 0.9616712647411878}, {'age_bin': '60-64', 'age_mid': 62.5, 'r2': 0.9807805812804445}, {'age_bin': '65-69', 'age_mid': 67.5, 'r2': 0.9745779103838419}, {'age_bin': '70-74', 'age_mid': 72.5, 'r2': 0.9411772997493713}, {'age_bin': '75-79', 'age_mid': 77.5, 'r2': None}, {'age_bin': '80-84', 'age_mid': 82.5, 'r2': None}]"
perfluorodecanoic acid,Perfluorodecanoic acid,0.8587148934373269,0.6795210377075669,0.8971077969255425,11,0.17504961269461522,0.0318091299983668,0.08016521328977436,0.04587827557523475,"[{'age_bin': '20-24', 'age_mid': 22.5, 'r2': 0.8530488438051682}, {'age_bin': '25-29', 'age_mid': 27.5, 'r2': 0.9178023791034717}, {'age_bin': '30-34', 'age_mid': 32.5, 'r2': 0.9019736368002887}, {'age_bin': '35-39', 'age_mid': 37.5, 'r2': 0.6795210377075669}, {'age_bin': '40-44', 'age_mid': 42.5, 'r2': 0.9216055219071216}, {'age_bin': '45-49', 'age_mid': 47.5, 'r2': 0.696942828617543}, {'age_bin': '50-54', 'age_mid': 52.5, 'r2': 0.9094184684848642}, {'age_bin': '55-59', 'age_mid': 57.5, 'r2': 0.8718823395218832}, {'age_bin': '60-64', 'age_mid': 62.5, 'r2': 0.83680346157136}, {'age_bin': '65-69', 'age_mid': 67.5, 'r2': 0.8971077969255425}, {'age_bin': '70-74', 'age_mid': 72.5, 'r2': 0.9597575133657866}, {'age_bin': '75-79', 'age_mid': 77.5, 'r2': None}, {'age_bin': '80-84', 'age_mid': 82.5, 'r2': None}]"
perfluorodecanoic acid pfdea,Perfluorodecanoic acid (PFDeA) (ng/mL),0.8522267889698063,0.7976619071974353,0.845084215573037,13,0.0972553993020845,0.02237154876084775,0.008234400377592632,0.04074517361249174,"[{'age_bin': '20-24', 'age_mid': 22.5, 'r2': 0.8705597410174312}, {'age_bin': '25-29', 'age_mid': 27.5, 'r2': 0.9011643065098783}, {'age_bin': '30-34', 'age_mid': 32.5, 'r2': 0.9086742466356985}, {'age_bin': '35-39', 'age_mid': 37.5, 'r2': 0.8373254586442904}, {'age_bin': '40-44', 'age_mid': 42.5, 'r2': 0.8782334485373178}, {'age_bin': '45-49', 'age_mid': 47.5, 'r2': 0.8336195809477978}, {'age_bin': '50-54', 'age_mid': 52.5, 'r2': 0.845084215573037}, {'age_bin': '55-59', 'age_mid': 57.5, 'r2': 0.8220200747246533}, {'age_bin': '60-64', 'age_mid': 62.5, 'r2': 0.822873142770869}, {'age_bin': '65-69', 'age_mid': 67.5, 'r2': 0.8238770626782106}, {'age_bin': '70-74', 'age_mid': 72.5, 'r2': 0.7976619071974353}, {'age_bin': '75-79', 'age_mid': 77.5, 'r2': 0.8606156928435561}, {'age_bin': '80-84', 'age_mid': 82.5, 'r2': 0.8772393785273075}]"
perfluoroheptanoic acid,Perfluoroheptanoic acid (ng/mL),0.8214264183084476,0.7727125070670836,0.8191182128159138,13,0.04793363778169047,0.015638365484555185,0.08166381914502766,0.020186150976310966,"[{'age_bin': '20-24', 'age_mid': 22.5, 'r2': 0.820843118328533}, {'age_bin': '25-29', 'age_mid': 27.5, 'r2': 0.7880126746172434}, {'age_bin': '30-34', 'age_mid': 32.5, 'r2': 0.83427407922262}, {'age_bin': '35-39', 'age_mid': 37.5, 'r2': 0.8576874428604259}, {'age_bin': '40-44', 'age_mid': 42.5, 'r2': 0.7727125070670836}, {'age_bin': '45-49', 'age_mid': 47.5, 'r2': 0.8033805642106656}, {'age_bin': '50-54', 'age_mid': 52.5, 'r2': 0.8191182128159138}, {'age_bin': '55-59', 'age_mid': 57.5, 'r2': 0.8611150916296821}, {'age_bin': '60-64', 'age_mid': 62.5, 'r2': 0.8381777160352671}, {'age_bin': '65-69', 'age_mid': 67.5, 'r2': 0.7827924640061399}, {'age_bin': '70-74', 'age_mid': 72.5, 'r2': 0.8168712395512396}, {'age_bin': '75-79', 'age_mid': 77.5, 'r2': 0.8092446257329438}, {'age_bin': '80-84', 'age_mid': 82.5, 'r2': 0.8743137019320609}]"
perfluorohexane sulfonic acid pfhxs,Perfluorohexane sulfonic acid (PFHxS) (ng/mL),0.9395686386384349,0.8478593981856413,0.9519661615689244,13,0.5570267668043619,0.13595210643854327,0.21348046880587407,0.0707998130780886,"[{'age_bin': '20-24', 'age_mid': 22.5, 'r2': 0.8478593981856413}, {'age_bin': '25-29', 'age_mid': 27.5, 'r2': 0.8679634529957727}, {'age_bin': '30-34', 'age_mid': 32.5, 'r2': 0.9629890714473458}, {'age_bin': '35-39', 'age_mid': 37.5, 'r2': 0.9519661615689244}, {'age_bin': '40-44', 'age_mid': 42.5, 'r2': 0.9352320732823709}, {'age_bin': '45-49', 'age_mid': 47.5, 'r2': 0.9573213134580082}, {'age_bin': '50-54', 'age_mid': 52.5, 'r2': 0.9808824580022338}, {'age_bin': '55-59', 'age_mid': 57.5, 'r2': 0.9786498798644577}, {'age_bin': '60-64', 'age_mid': 62.5, 'r2': 0.9608170393520905}, {'age_bin': '65-69', 'age_mid': 67.5, 'r2': 0.9308965119167244}, {'age_bin': '70-74', 'age_mid': 72.5, 'r2': 0.9576369038497998}, {'age_bin': '75-79', 'age_mid': 77.5, 'r2': 0.9327597502512173}, {'age_bin': '80-84', 'age_mid': 82.5, 'r2': 0.9494182881250678}]"
perfluorohexane sulfonic acid,Perfluorohexane sulfonic acid (ng/mL),0.9294199291991365,0.8886416777065229,0.9389326601988371,13,0.8699286171887732,0.2542383186646044,0.1956427827713303,0.21855259820672918,"[{'age_bin': '20-24', 'age_mid': 22.5, 'r2': 0.9026150805043536}, {'age_bin': '25-29', 'age_mid': 27.5, 'r2': 0.9065020471353848}, {'age_bin': '30-34', 'age_mid': 32.5, 'r2': 0.9754755232882972}, {'age_bin': '35-39', 'age_mid': 37.5, 'r2': 0.9409153664076966}, {'age_bin': '40-44', 'age_mid': 42.5, 'r2': 0.9345809543349217}, {'age_bin': '45-49', 'age_mid': 47.5, 'r2': 0.9517662684162098}, {'age_bin': '50-54', 'age_mid': 52.5, 'r2': 0.9687906127316854}, {'age_bin': '55-59', 'age_mid': 57.5, 'r2': 0.9428174090200026}, {'age_bin': '60-64', 'age_mid': 62.5, 'r2': 0.8886416777065229}, {'age_bin': '65-69', 'age_mid': 67.5, 'r2': 0.9485062365893412}, {'age_bin': '70-74', 'age_mid': 72.5, 'r2': 0.9389326601988371}, {'age_bin': '75-79', 'age_mid': 77.5, 'r2': 0.8906130768014991}, {'age_bin': '80-84', 'age_mid': 82.5, 'r2': 0.8923021664540209}]"
perfluorohexanoic acid,Perfluorohexanoic acid (ng/mL),0.5774469162576648,0.4622898186286363,0.5718435976176295,12,0.04596467511282646,0.015581330770736321,0.015687368827224824,0.021850494128276627,"[{'age_bin': '20-24', 'age_mid': 22.5, 'r2': 0.5792043115344361}, {'age_bin': '25-29', 'age_mid': 27.5, 'r2': 0.6890409309455858}, {'age_bin': '30-34', 'age_mid': 32.5, 'r2': 0.5561313102688499}, {'age_bin': '35-39', 'age_mid': 37.5, 'r2': 0.4934508112025282}, {'age_bin': '40-44', 'age_mid': 42.5, 'r2': 0.590871482507022}, {'age_bin': '45-49', 'age_mid': 47.5, 'r2': 0.5456928412315167}, {'age_bin': '50-54', 'age_mid': 52.5, 'r2': 0.4622898186286363}, {'age_bin': '55-59', 'age_mid': 57.5, 'r2': 0.6589713918935642}, {'age_bin': '60-64', 'age_mid': 62.5, 'r2': 0.4828995336459194}, {'age_bin': '65-69', 'age_mid': 67.5, 'r2': 0.6553667134404897}, {'age_bin': '70-74', 'age_mid': 72.5, 'r2': 0.5644828837008229}, {'age_bin': '75-79', 'age_mid': 77.5, 'r2': None}, {'age_bin': '80-84', 'age_mid': 82.5, 'r2': 0.650960966092606}]"
perfluoromethylheptane sulfonic acid isomers sm-pfos,Perfluoromethylheptane sulfonic acid isomers (Sm-PFOS) (ng/mL),0.9726687619386017,0.9446024811084601,0.9771961423917958,13,0.6210176304808871,0.07000395863349407,0.2796314517195327,0.13386172968860535,"[{'age_bin': '20-24', 'age_mid': 22.5, 'r2': 0.9689918198714692}, {'age_bin': '25-29', 'age_mid': 27.5, 'r2': 0.977007931392164}, {'age_bin': '30-34', 'age_mid': 32.5, 'r2': 0.9446024811084601}, {'age_bin': '35-39', 'age_mid': 37.5, 'r2': 0.9823590511667752}, {'age_bin': '40-44', 'age_mid': 42.5, 'r2': 0.9555005285014566}, {'age_bin': '45-49', 'age_mid': 47.5, 'r2': 0.9863070150316505}, {'age_bin': '50-54', 'age_mid': 52.5, 'r2': 0.9771961423917958}, {'age_bin': '55-59', 'age_mid': 57.5, 'r2': 0.9663221355349436}, {'age_bin': '60-64', 'age_mid': 62.5, 'r2': 0.9776211764865571}, {'age_bin': '65-69', 'age_mid': 67.5, 'r2': 0.98260293103106}, {'age_bin': '70-74', 'age_mid': 72.5, 'r2': 0.979728557641178}, {'age_bin': '75-79', 'age_mid': 77.5, 'r2': 0.9569109764679394}, {'age_bin': '80-84', 'age_mid': 82.5, 'r2': 0.9895431585763728}]"
perfluorononanoic acid pfna,Perfluorononanoic acid (PFNA) (ng/mL),0.9491529769845536,0.8858850304104531,0.950539089641799,13,0.22023456255417242,0.03736591186423129,0.12317690549323698,0.04345292854412313,"[{'age_bin': '20-24', 'age_mid': 22.5, 'r2': 0.950539089641799}, {'age_bin': '25-29', 'age_mid': 27.5, 'r2': 0.9464910723176548}, {'age_bin': '30-34', 'age_mid': 32.5, 'r2': 0.9638322046067193}, {'age_bin': '35-39', 'age_mid': 37.5, 'r2': 0.9453924308128446}, {'age_bin': '40-44', 'age_mid': 42.5, 'r2': 0.96418066847915}, {'age_bin': '45-49', 'age_mid': 47.5, 'r2': 0.9679606140965462}, {'age_bin': '50-54', 'age_mid': 52.5, 'r2': 0.8858850304104531}, {'age_bin': '55-59', 'age_mid': 57.5, 'r2': 0.9473309745873129}, {'age_bin': '60-64', 'age_mid': 62.5, 'r2': 0.8984913181113076}, {'age_bin': '65-69', 'age_mid': 67.5, 'r2': 0.9406106326615847}, {'age_bin': '70-74', 'age_mid': 72.5, 'r2': 0.9754710513822964}, {'age_bin': '75-79', 'age_mid': 77.5, 'r2': 0.9613504237738617}, {'age_bin': '80-84', 'age_mid': 82.5, 'r2': 0.9914531899176655}]"
perfluorononanoic acid,Perfluorononanoic acid (ng/mL),0.946712587895931,0.9014517620346637,0.9544054957500812,13,0.38393048683346015,0.08153779065673454,0.3318343419858168,0.15455687846273775,"[{'age_bin': '20-24', 'age_mid': 22.5, 'r2': 0.9552895947372597}, {'age_bin': '25-29', 'age_mid': 27.5, 'r2': 0.9566545534423334}, {'age_bin': '30-34', 'age_mid': 32.5, 'r2': 0.9636301462414129}, {'age_bin': '35-39', 'age_mid': 37.5, 'r2': 0.974765796666912}, {'age_bin': '40-44', 'age_mid': 42.5, 'r2': 0.9544054957500812}, {'age_bin': '45-49', 'age_mid': 47.5, 'r2': 0.9294387204266553}, {'age_bin': '50-54', 'age_mid': 52.5, 'r2': 0.9553178055366357}, {'age_bin': '55-59', 'age_mid': 57.5, 'r2': 0.9628843843960463}, {'age_bin': '60-64', 'age_mid': 62.5, 'r2': 0.9014517620346637}, {'age_bin': '65-69', 'age_mid': 67.5, 'r2': 0.9391407666444593}, {'age_bin': '70-74', 'age_mid': 72.5, 'r2': 0.9289424940346678}, {'age_bin': '75-79', 'age_mid': 77.5, 'r2': 0.9360425697201548}, {'age_bin': '80-84', 'age_mid': 82.5, 'r2': 0.9492995530158224}]"
perfluorooctane sulfonic acid,Perfluorooctane sulfonic acid,0.9734669159371975,0.9590771231601447,0.9712676018916775,13,5.769154719766885,0.9969211624781884,2.9845662292111705,1.0019172438750603,"[{'age_bin': '20-24', 'age_mid': 22.5, 'r2': 0.9728229944549923}, {'age_bin': '25-29', 'age_mid': 27.5, 'r2': 0.9709872977202076}, {'age_bin': '30-34', 'age_mid': 32.5, 'r2': 0.9815729834985111}, {'age_bin': '35-39', 'age_mid': 37.5, 'r2': 0.9712676018916775}, {'age_bin': '40-44', 'age_mid': 42.5, 'r2': 0.962691771962805}, {'age_bin': '45-49', 'age_mid': 47.5, 'r2': 0.9701063456069511}, {'age_bin': '50-54', 'age_mid': 52.5, 'r2': 0.990777906242966}, {'age_bin': '55-59', 'age_mid': 57.5, 'r2': 0.9668513625236349}, {'age_bin': '60-64', 'age_mid': 62.5, 'r2': 0.9590771231601447}, {'age_bin': '65-69', 'age_mid': 67.5, 'r2': 0.9690182453927105}, {'age_bin': '70-74', 'age_mid': 72.5, 'r2': 0.9751563981733649}, {'age_bin': '75-79', 'age_mid': 77.5, 'r2': 0.9785352541314538}, {'age_bin': '80-84', 'age_mid': 82.5, 'r2': 0.986204622424147}]"
perfluorooctanoic acid,Perfluorooctanoic acid,0.9771586586438608,0.9546876719484626,0.9770838258269342,13,1.1533030722109199,0.3093292065087898,1.3072612232308671,0.29005508043404615,"[{'age_bin': '20-24', 'age_mid': 22.5, 'r2': 0.9669254701034918}, {'age_bin': '25-29', 'age_mid': 27.5, 'r2': 0.9737925759601275}, {'age_bin': '30-34', 'age_mid': 32.5, 'r2': 0.9782722620827566}, {'age_bin': '35-39', 'age_mid': 37.5, 'r2': 0.9743063902962602}, {'age_bin': '40-44', 'age_mid': 42.5, 'r2': 0.985595460822121}, {'age_bin': '45-49', 'age_mid': 47.5, 'r2': 0.9765503309413751}, {'age_bin': '50-54', 'age_mid': 52.5, 'r2': 0.9932261382545724}, {'age_bin': '55-59', 'age_mid': 57.5, 'r2': 0.983020214806225}, {'age_bin': '60-64', 'age_mid': 62.5, 'r2': 0.9770838258269342}, {'age_bin': '65-69', 'age_mid': 67.5, 'r2': 0.9683087759986551}, {'age_bin': '70-74', 'age_mid': 72.5, 'r2': 0.9546876719484626}, {'age_bin': '75-79', 'age_mid': 77.5, 'r2': 0.9907880617388584}, {'age_bin': '80-84', 'age_mid': 82.5, 'r2': 0.9805053835903499}]"
perfluoroundecanoic acid pfua,Perfluoroundecanoic acid (PFUA) (ng/mL),0.8043010514996051,0.7519430014657149,0.8147890136020971,13,0.06479765894577805,0.01900677182583448,0.007199298352264151,0.03102990802245824,"[{'age_bin': '20-24', 'age_mid': 22.5, 'r2': 0.832025804702929}, {'age_bin': '25-29', 'age_mid': 27.5, 'r2': 0.7566121582719834}, {'age_bin': '30-34', 'age_mid': 32.5, 'r2': 0.8232592976361481}, {'age_bin': '35-39', 'age_mid': 37.5, 'r2': 0.7854164696534474}, {'age_bin': '40-44', 'age_mid': 42.5, 'r2': 0.8364873341900398}, {'age_bin': '45-49', 'age_mid': 47.5, 'r2': 0.7519430014657149}, {'age_bin': '50-54', 'age_mid': 52.5, 'r2': 0.8147890136020971}, {'age_bin': '55-59', 'age_mid': 57.5, 'r2': 0.8531311415847453}, {'age_bin': '60-64', 'age_mid': 62.5, 'r2': 0.7539313820277402}, {'age_bin': '65-69', 'age_mid': 67.5, 'r2': 0.7719955796466501}, {'age_bin': '70-74', 'age_mid': 72.5, 'r2': 0.8483328151647569}, {'age_bin': '75-79', 'age_mid': 77.5, 'r2': 0.7850216493558935}, {'age_bin': '80-84', 'age_mid': 82.5, 'r2': 0.8429680221927195}]"
perfluoroundecanoic acid,Perfluoroundecanoic acid (ng/mL),0.8250603263983016,0.7732231280714204,0.8351932783620779,13,0.08748455161482137,0.018170014057369385,0.011863192238427973,0.04322307947812303,"[{'age_bin': '20-24', 'age_mid': 22.5, 'r2': 0.8646539137257174}, {'age_bin': '25-29', 'age_mid': 27.5, 'r2': 0.8856604933270411}, {'age_bin': '30-34', 'age_mid': 32.5, 'r2': 0.8501924918958941}, {'age_bin': '35-39', 'age_mid': 37.5, 'r2': 0.8358143201688463}, {'age_bin': '40-44', 'age_mid': 42.5, 'r2': 0.7792285226888864}, {'age_bin': '45-49', 'age_mid': 47.5, 'r2': 0.8351932783620779}, {'age_bin': '50-54', 'age_mid': 52.5, 'r2': 0.8104379217397907}, {'age_bin': '55-59', 'age_mid': 57.5, 'r2': 0.8835286244577886}, {'age_bin': '60-64', 'age_mid': 62.5, 'r2': 0.7770416639723879}, {'age_bin': '65-69', 'age_mid': 67.5, 'r2': 0.7883733244872115}, {'age_bin': '70-74', 'age_mid': 72.5, 'r2': 0.7732231280714204}, {'age_bin': '75-79', 'age_mid': 77.5, 'r2': 0.8018432292373855}, {'age_bin': '80-84', 'age_mid': 82.5, 'r2': 0.8405933310434734}]"
perflurododecanoic acid,Perflurododecanoic acid (ng/mL),0.2928929185429184,0.09224584096537802,0.2898298830690666,12,0.005762944196435871,0.0032514704504194836,0.06291730363999082,0.004031469518002134,"[{'age_bin': '20-24', 'age_mid': 22.5, 'r2': 0.15222837566668268}, {'age_bin': '25-29', 'age_mid': 27.5, 'r2': 0.4103786120107846}, {'age_bin': '30-34', 'age_mid': 32.5, 'r2': 0.2797488637031367}, {'age_bin': '35-39', 'age_mid': 37.5, 'r2': 0.35618109082986005}, {'age_bin': '40-44', 'age_mid': 42.5, 'r2': 0.38398415244517103}, {'age_bin': '45-49', 'age_mid': 47.5, 'r2': 0.2995480784299177}, {'age_bin': '50-54', 'age_mid': 52.5, 'r2': 0.253338128336015}, {'age_bin': '55-59', 'age_mid': 57.5, 'r2': 0.5127744125083978}, {'age_bin': '60-64', 'age_mid': 62.5, 'r2': 0.2801116877082155}, {'age_bin': '65-69', 'age_mid': 67.5, 'r2': 0.3062033913521295}, {'age_bin': '70-74', 'age_mid': 72.5, 'r2': 0.18797238855933152}, {'age_bin': '75-79', 'age_mid': 77.5, 'r2': None}, {'age_bin': '80-84', 'age_mid': 82.5, 'r2': 0.09224584096537802}]"
pertactin antibody,Pertactin antibody (IU/mL),0.7297969714907305,0.5723459413428189,0.7129916527357579,13,56.1185175508908,35.60963979614792,-38.13696706796381,17.594756066281757,"[{'age_bin': '20-24', 'age_mid': 22.5, 'r2': 0.9427798587982901}, {'age_bin': '25-29', 'age_mid': 27.5, 'r2': 0.8213765548181745}, {'age_bin': '30-34', 'age_mid': 32.5, 'r2': 0.7658471676766624}, {'age_bin': '35-39', 'age_mid': 37.5, 'r2': 0.703317404703298}, {'age_bin': '40-44', 'age_mid': 42.5, 'r2': 0.7836222648057325}, {'age_bin': '45-49', 'age_mid': 47.5, 'r2': 0.7129916527357579}, {'age_bin': '50-54', 'age_mid': 52.5, 'r2': 0.7058979016522688}, {'age_bin': '55-59', 'age_mid': 57.5, 'r2': 0.6891941422810247}, {'age_bin': '60-64', 'age_mid': 62.5, 'r2': 0.6374071455212772}, {'age_bin': '65-69', 'age_mid': 67.5, 'r2': 0.7655338981602596}, {'age_bin': '70-74', 'age_mid': 72.5, 'r2': 0.6090611435586697}, {'age_bin': '75-79', 'age_mid': 77.5, 'r2': 0.7779855533252619}, {'age_bin': '80-84', 'age_mid': 82.5, 'r2': 0.5723459413428189}]"
pertussis filamentous hemagglutinin antibody,Pertussis Filamentous hemagglutinin antibody (IU/mL),0.9039711785840996,0.7994325121210442,0.9150569594641885,13,30.237401214823333,10.828930952634419,-3.676096044015988,10.190624847655345,"[{'age_bin': '20-24', 'age_mid': 22.5, 'r2': 0.9467794498950798}, {'age_bin': '25-29', 'age_mid': 27.5, 'r2': 0.9415785020652847}, {'age_bin': '30-34', 'age_mid': 32.5, 'r2': 0.9560890679794872}, {'age_bin': '35-39', 'age_mid': 37.5, 'r2': 0.9150569594641885}, {'age_bin': '40-44', 'age_mid': 42.5, 'r2': 0.90231552023756}, {'age_bin': '45-49', 'age_mid': 47.5, 'r2': 0.934953422083836}, {'age_bin': '50-54', 'age_mid': 52.5, 'r2': 0.9356085020813343}, {'age_bin': '55-59', 'age_mid': 57.5, 'r2': 0.9067477587835121}, {'age_bin': '60-64', 'age_mid': 62.5, 'r2': 0.7994325121210442}, {'age_bin': '65-69', 'age_mid': 67.5, 'r2': 0.9661241855287787}, {'age_bin': '70-74', 'age_mid': 72.5, 'r2': 0.8387592431284566}, {'age_bin': '75-79', 'age_mid': 77.5, 'r2': 0.8026218839451461}, {'age_bin': '80-84', 'age_mid': 82.5, 'r2': 0.9055583142795863}]"
pertussis fimbriae antibody,Pertussis Fimbriae antibody (IU/mL),0.7607050856612283,0.5256294860381547,0.7873089366068955,13,72.97526350545049,57.403457123995686,-44.2928493722595,12.498956917921372,"[{'age_bin': '20-24', 'age_mid': 22.5, 'r2': 0.8553317505644921}, {'age_bin': '25-29', 'age_mid': 27.5, 'r2': 0.8347992222024722}, {'age_bin': '30-34', 'age_mid': 32.5, 'r2': 0.8173281062660062}, {'age_bin': '35-39', 'age_mid': 37.5, 'r2': 0.7655558114303354}, {'age_bin': '40-44', 'age_mid': 42.5, 'r2': 0.7491184923454114}, {'age_bin': '45-49', 'age_mid': 47.5, 'r2': 0.7873089366068955}, {'age_bin': '50-54', 'age_mid': 52.5, 'r2': 0.8602090240879154}, {'age_bin': '55-59', 'age_mid': 57.5, 'r2': 0.7963861536672643}, {'age_bin': '60-64', 'age_mid': 62.5, 'r2': 0.8320069872506929}, {'age_bin': '65-69', 'age_mid': 67.5, 'r2': 0.7738052153676028}, {'age_bin': '70-74', 'age_mid': 72.5, 'r2': 0.7508841413745585}, {'age_bin': '75-79', 'age_mid': 77.5, 'r2': 0.5408027863941678}, {'age_bin': '80-84', 'age_mid': 82.5, 'r2': 0.5256294860381547}]"
pertussis toxin antibody,Pertussis toxin antibody (IU/mL),0.8489349139879259,0.7423262714741656,0.8719913233375646,13,7.468923297589739,3.6511300569584524,-3.228585965021933,2.070058485776526,"[{'age_bin': '20-24', 'age_mid': 22.5, 'r2': 0.8918947459058562}, {'age_bin': '25-29', 'age_mid': 27.5, 'r2': 0.9174205046424534}, {'age_bin': '30-34', 'age_mid': 32.5, 'r2': 0.83123375436895}, {'age_bin': '35-39', 'age_mid': 37.5, 'r2': 0.8868547413135331}, {'age_bin': '40-44', 'age_mid': 42.5, 'r2': 0.8719913233375646}, {'age_bin': '45-49', 'age_mid': 47.5, 'r2': 0.8455147830692735}, {'age_bin': '50-54', 'age_mid': 52.5, 'r2': 0.8982938538562516}, {'age_bin': '55-59', 'age_mid': 57.5, 'r2': 0.7511135115669978}, {'age_bin': '60-64', 'age_mid': 62.5, 'r2': 0.7943700756443722}, {'age_bin': '65-69', 'age_mid': 67.5, 'r2': 0.8259188123450022}, {'age_bin': '70-74', 'age_mid': 72.5, 'r2': 0.7423262714741656}, {'age_bin': '75-79', 'age_mid': 77.5, 'r2': 0.8994573707286491}, {'age_bin': '80-84', 'age_mid': 82.5, 'r2': 0.8797641335899662}]"
phosphorus,Phosphorus (mg/dL),0.9519376583460921,0.8912545291277747,0.9598909287046001,13,0.26341166635661034,0.08243731657627579,3.0893020949506385,0.1410932259197558,"[{'age_bin': '20-24', 'age_mid': 22.5, 'r2': 0.8912545291277747}, {'age_bin': '25-29', 'age_mid': 27.5, 'r2': 0.9159359231671066}, {'age_bin': '30-34', 'age_mid': 32.5, 'r2': 0.9252582533473251}, {'age_bin': '35-39', 'age_mid': 37.5, 'r2': 0.9334526649236359}, {'age_bin': '40-44', 'age_mid': 42.5, 'r2': 0.94961373935586}, {'age_bin': '45-49', 'age_mid': 47.5, 'r2': 0.9598909287046001}, {'age_bin': '50-54', 'age_mid': 52.5, 'r2': 0.9555573030662066}, {'age_bin': '55-59', 'age_mid': 57.5, 'r2': 0.9649643166529859}, {'age_bin': '60-64', 'age_mid': 62.5, 'r2': 0.9701920130516137}, {'age_bin': '65-69', 'age_mid': 67.5, 'r2': 0.9712573684385976}, {'age_bin': '70-74', 'age_mid': 72.5, 'r2': 0.9723105680014605}, {'age_bin': '75-79', 'age_mid': 77.5, 'r2': 0.9851356859478152}, {'age_bin': '80-84', 'age_mid': 82.5, 'r2': 0.9803662647142135}]"
phytoene,Phytoene (ug/dL),0.972232467217368,0.903739380461075,0.9798589630074894,13,1.3029810698801407,0.37652644752418124,0.9189187523111566,0.6584215772883999,"[{'age_bin': '20-24', 'age_mid': 22.5, 'r2': 0.9672457200359605}, {'age_bin': '25-29', 'age_mid': 27.5, 'r2': 0.9739719818861334}, {'age_bin': '30-34', 'age_mid': 32.5, 'r2': 0.983883802501224}, {'age_bin': '35-39', 'age_mid': 37.5, 'r2': 0.9867420900694626}, {'age_bin': '40-44', 'age_mid': 42.5, 'r2': 0.9798589630074894}, {'age_bin': '45-49', 'age_mid': 47.5, 'r2': 0.981786462451457}, {'age_bin': '50-54', 'age_mid': 52.5, 'r2': 0.9861199435305712}, {'age_bin': '55-59', 'age_mid': 57.5, 'r2': 0.9689972553819867}, {'age_bin': '60-64', 'age_mid': 62.5, 'r2': 0.9901645614149625}, {'age_bin': '65-69', 'age_mid': 67.5, 'r2': 0.9877688504773322}, {'age_bin': '70-74', 'age_mid': 72.5, 'r2': 0.9514211883889336}, {'age_bin': '75-79', 'age_mid': 77.5, 'r2': 0.9773218742191948}, {'age_bin': '80-84', 'age_mid': 82.5, 'r2': 0.903739380461075}]"
phytofluene,Phytofluene (ug/dL),0.9775048436310724,0.9386123495673006,0.9773750835509483,13,1.3937143719352336,0.46303666257388065,1.7921724797328469,0.7552944908451678,"[{'age_bin': '20-24', 'age_mid': 22.5, 'r2': 0.974324958743746}, {'age_bin': '25-29', 'age_mid': 27.5, 'r2': 0.9727006423383754}, {'age_bin': '30-34', 'age_mid': 32.5, 'r2': 0.9771073554385269}, {'age_bin': '35-39', 'age_mid': 37.5, 'r2': 0.9775859953923868}, {'age_bin': '40-44', 'age_mid': 42.5, 'r2': 0.9748949670108125}, {'age_bin': '45-49', 'age_mid': 47.5, 'r2': 0.9863142765932356}, {'age_bin': '50-54', 'age_mid': 52.5, 'r2': 0.9898630882778525}, {'age_bin': '55-59', 'age_mid': 57.5, 'r2': 0.9773750835509483}, {'age_bin': '60-64', 'age_mid': 62.5, 'r2': 0.9875603562052931}, {'age_bin': '65-69', 'age_mid': 67.5, 'r2': 0.9966451224775172}, {'age_bin': '70-74', 'age_mid': 72.5, 'r2': 0.9926639096254025}, {'age_bin': '75-79', 'age_mid': 77.5, 'r2': 0.9386123495673006}, {'age_bin': '80-84', 'age_mid': 82.5, 'r2': 0.9619148619825434}]"
plasma glucose,Plasma glucose (mg/dL),,,,0,,,,,"[{'age_bin': '20-24', 'age_mid': 22.5, 'r2': None}, {'age_bin': '25-29', 'age_mid': 27.5, 'r2': None}, {'age_bin': '30-34', 'age_mid': 32.5, 'r2': None}, {'age_bin': '35-39', 'age_mid': 37.5, 'r2': None}, {'age_bin': '40-44', 'age_mid': 42.5, 'r2': None}, {'age_bin': '45-49', 'age_mid': 47.5, 'r2': None}, {'age_bin': '50-54', 'age_mid': 52.5, 'r2': None}, {'age_bin': '55-59', 'age_mid': 57.5, 'r2': None}, {'age_bin': '60-64', 'age_mid': 62.5, 'r2': None}, {'age_bin': '65-69', 'age_mid': 67.5, 'r2': None}, {'age_bin': '70-74', 'age_mid': 72.5, 'r2': None}, {'age_bin': '75-79', 'age_mid': 77.5, 'r2': None}, {'age_bin': '80-84', 'age_mid': 82.5, 'r2': None}]"
plasma glucose si,Plasma glucose: SI (mmol/L),0.9599869482786895,0.8964835043499939,0.9636764591984049,13,0.28197154271132363,0.03843534883982908,4.758779228416277,0.06876799319730151,"[{'age_bin': '20-24', 'age_mid': 22.5, 'r2': 0.9192874995370218}, {'age_bin': '25-29', 'age_mid': 27.5, 'r2': 0.8964835043499939}, {'age_bin': '30-34', 'age_mid': 32.5, 'r2': 0.9452574269810784}, {'age_bin': '35-39', 'age_mid': 37.5, 'r2': 0.9620190300662238}, {'age_bin': '40-44', 'age_mid': 42.5, 'r2': 0.9810550347880346}, {'age_bin': '45-49', 'age_mid': 47.5, 'r2': 0.9791354606866443}, {'age_bin': '50-54', 'age_mid': 52.5, 'r2': 0.9873169421812533}, {'age_bin': '55-59', 'age_mid': 57.5, 'r2': 0.9534919860554355}, {'age_bin': '60-64', 'age_mid': 62.5, 'r2': 0.9728128570713628}, {'age_bin': '65-69', 'age_mid': 67.5, 'r2': 0.9636764591984049}, {'age_bin': '70-74', 'age_mid': 72.5, 'r2': 0.9917402839174448}, {'age_bin': '75-79', 'age_mid': 77.5, 'r2': 0.9803303003096377}, {'age_bin': '80-84', 'age_mid': 82.5, 'r2': 0.9472235424804277}]"
platelet count % si,Platelet count (%) SI,0.9769923792771897,0.9404906082717464,0.9859331586799074,13,30.4545118717156,8.850860688542399,199.0361566367187,20.36320994476221,"[{'age_bin': '20-24', 'age_mid': 22.5, 'r2': 0.9404906082717464}, {'age_bin': '25-29', 'age_mid': 27.5, 'r2': 0.9415244275283645}, {'age_bin': '30-34', 'age_mid': 32.5, 'r2': 0.9592726266650626}, {'age_bin': '35-39', 'age_mid': 37.5, 'r2': 0.965450581443698}, {'age_bin': '40-44', 'age_mid': 42.5, 'r2': 0.9759497544265677}, {'age_bin': '45-49', 'age_mid': 47.5, 'r2': 0.9859331586799074}, {'age_bin': '50-54', 'age_mid': 52.5, 'r2': 0.9831462535754933}, {'age_bin': '55-59', 'age_mid': 57.5, 'r2': 0.9883437418167993}, {'age_bin': '60-64', 'age_mid': 62.5, 'r2': 0.9926008435372662}, {'age_bin': '65-69', 'age_mid': 67.5, 'r2': 0.9934245972635385}, {'age_bin': '70-74', 'age_mid': 72.5, 'r2': 0.9933341445868711}, {'age_bin': '75-79', 'age_mid': 77.5, 'r2': 0.9891140987623239}, {'age_bin': '80-84', 'age_mid': 82.5, 'r2': 0.9923160940458277}]"
platelet count,Platelet count (1000 cells/uL),0.9790156621376815,0.939037125034127,0.9842604983985453,13,28.508430779596456,8.271958618659712,176.59198456537104,21.756081808929785,"[{'age_bin': '20-24', 'age_mid': 22.5, 'r2': 0.939037125034127}, {'age_bin': '25-29', 'age_mid': 27.5, 'r2': 0.9595087325071432}, {'age_bin': '30-34', 'age_mid': 32.5, 'r2': 0.953651821107574}, {'age_bin': '35-39', 'age_mid': 37.5, 'r2': 0.9718011468390798}, {'age_bin': '40-44', 'age_mid': 42.5, 'r2': 0.9743547481168644}, {'age_bin': '45-49', 'age_mid': 47.5, 'r2': 0.9842604983985453}, {'age_bin': '50-54', 'age_mid': 52.5, 'r2': 0.9836073276422136}, {'age_bin': '55-59', 'age_mid': 57.5, 'r2': 0.9855298364387859}, {'age_bin': '60-64', 'age_mid': 62.5, 'r2': 0.9924561507682755}, {'age_bin': '65-69', 'age_mid': 67.5, 'r2': 0.9949510744903904}, {'age_bin': '70-74', 'age_mid': 72.5, 'r2': 0.9973232090352068}, {'age_bin': '75-79', 'age_mid': 77.5, 'r2': 0.9953726730022938}, {'age_bin': '80-84', 'age_mid': 82.5, 'r2': 0.995349264409362}]"
platelet count si,Platelet count SI (1000 cells/uL),0.9764702685408105,0.9312237847706886,0.9826366804217931,13,31.356111841398054,10.19129603517183,201.87756862729609,20.639468036701192,"[{'age_bin': '20-24', 'age_mid': 22.5, 'r2': 0.9312237847706886}, {'age_bin': '25-29', 'age_mid': 27.5, 'r2': 0.962997052616836}, {'age_bin': '30-34', 'age_mid': 32.5, 'r2': 0.9619970493650649}, {'age_bin': '35-39', 'age_mid': 37.5, 'r2': 0.9640237090031507}, {'age_bin': '40-44', 'age_mid': 42.5, 'r2': 0.9762828682765755}, {'age_bin': '45-49', 'age_mid': 47.5, 'r2': 0.9830173356223507}, {'age_bin': '50-54', 'age_mid': 52.5, 'r2': 0.9776316755246415}, {'age_bin': '55-59', 'age_mid': 57.5, 'r2': 0.9826366804217931}, {'age_bin': '60-64', 'age_mid': 62.5, 'r2': 0.9879297447073432}, {'age_bin': '65-69', 'age_mid': 67.5, 'r2': 0.9907634299188369}, {'age_bin': '70-74', 'age_mid': 72.5, 'r2': 0.9945967098049834}, {'age_bin': '75-79', 'age_mid': 77.5, 'r2': 0.9967936302065049}, {'age_bin': '80-84', 'age_mid': 82.5, 'r2': 0.9842198207917665}]"
potassium,Potassium (mmol/L),0.9498666903713718,0.909596567541607,0.951039312382424,13,0.16008185867015623,0.031140705157515717,3.6551419563420575,0.0442008493008853,"[{'age_bin': '20-24', 'age_mid': 22.5, 'r2': 0.909596567541607}, {'age_bin': '25-29', 'age_mid': 27.5, 'r2': 0.9148748112357219}, {'age_bin': '30-34', 'age_mid': 32.5, 'r2': 0.9218120266406996}, {'age_bin': '35-39', 'age_mid': 37.5, 'r2': 0.9242518219372512}, {'age_bin': '40-44', 'age_mid': 42.5, 'r2': 0.942379689242899}, {'age_bin': '45-49', 'age_mid': 47.5, 'r2': 0.9450010800020006}, {'age_bin': '50-54', 'age_mid': 52.5, 'r2': 0.9554437284381355}, {'age_bin': '55-59', 'age_mid': 57.5, 'r2': 0.951039312382424}, {'age_bin': '60-64', 'age_mid': 62.5, 'r2': 0.968541282986188}, {'age_bin': '65-69', 'age_mid': 67.5, 'r2': 0.9785006850126639}, {'age_bin': '70-74', 'age_mid': 72.5, 'r2': 0.9850077350301908}, {'age_bin': '75-79', 'age_mid': 77.5, 'r2': 0.9766809495929362}, {'age_bin': '80-84', 'age_mid': 82.5, 'r2': 0.975137284785117}]"
potassium si,Potassium: SI (mmol/L),0.9485958020691508,0.8882004245531347,0.9536625580277273,13,0.16455129759744386,0.03397155896248936,3.6838478836683786,0.08280463000851539,"[{'age_bin': '20-24', 'age_mid': 22.5, 'r2': 0.9058574935086098}, {'age_bin': '25-29', 'age_mid': 27.5, 'r2': 0.8882004245531347}, {'age_bin': '30-34', 'age_mid': 32.5, 'r2': 0.9347728504861229}, {'age_bin': '35-39', 'age_mid': 37.5, 'r2': 0.9447124664779069}, {'age_bin': '40-44', 'age_mid': 42.5, 'r2': 0.9364760686046376}, {'age_bin': '45-49', 'age_mid': 47.5, 'r2': 0.955024290764067}, {'age_bin': '50-54', 'age_mid': 52.5, 'r2': 0.9536625580277273}, {'age_bin': '55-59', 'age_mid': 57.5, 'r2': 0.976042469117371}, {'age_bin': '60-64', 'age_mid': 62.5, 'r2': 0.9748580508222512}, {'age_bin': '65-69', 'age_mid': 67.5, 'r2': 0.9792765320740835}, {'age_bin': '70-74', 'age_mid': 72.5, 'r2': 0.9689474296941792}, {'age_bin': '75-79', 'age_mid': 77.5, 'r2': 0.968093633551079}, {'age_bin': '80-84', 'age_mid': 82.5, 'r2': 0.9458211592177898}]"
progesterone,Progesterone (ng/dL),0.7215020851679006,0.3839814405892671,0.6354187018767264,13,66.8203805068952,75.74291074786356,-46.440767729807284,53.77708709641017,"[{'age_bin': '20-24', 'age_mid': 22.5, 'r2': 0.4888884995760693}, {'age_bin': '25-29', 'age_mid': 27.5, 'r2': 0.4638335484898416}, {'age_bin': '30-34', 'age_mid': 32.5, 'r2': 0.5042246976781843}, {'age_bin': '35-39', 'age_mid': 37.5, 'r2': 0.6061568240327302}, {'age_bin': '40-44', 'age_mid': 42.5, 'r2': 0.544566772332878}, {'age_bin': '45-49', 'age_mid': 47.5, 'r2': 0.3839814405892671}, {'age_bin': '50-54', 'age_mid': 52.5, 'r2': 0.6354187018767264}, {'age_bin': '55-59', 'age_mid': 57.5, 'r2': 0.9680530037406396}, {'age_bin': '60-64', 'age_mid': 62.5, 'r2': 0.9482616296984668}, {'age_bin': '65-69', 'age_mid': 67.5, 'r2': 0.9470965826314597}, {'age_bin': '70-74', 'age_mid': 72.5, 'r2': 0.9694951101404029}, {'age_bin': '75-79', 'age_mid': 77.5, 'r2': 0.949727108751001}, {'age_bin': '80-84', 'age_mid': 82.5, 'r2': 0.9698231876450402}]"
propanaldehyde,Propanaldehyde (ng/mL),0.9427060306436287,0.8436765895907392,0.947816061940594,13,0.4214052151588054,0.13924528789915375,1.125965350911312,0.1925679876345331,"[{'age_bin': '20-24', 'age_mid': 22.5, 'r2': 0.8629510819229727}, {'age_bin': '25-29', 'age_mid': 27.5, 'r2': 0.947816061940594}, {'age_bin': '30-34', 'age_mid': 32.5, 'r2': 0.9284975930926181}, {'age_bin': '35-39', 'age_mid': 37.5, 'r2': 0.9328542146388151}, {'age_bin': '40-44', 'age_mid': 42.5, 'r2': 0.9649813580732547}, {'age_bin': '45-49', 'age_mid': 47.5, 'r2': 0.9463336353291653}, {'age_bin': '50-54', 'age_mid': 52.5, 'r2': 0.9699974823570487}, {'age_bin': '55-59', 'age_mid': 57.5, 'r2': 0.9763183485970006}, {'age_bin': '60-64', 'age_mid': 62.5, 'r2': 0.9703788933512771}, {'age_bin': '65-69', 'age_mid': 67.5, 'r2': 0.9852534219605994}, {'age_bin': '70-74', 'age_mid': 72.5, 'r2': 0.9822478010281965}, {'age_bin': '75-79', 'age_mid': 77.5, 'r2': 0.8436765895907392}, {'age_bin': '80-84', 'age_mid': 82.5, 'r2': 0.9438719164848914}]"
prostate specific antigen psa free,"Prostate specific antigen (PSA), free (ng/mL)",0.9457930735684984,0.8236823379267999,0.9637417723182418,9,0.12215085723133251,0.04536668284524673,0.016435919071990344,0.1035110566198355,"[{'age_bin': '20-24', 'age_mid': 22.5, 'r2': None}, {'age_bin': '25-29', 'age_mid': 27.5, 'r2': None}, {'age_bin': '30-34', 'age_mid': 32.5, 'r2': None}, {'age_bin': '35-39', 'age_mid': 37.5, 'r2': None}, {'age_bin': '40-44', 'age_mid': 42.5, 'r2': 0.987666000562646}, {'age_bin': '45-49', 'age_mid': 47.5, 'r2': 0.9868444196143952}, {'age_bin': '50-54', 'age_mid': 52.5, 'r2': 0.9651724201288637}, {'age_bin': '55-59', 'age_mid': 57.5, 'r2': 0.9637417723182418}, {'age_bin': '60-64', 'age_mid': 62.5, 'r2': 0.965655564253262}, {'age_bin': '65-69', 'age_mid': 67.5, 'r2': 0.8236823379267999}, {'age_bin': '70-74', 'age_mid': 72.5, 'r2': 0.9398924617453901}, {'age_bin': '75-79', 'age_mid': 77.5, 'r2': 0.9303657785817503}, {'age_bin': '80-84', 'age_mid': 82.5, 'r2': 0.9491169069851352}]"
prostate specific antigen ratio,Prostate specific antigen ratio (%),0.9882805832479349,0.9697699594396937,0.9910165631086683,9,4.832215515404972,1.3424255414541093,15.081097232414066,2.2084715312445793,"[{'age_bin': '20-24', 'age_mid': 22.5, 'r2': None}, {'age_bin': '25-29', 'age_mid': 27.5, 'r2': None}, {'age_bin': '30-34', 'age_mid': 32.5, 'r2': None}, {'age_bin': '35-39', 'age_mid': 37.5, 'r2': None}, {'age_bin': '40-44', 'age_mid': 42.5, 'r2': 0.9697699594396937}, {'age_bin': '45-49', 'age_mid': 47.5, 'r2': 0.9837185623657665}, {'age_bin': '50-54', 'age_mid': 52.5, 'r2': 0.990855613355872}, {'age_bin': '55-59', 'age_mid': 57.5, 'r2': 0.9916576703396941}, {'age_bin': '60-64', 'age_mid': 62.5, 'r2': 0.9936344498526465}, {'age_bin': '65-69', 'age_mid': 67.5, 'r2': 0.9929425082419}, {'age_bin': '70-74', 'age_mid': 72.5, 'r2': 0.991693608191359}, {'age_bin': '75-79', 'age_mid': 77.5, 'r2': 0.9892363143358124}, {'age_bin': '80-84', 'age_mid': 82.5, 'r2': 0.9910165631086683}]"
prostate specific antigen total,"Prostate specific antigen, total (ng/mL)",0.9148114296996046,0.8023885187094546,0.9194139424533742,9,0.5566635881811178,0.18887621459610374,-0.14514918487456777,0.4128846739481036,"[{'age_bin': '20-24', 'age_mid': 22.5, 'r2': None}, {'age_bin': '25-29', 'age_mid': 27.5, 'r2': None}, {'age_bin': '30-34', 'age_mid': 32.5, 'r2': None}, {'age_bin': '35-39', 'age_mid': 37.5, 'r2': None}, {'age_bin': '40-44', 'age_mid': 42.5, 'r2': 0.9576096606418896}, {'age_bin': '45-49', 'age_mid': 47.5, 'r2': 0.9174754606261245}, {'age_bin': '50-54', 'age_mid': 52.5, 'r2': 0.9511542981363849}, {'age_bin': '55-59', 'age_mid': 57.5, 'r2': 0.8813782152517895}, {'age_bin': '60-64', 'age_mid': 62.5, 'r2': 0.9194139424533742}, {'age_bin': '65-69', 'age_mid': 67.5, 'r2': 0.8023885187094546}, {'age_bin': '70-74', 'age_mid': 72.5, 'r2': 0.9175849878995124}, {'age_bin': '75-79', 'age_mid': 77.5, 'r2': 0.9252514436911713}, {'age_bin': '80-84', 'age_mid': 82.5, 'r2': 0.9610463398867404}]"
protein total,"Protein, total (g/dL)",0.9497045634071515,0.8774135291166367,0.9603630025198133,13,0.21641079096676294,0.05031177697524066,7.093049474513963,0.19246106119502596,"[{'age_bin': '20-24', 'age_mid': 22.5, 'r2': 0.8956505283972325}, {'age_bin': '25-29', 'age_mid': 27.5, 'r2': 0.8774135291166367}, {'age_bin': '30-34', 'age_mid': 32.5, 'r2': 0.8935789739805599}, {'age_bin': '35-39', 'age_mid': 37.5, 'r2': 0.9391855873661729}, {'age_bin': '40-44', 'age_mid': 42.5, 'r2': 0.9603630025198133}, {'age_bin': '45-49', 'age_mid': 47.5, 'r2': 0.9550662245420436}, {'age_bin': '50-54', 'age_mid': 52.5, 'r2': 0.953573635105901}, {'age_bin': '55-59', 'age_mid': 57.5, 'r2': 0.9690423241368236}, {'age_bin': '60-64', 'age_mid': 62.5, 'r2': 0.9839544066361705}, {'age_bin': '65-69', 'age_mid': 67.5, 'r2': 0.9860131129986169}, {'age_bin': '70-74', 'age_mid': 72.5, 'r2': 0.9662352429249046}, {'age_bin': '75-79', 'age_mid': 77.5, 'r2': 0.9792173858604519}, {'age_bin': '80-84', 'age_mid': 82.5, 'r2': 0.9868653707076449}]"
protoporphyrin,Protoporphyrin (ug/dL RBC),0.9602623120510145,0.9015918526649579,0.9564222413497865,13,10.554035984443734,4.952623970989268,32.87938600874932,2.254658846677495,"[{'age_bin': '20-24', 'age_mid': 22.5, 'r2': 0.9482769240270161}, {'age_bin': '25-29', 'age_mid': 27.5, 'r2': 0.9412740493896391}, {'age_bin': '30-34', 'age_mid': 32.5, 'r2': 0.9379664637035672}, {'age_bin': '35-39', 'age_mid': 37.5, 'r2': 0.9525654881506819}, {'age_bin': '40-44', 'age_mid': 42.5, 'r2': 0.9015918526649579}, {'age_bin': '45-49', 'age_mid': 47.5, 'r2': 0.9564222413497865}, {'age_bin': '50-54', 'age_mid': 52.5, 'r2': 0.9837427099965558}, {'age_bin': '55-59', 'age_mid': 57.5, 'r2': 0.9445605762658189}, {'age_bin': '60-64', 'age_mid': 62.5, 'r2': 0.9916804961876157}, {'age_bin': '65-69', 'age_mid': 67.5, 'r2': 0.9607319739072377}, {'age_bin': '70-74', 'age_mid': 72.5, 'r2': 0.9851615254690025}, {'age_bin': '75-79', 'age_mid': 77.5, 'r2': 0.9932704288377446}, {'age_bin': '80-84', 'age_mid': 82.5, 'r2': 0.9861653267135646}]"
pyridoxal 5 -phosphate,Pyridoxal 5'-phosphate (nmol/L),0.8710748533374114,0.8249793779144503,0.8628521003485311,13,26.394270192085653,5.107673577372293,0.9406351116213723,15.309836685669827,"[{'age_bin': '20-24', 'age_mid': 22.5, 'r2': 0.9479508418717575}, {'age_bin': '25-29', 'age_mid': 27.5, 'r2': 0.8439040660291434}, {'age_bin': '30-34', 'age_mid': 32.5, 'r2': 0.8919151779597949}, {'age_bin': '35-39', 'age_mid': 37.5, 'r2': 0.8628521003485311}, {'age_bin': '40-44', 'age_mid': 42.5, 'r2': 0.9027109929537734}, {'age_bin': '45-49', 'age_mid': 47.5, 'r2': 0.8261119370931727}, {'age_bin': '50-54', 'age_mid': 52.5, 'r2': 0.8706084702042438}, {'age_bin': '55-59', 'age_mid': 57.5, 'r2': 0.8249793779144503}, {'age_bin': '60-64', 'age_mid': 62.5, 'r2': 0.8974840054342778}, {'age_bin': '65-69', 'age_mid': 67.5, 'r2': 0.8549459380514122}, {'age_bin': '70-74', 'age_mid': 72.5, 'r2': 0.8492610624875756}, {'age_bin': '75-79', 'age_mid': 77.5, 'r2': 0.8573317368754735}, {'age_bin': '80-84', 'age_mid': 82.5, 'r2': 0.8939173861627433}]"
rbc folate,RBC folate (ng/mL),0.9878373389736865,0.9659141153856101,0.991140446436749,13,97.55321171124045,11.903442386630458,200.1538539064449,33.01999958071625,"[{'age_bin': '20-24', 'age_mid': 22.5, 'r2': 0.9659141153856101}, {'age_bin': '25-29', 'age_mid': 27.5, 'r2': 0.9774363907796615}, {'age_bin': '30-34', 'age_mid': 32.5, 'r2': 0.9823677971034775}, {'age_bin': '35-39', 'age_mid': 37.5, 'r2': 0.9848678428668067}, {'age_bin': '40-44', 'age_mid': 42.5, 'r2': 0.9900227896593122}, {'age_bin': '45-49', 'age_mid': 47.5, 'r2': 0.9928979904003042}, {'age_bin': '50-54', 'age_mid': 52.5, 'r2': 0.9931155176033476}, {'age_bin': '55-59', 'age_mid': 57.5, 'r2': 0.9961016476891411}, {'age_bin': '60-64', 'age_mid': 62.5, 'r2': 0.9953831000809417}, {'age_bin': '65-69', 'age_mid': 67.5, 'r2': 0.9937204026943021}, {'age_bin': '70-74', 'age_mid': 72.5, 'r2': 0.991140446436749}, {'age_bin': '75-79', 'age_mid': 77.5, 'r2': 0.9916973939683459}, {'age_bin': '80-84', 'age_mid': 82.5, 'r2': 0.9872199719899247}]"
red blood cell count,Red blood cell count (million cells/uL),0.9603212936604114,0.9161067354779737,0.9685258375342324,13,0.23433112040759646,0.07345414282469452,4.182101531373965,0.195836473990352,"[{'age_bin': '20-24', 'age_mid': 22.5, 'r2': 0.9161067354779737}, {'age_bin': '25-29', 'age_mid': 27.5, 'r2': 0.9271948024676143}, {'age_bin': '30-34', 'age_mid': 32.5, 'r2': 0.9339176912252609}, {'age_bin': '35-39', 'age_mid': 37.5, 'r2': 0.9498136453634258}, {'age_bin': '40-44', 'age_mid': 42.5, 'r2': 0.965565246454956}, {'age_bin': '45-49', 'age_mid': 47.5, 'r2': 0.9699318750722427}, {'age_bin': '50-54', 'age_mid': 52.5, 'r2': 0.9676115207714316}, {'age_bin': '55-59', 'age_mid': 57.5, 'r2': 0.9685258375342324}, {'age_bin': '60-64', 'age_mid': 62.5, 'r2': 0.9777508720191448}, {'age_bin': '65-69', 'age_mid': 67.5, 'r2': 0.9789501654079625}, {'age_bin': '70-74', 'age_mid': 72.5, 'r2': 0.9699506441106414}, {'age_bin': '75-79', 'age_mid': 77.5, 'r2': 0.9751749732408913}, {'age_bin': '80-84', 'age_mid': 82.5, 'r2': 0.9836828084395705}]"
red cell count si,Red cell count SI,0.951548571146865,0.8931334435444562,0.9563052179067894,13,0.2339935556445587,0.07974481078393622,4.213338702398792,0.17106562143391613,"[{'age_bin': '20-24', 'age_mid': 22.5, 'r2': 0.8931334435444562}, {'age_bin': '25-29', 'age_mid': 27.5, 'r2': 0.9169926671920848}, {'age_bin': '30-34', 'age_mid': 32.5, 'r2': 0.9347729374554653}, {'age_bin': '35-39', 'age_mid': 37.5, 'r2': 0.9449658331180534}, {'age_bin': '40-44', 'age_mid': 42.5, 'r2': 0.9389613432989998}, {'age_bin': '45-49', 'age_mid': 47.5, 'r2': 0.9563052179067894}, {'age_bin': '50-54', 'age_mid': 52.5, 'r2': 0.9599728247255702}, {'age_bin': '55-59', 'age_mid': 57.5, 'r2': 0.9603614376646333}, {'age_bin': '60-64', 'age_mid': 62.5, 'r2': 0.9782018048143108}, {'age_bin': '65-69', 'age_mid': 67.5, 'r2': 0.9768496019921841}, {'age_bin': '70-74', 'age_mid': 72.5, 'r2': 0.9524268649206867}, {'age_bin': '75-79', 'age_mid': 77.5, 'r2': 0.974105134750882}, {'age_bin': '80-84', 'age_mid': 82.5, 'r2': 0.9830823135251268}]"
red cell distribution width,Red cell distribution width (%),0.9729067175604887,0.9482810375081793,0.9691377031785141,13,0.523863076627724,0.14232005327431732,12.031524737893546,0.053857997832672234,"[{'age_bin': '20-24', 'age_mid': 22.5, 'r2': 0.9482810375081793}, {'age_bin': '25-29', 'age_mid': 27.5, 'r2': 0.9542960222153817}, {'age_bin': '30-34', 'age_mid': 32.5, 'r2': 0.9615981701507474}, {'age_bin': '35-39', 'age_mid': 37.5, 'r2': 0.961362175152886}, {'age_bin': '40-44', 'age_mid': 42.5, 'r2': 0.9546074598155581}, {'age_bin': '45-49', 'age_mid': 47.5, 'r2': 0.9595266811656452}, {'age_bin': '50-54', 'age_mid': 52.5, 'r2': 0.9691377031785141}, {'age_bin': '55-59', 'age_mid': 57.5, 'r2': 0.9899126000035287}, {'age_bin': '60-64', 'age_mid': 62.5, 'r2': 0.992478112811657}, {'age_bin': '65-69', 'age_mid': 67.5, 'r2': 0.9906271657109696}, {'age_bin': '70-74', 'age_mid': 72.5, 'r2': 0.9925960134436851}, {'age_bin': '75-79', 'age_mid': 77.5, 'r2': 0.990159249606144}, {'age_bin': '80-84', 'age_mid': 82.5, 'r2': 0.9832049375234584}]"
retinol,Retinol (ug/dL),0.9763309091442984,0.9425693610636632,0.9832264109869887,13,7.4749590626930935,1.8444982287731528,40.148115296030745,1.4089705313896541,"[{'age_bin': '20-24', 'age_mid': 22.5, 'r2': 0.9425693610636632}, {'age_bin': '25-29', 'age_mid': 27.5, 'r2': 0.9582666607579422}, {'age_bin': '30-34', 'age_mid': 32.5, 'r2': 0.9525630306169317}, {'age_bin': '35-39', 'age_mid': 37.5, 'r2': 0.9654730765447728}, {'age_bin': '40-44', 'age_mid': 42.5, 'r2': 0.9787730629750815}, {'age_bin': '45-49', 'age_mid': 47.5, 'r2': 0.9862191724662556}, {'age_bin': '50-54', 'age_mid': 52.5, 'r2': 0.9846133663389246}, {'age_bin': '55-59', 'age_mid': 57.5, 'r2': 0.9825295664924636}, {'age_bin': '60-64', 'age_mid': 62.5, 'r2': 0.9940950238871887}, {'age_bin': '65-69', 'age_mid': 67.5, 'r2': 0.9896382824357428}, {'age_bin': '70-74', 'age_mid': 72.5, 'r2': 0.9832264109869887}, {'age_bin': '75-79', 'age_mid': 77.5, 'r2': 0.9885013948765606}, {'age_bin': '80-84', 'age_mid': 82.5, 'r2': 0.9858334094333632}]"
retinyl palmitate,Retinyl palmitate (ug/dL),0.950925139599803,0.8972517527409279,0.9524935595959889,13,0.6574169337492767,0.15216796691905024,0.2868683809946659,0.2809659536554471,"[{'age_bin': '20-24', 'age_mid': 22.5, 'r2': 0.9710188153380515}, {'age_bin': '25-29', 'age_mid': 27.5, 'r2': 0.9749979220246193}, {'age_bin': '30-34', 'age_mid': 32.5, 'r2': 0.9732208737274511}, {'age_bin': '35-39', 'age_mid': 37.5, 'r2': 0.9689129687805279}, {'age_bin': '40-44', 'age_mid': 42.5, 'r2': 0.9506433625092741}, {'age_bin': '45-49', 'age_mid': 47.5, 'r2': 0.9524935595959889}, {'age_bin': '50-54', 'age_mid': 52.5, 'r2': 0.9667326369009811}, {'age_bin': '55-59', 'age_mid': 57.5, 'r2': 0.9495606490658723}, {'age_bin': '60-64', 'age_mid': 62.5, 'r2': 0.9396860763424245}, {'age_bin': '65-69', 'age_mid': 67.5, 'r2': 0.9549115924402239}, {'age_bin': '70-74', 'age_mid': 72.5, 'r2': 0.948682390966581}, {'age_bin': '75-79', 'age_mid': 77.5, 'r2': 0.9139142143645135}, {'age_bin': '80-84', 'age_mid': 82.5, 'r2': 0.8972517527409279}]"
retinyl stearate,Retinyl stearate (ug/dL),0.7395718303618607,0.6198982246883552,0.7506749125123988,13,0.10836150200663144,0.009206313498906049,0.19416138635541788,0.09358443210808284,"[{'age_bin': '20-24', 'age_mid': 22.5, 'r2': 0.6198982246883552}, {'age_bin': '25-29', 'age_mid': 27.5, 'r2': 0.6703586076871736}, {'age_bin': '30-34', 'age_mid': 32.5, 'r2': 0.7178447153724923}, {'age_bin': '35-39', 'age_mid': 37.5, 'r2': 0.72966169374302}, {'age_bin': '40-44', 'age_mid': 42.5, 'r2': 0.743526677894738}, {'age_bin': '45-49', 'age_mid': 47.5, 'r2': 0.7638112165467716}, {'age_bin': '50-54', 'age_mid': 52.5, 'r2': 0.7498270032831992}, {'age_bin': '55-59', 'age_mid': 57.5, 'r2': 0.7506749125123988}, {'age_bin': '60-64', 'age_mid': 62.5, 'r2': 0.7726147076172211}, {'age_bin': '65-69', 'age_mid': 67.5, 'r2': 0.8146594723419929}, {'age_bin': '70-74', 'age_mid': 72.5, 'r2': 0.7713841577096846}, {'age_bin': '75-79', 'age_mid': 77.5, 'r2': 0.7513248582835872}, {'age_bin': '80-84', 'age_mid': 82.5, 'r2': 0.7588475470235563}]"
rubella igg antibody multiplex bead assay quantitative result,Rubella IgG Antibody Multiplex Bead Assay Quantitative Result (IU/mL),0.8869647358115396,0.7880242485553817,0.8994766155872156,8,68.26312894733914,13.026506285175971,-7.146128923861474,24.510299945518607,"[{'age_bin': '20-24', 'age_mid': 22.5, 'r2': 0.9222304829619747}, {'age_bin': '25-29', 'age_mid': 27.5, 'r2': 0.9371284907517612}, {'age_bin': '30-34', 'age_mid': 32.5, 'r2': 0.9392796595568884}, {'age_bin': '35-39', 'age_mid': 37.5, 'r2': 0.9281821542520687}, {'age_bin': '40-44', 'age_mid': 42.5, 'r2': 0.8590164567256517}, {'age_bin': '45-49', 'age_mid': 47.5, 'r2': 0.8767227482124565}, {'age_bin': '50-54', 'age_mid': 52.5, 'r2': 0.7880242485553817}, {'age_bin': '55-59', 'age_mid': 57.5, 'r2': 0.8451336454761327}, {'age_bin': '60-64', 'age_mid': 62.5, 'r2': None}, {'age_bin': '65-69', 'age_mid': 67.5, 'r2': None}, {'age_bin': '70-74', 'age_mid': 72.5, 'r2': None}, {'age_bin': '75-79', 'age_mid': 77.5, 'r2': None}, {'age_bin': '80-84', 'age_mid': 82.5, 'r2': None}]"
rubella antibody,Rubella antibody (IgG),0.8707122900771543,0.8117246205741794,0.8830299685219591,6,0.8466306959140879,0.09306599177758594,2.328022098013778,0.25106076493756474,"[{'age_bin': '20-24', 'age_mid': 22.5, 'r2': 0.8954969249126261}, {'age_bin': '25-29', 'age_mid': 27.5, 'r2': 0.8969350073329263}, {'age_bin': '30-34', 'age_mid': 32.5, 'r2': 0.8705630121312923}, {'age_bin': '35-39', 'age_mid': 37.5, 'r2': 0.9054013211227507}, {'age_bin': '40-44', 'age_mid': 42.5, 'r2': 0.8441528543891506}, {'age_bin': '45-49', 'age_mid': 47.5, 'r2': 0.8117246205741794}, {'age_bin': '50-54', 'age_mid': 52.5, 'r2': None}, {'age_bin': '55-59', 'age_mid': 57.5, 'r2': None}, {'age_bin': '60-64', 'age_mid': 62.5, 'r2': None}, {'age_bin': '65-69', 'age_mid': 67.5, 'r2': None}, {'age_bin': '70-74', 'age_mid': 72.5, 'r2': None}, {'age_bin': '75-79', 'age_mid': 77.5, 'r2': None}, {'age_bin': '80-84', 'age_mid': 82.5, 'r2': None}]"
rubella units,Rubella units,0.9875760426303578,0.9797922381596681,0.9884898224621915,6,31.53362513479985,0.4787877165407483,14.822603584868375,3.998907918084107,"[{'age_bin': '20-24', 'age_mid': 22.5, 'r2': 0.9858978014526473}, {'age_bin': '25-29', 'age_mid': 27.5, 'r2': 0.9851473092132568}, {'age_bin': '30-34', 'age_mid': 32.5, 'r2': 0.9910818434717358}, {'age_bin': '35-39', 'age_mid': 37.5, 'r2': 0.9920775561405569}, {'age_bin': '40-44', 'age_mid': 42.5, 'r2': 0.9914595073442825}, {'age_bin': '45-49', 'age_mid': 47.5, 'r2': 0.9797922381596681}, {'age_bin': '50-54', 'age_mid': 52.5, 'r2': None}, {'age_bin': '55-59', 'age_mid': 57.5, 'r2': None}, {'age_bin': '60-64', 'age_mid': 62.5, 'r2': None}, {'age_bin': '65-69', 'age_mid': 67.5, 'r2': None}, {'age_bin': '70-74', 'age_mid': 72.5, 'r2': None}, {'age_bin': '75-79', 'age_mid': 77.5, 'r2': None}, {'age_bin': '80-84', 'age_mid': 82.5, 'r2': None}]"
scr for initial anti-hcv screening test with ortho assay,SCR for initial anti-HCV screening test with Ortho assay (not surplus serum testing),,,,0,,,,,"[{'age_bin': '20-24', 'age_mid': 22.5, 'r2': None}, {'age_bin': '25-29', 'age_mid': 27.5, 'r2': None}, {'age_bin': '30-34', 'age_mid': 32.5, 'r2': None}, {'age_bin': '35-39', 'age_mid': 37.5, 'r2': None}, {'age_bin': '40-44', 'age_mid': 42.5, 'r2': None}, {'age_bin': '45-49', 'age_mid': 47.5, 'r2': None}, {'age_bin': '50-54', 'age_mid': 52.5, 'r2': None}, {'age_bin': '55-59', 'age_mid': 57.5, 'r2': None}, {'age_bin': '60-64', 'age_mid': 62.5, 'r2': None}, {'age_bin': '65-69', 'age_mid': 67.5, 'r2': None}, {'age_bin': '70-74', 'age_mid': 72.5, 'r2': None}, {'age_bin': '75-79', 'age_mid': 77.5, 'r2': None}, {'age_bin': '80-84', 'age_mid': 82.5, 'r2': None}]"
scr for second test with abbott assay,SCR for second test with Abbott assay (surplus serum testing),,,,0,,,,,"[{'age_bin': '20-24', 'age_mid': 22.5, 'r2': None}, {'age_bin': '25-29', 'age_mid': 27.5, 'r2': None}, {'age_bin': '30-34', 'age_mid': 32.5, 'r2': None}, {'age_bin': '35-39', 'age_mid': 37.5, 'r2': None}, {'age_bin': '40-44', 'age_mid': 42.5, 'r2': None}, {'age_bin': '45-49', 'age_mid': 47.5, 'r2': None}, {'age_bin': '50-54', 'age_mid': 52.5, 'r2': None}, {'age_bin': '55-59', 'age_mid': 57.5, 'r2': None}, {'age_bin': '60-64', 'age_mid': 62.5, 'r2': None}, {'age_bin': '65-69', 'age_mid': 67.5, 'r2': None}, {'age_bin': '70-74', 'age_mid': 72.5, 'r2': None}, {'age_bin': '75-79', 'age_mid': 77.5, 'r2': None}, {'age_bin': '80-84', 'age_mid': 82.5, 'r2': None}]"
segmented neutrophils num,Segmented neutrophils num (1000 cell/uL),0.9828342153828327,0.9497210390571187,0.9892366814537693,13,0.7625236600216515,0.2669643033321076,2.4682881681112105,0.2854185539313838,"[{'age_bin': '20-24', 'age_mid': 22.5, 'r2': 0.9497210390571187}, {'age_bin': '25-29', 'age_mid': 27.5, 'r2': 0.9642886529248447}, {'age_bin': '30-34', 'age_mid': 32.5, 'r2': 0.968182023585458}, {'age_bin': '35-39', 'age_mid': 37.5, 'r2': 0.9763544754480793}, {'age_bin': '40-44', 'age_mid': 42.5, 'r2': 0.9809318766442462}, {'age_bin': '45-49', 'age_mid': 47.5, 'r2': 0.9892366814537693}, {'age_bin': '50-54', 'age_mid': 52.5, 'r2': 0.9903817918020172}, {'age_bin': '55-59', 'age_mid': 57.5, 'r2': 0.9933997959388015}, {'age_bin': '60-64', 'age_mid': 62.5, 'r2': 0.9940621097192047}, {'age_bin': '65-69', 'age_mid': 67.5, 'r2': 0.9938699371197258}, {'age_bin': '70-74', 'age_mid': 72.5, 'r2': 0.9925172425240292}, {'age_bin': '75-79', 'age_mid': 77.5, 'r2': 0.987833232162007}, {'age_bin': '80-84', 'age_mid': 82.5, 'r2': 0.9960659415975236}]"
segmented neutrophils number,Segmented neutrophils number (1000 cell/uL),0.9824884427142764,0.9510096805581227,0.988146182699438,13,0.7695808437653763,0.2662216089092636,2.4664655982091452,0.25451638128737425,"[{'age_bin': '20-24', 'age_mid': 22.5, 'r2': 0.9510096805581227}, {'age_bin': '25-29', 'age_mid': 27.5, 'r2': 0.9633170010444265}, {'age_bin': '30-34', 'age_mid': 32.5, 'r2': 0.9721988683175468}, {'age_bin': '35-39', 'age_mid': 37.5, 'r2': 0.973120301804683}, {'age_bin': '40-44', 'age_mid': 42.5, 'r2': 0.9791113059928088}, {'age_bin': '45-49', 'age_mid': 47.5, 'r2': 0.9845234853498469}, {'age_bin': '50-54', 'age_mid': 52.5, 'r2': 0.988146182699438}, {'age_bin': '55-59', 'age_mid': 57.5, 'r2': 0.9901465650591262}, {'age_bin': '60-64', 'age_mid': 62.5, 'r2': 0.9955893621280415}, {'age_bin': '65-69', 'age_mid': 67.5, 'r2': 0.9942111404792575}, {'age_bin': '70-74', 'age_mid': 72.5, 'r2': 0.9937241399495816}, {'age_bin': '75-79', 'age_mid': 77.5, 'r2': 0.9923312365531001}, {'age_bin': '80-84', 'age_mid': 82.5, 'r2': 0.9949204853496119}]"
segmented neutrophils percent,Segmented neutrophils percent (%),0.927822820659338,0.8630098251133721,0.9422604512439048,13,4.403052756791961,1.2290511484904074,48.1444251786642,1.4834099102075757,"[{'age_bin': '20-24', 'age_mid': 22.5, 'r2': 0.8630098251133721}, {'age_bin': '25-29', 'age_mid': 27.5, 'r2': 0.8850457481784385}, {'age_bin': '30-34', 'age_mid': 32.5, 'r2': 0.9007334443903446}, {'age_bin': '35-39', 'age_mid': 37.5, 'r2': 0.8953548088044492}, {'age_bin': '40-44', 'age_mid': 42.5, 'r2': 0.9220041946708872}, {'age_bin': '45-49', 'age_mid': 47.5, 'r2': 0.9256252417693115}, {'age_bin': '50-54', 'age_mid': 52.5, 'r2': 0.9422604512439048}, {'age_bin': '55-59', 'age_mid': 57.5, 'r2': 0.9526131667533758}, {'age_bin': '60-64', 'age_mid': 62.5, 'r2': 0.955845575390245}, {'age_bin': '65-69', 'age_mid': 67.5, 'r2': 0.9572373432501171}, {'age_bin': '70-74', 'age_mid': 72.5, 'r2': 0.9612347902712906}, {'age_bin': '75-79', 'age_mid': 77.5, 'r2': 0.9552139394589982}, {'age_bin': '80-84', 'age_mid': 82.5, 'r2': 0.9455181392766584}]"
serum selenium,Selenium (ng/mL),0.9677104428773252,0.9351835784977105,0.9768501034737253,13,8.193511741437346,2.1694556010585875,113.04030328106516,2.1738413510273387,"[{'age_bin': '20-24', 'age_mid': 22.5, 'r2': 0.9374318480339668}, {'age_bin': '25-29', 'age_mid': 27.5, 'r2': 0.9368707031284513}, {'age_bin': '30-34', 'age_mid': 32.5, 'r2': 0.9351835784977105}, {'age_bin': '35-39', 'age_mid': 37.5, 'r2': 0.9513500706659899}, {'age_bin': '40-44', 'age_mid': 42.5, 'r2': 0.973957682167427}, {'age_bin': '45-49', 'age_mid': 47.5, 'r2': 0.980990143185563}, {'age_bin': '50-54', 'age_mid': 52.5, 'r2': 0.9710413357399506}, {'age_bin': '55-59', 'age_mid': 57.5, 'r2': 0.9768501034737253}, {'age_bin': '60-64', 'age_mid': 62.5, 'r2': 0.9817091580202261}, {'age_bin': '65-69', 'age_mid': 67.5, 'r2': 0.9844288183917415}, {'age_bin': '70-74', 'age_mid': 72.5, 'r2': 0.9866854424500384}, {'age_bin': '75-79', 'age_mid': 77.5, 'r2': 0.9811287500048376}, {'age_bin': '80-84', 'age_mid': 82.5, 'r2': 0.9826081236456014}]"
serum copper,Serum Copper (ug/dL),0.9819992130670762,0.9623464316490128,0.9826218140668835,13,13.197836088651071,5.52531484023426,90.82897261662478,1.8336441175782152,"[{'age_bin': '20-24', 'age_mid': 22.5, 'r2': 0.9623464316490128}, {'age_bin': '25-29', 'age_mid': 27.5, 'r2': 0.9650172255021976}, {'age_bin': '30-34', 'age_mid': 32.5, 'r2': 0.9699792234039785}, {'age_bin': '35-39', 'age_mid': 37.5, 'r2': 0.977376290321871}, {'age_bin': '40-44', 'age_mid': 42.5, 'r2': 0.9826218140668835}, {'age_bin': '45-49', 'age_mid': 47.5, 'r2': 0.9888820403147635}, {'age_bin': '50-54', 'age_mid': 52.5, 'r2': 0.991715504123079}, {'age_bin': '55-59', 'age_mid': 57.5, 'r2': 0.9932711679460834}, {'age_bin': '60-64', 'age_mid': 62.5, 'r2': 0.9914521476722505}, {'age_bin': '65-69', 'age_mid': 67.5, 'r2': 0.9758076225252248}, {'age_bin': '70-74', 'age_mid': 72.5, 'r2': 0.9948552044644483}, {'age_bin': '75-79', 'age_mid': 77.5, 'r2': 0.994827676775862}, {'age_bin': '80-84', 'age_mid': 82.5, 'r2': 0.9778374211063351}]"
serum ige antibody to alternaria alternata result,"Serum IgE antibody to Alternaria Alternata, result (kU/L)",0.19789768435955113,0.10385687806787469,0.21531371274603006,9,0.13780754217607222,0.18903047434628206,0.14689330852536522,0.10685361319406797,"[{'age_bin': '20-24', 'age_mid': 22.5, 'r2': 0.3286819790390513}, {'age_bin': '25-29', 'age_mid': 27.5, 'r2': 0.24441311092132212}, {'age_bin': '30-34', 'age_mid': 32.5, 'r2': 0.2271127950880626}, {'age_bin': '35-39', 'age_mid': 37.5, 'r2': 0.21531371274603006}, {'age_bin': '40-44', 'age_mid': 42.5, 'r2': 0.2412776144281069}, {'age_bin': '45-49', 'age_mid': 47.5, 'r2': 0.10385687806787469}, {'age_bin': '50-54', 'age_mid': 52.5, 'r2': 0.13934300989268755}, {'age_bin': '55-59', 'age_mid': 57.5, 'r2': None}, {'age_bin': '60-64', 'age_mid': 62.5, 'r2': 0.1284995971798819}, {'age_bin': '65-69', 'age_mid': 67.5, 'r2': 0.15258046187294283}, {'age_bin': '70-74', 'age_mid': 72.5, 'r2': None}, {'age_bin': '75-79', 'age_mid': 77.5, 'r2': None}, {'age_bin': '80-84', 'age_mid': 82.5, 'r2': None}]"
serum ige antibody to aspergillus fumigatus result,"Serum IgE antibody to Aspergillus Fumigatus, result (kU/L)",0.1471067467253254,0.053777910214116376,0.17833283778529402,10,0.029688661275859583,0.04375135574700621,0.2273508293359261,0.025919727284148,"[{'age_bin': '20-24', 'age_mid': 22.5, 'r2': 0.2345405254910753}, {'age_bin': '25-29', 'age_mid': 27.5, 'r2': 0.20422218804193826}, {'age_bin': '30-34', 'age_mid': 32.5, 'r2': 0.23128525887357954}, {'age_bin': '35-39', 'age_mid': 37.5, 'r2': 0.16910836306564958}, {'age_bin': '40-44', 'age_mid': 42.5, 'r2': 0.18755731250493846}, {'age_bin': '45-49', 'age_mid': 47.5, 'r2': 0.06085063864125395}, {'age_bin': '50-54', 'age_mid': 52.5, 'r2': 0.06042947809192545}, {'age_bin': '55-59', 'age_mid': 57.5, 'r2': None}, {'age_bin': '60-64', 'age_mid': 62.5, 'r2': 0.060308762136427996}, {'age_bin': '65-69', 'age_mid': 67.5, 'r2': 0.2089870301923491}, {'age_bin': '70-74', 'age_mid': 72.5, 'r2': None}, {'age_bin': '75-79', 'age_mid': 77.5, 'r2': None}, {'age_bin': '80-84', 'age_mid': 82.5, 'r2': 0.053777910214116376}]"
serum ige antibody to bermuda grass result,"Serum IgE antibody to Bermuda Grass, result (kU/L)",0.28753007332665703,0.05828018601130747,0.2959996837780324,12,0.37318811717720823,0.4059981678350952,-0.059642399201189696,0.24242067024292585,"[{'age_bin': '20-24', 'age_mid': 22.5, 'r2': 0.3394900278017986}, {'age_bin': '25-29', 'age_mid': 27.5, 'r2': 0.37888172524317654}, {'age_bin': '30-34', 'age_mid': 32.5, 'r2': 0.31052480947118033}, {'age_bin': '35-39', 'age_mid': 37.5, 'r2': 0.4099026216313947}, {'age_bin': '40-44', 'age_mid': 42.5, 'r2': 0.44065191081511146}, {'age_bin': '45-49', 'age_mid': 47.5, 'r2': 0.3474908519216905}, {'age_bin': '50-54', 'age_mid': 52.5, 'r2': 0.2543691238936454}, {'age_bin': '55-59', 'age_mid': 57.5, 'r2': 0.2109900375042253}, {'age_bin': '60-64', 'age_mid': 62.5, 'r2': 0.24570785517938298}, {'age_bin': '65-69', 'age_mid': 67.5, 'r2': 0.2814745580848844}, {'age_bin': '70-74', 'age_mid': 72.5, 'r2': 0.05828018601130747}, {'age_bin': '75-79', 'age_mid': 77.5, 'r2': 0.17259717236208683}, {'age_bin': '80-84', 'age_mid': 82.5, 'r2': None}]"
serum ige antibody to birch tree result,"Serum IgE antibody to Birch Tree, result (kU/L)",0.2348145189047,0.14650006666442406,0.23911441295563207,10,0.1260685699214579,0.09689947033002154,0.13030790303039902,0.0794699119305388,"[{'age_bin': '20-24', 'age_mid': 22.5, 'r2': 0.2939734313978035}, {'age_bin': '25-29', 'age_mid': 27.5, 'r2': 0.29930921700319246}, {'age_bin': '30-34', 'age_mid': 32.5, 'r2': 0.14650006666442406}, {'age_bin': '35-39', 'age_mid': 37.5, 'r2': 0.2557391954011591}, {'age_bin': '40-44', 'age_mid': 42.5, 'r2': 0.2830685684987422}, {'age_bin': '45-49', 'age_mid': 47.5, 'r2': 0.25771381185566367}, {'age_bin': '50-54', 'age_mid': 52.5, 'r2': 0.16354284959945953}, {'age_bin': '55-59', 'age_mid': 57.5, 'r2': 0.2182166871534882}, {'age_bin': '60-64', 'age_mid': 62.5, 'r2': 0.20759173096296257}, {'age_bin': '65-69', 'age_mid': 67.5, 'r2': 0.22248963051010506}, {'age_bin': '70-74', 'age_mid': 72.5, 'r2': None}, {'age_bin': '75-79', 'age_mid': 77.5, 'r2': None}, {'age_bin': '80-84', 'age_mid': 82.5, 'r2': None}]"
serum ige antibody to cat epithelium and dander result,"Serum IgE antibody to Cat Epithelium and Dander, result (kU/L)",0.2262923418413694,0.0980921900362205,0.22454662407763692,13,0.10998519075459799,0.11239985867444333,0.14546140736804228,0.07063858112462335,"[{'age_bin': '20-24', 'age_mid': 22.5, 'r2': 0.2821019553056162}, {'age_bin': '25-29', 'age_mid': 27.5, 'r2': 0.27483221320266193}, {'age_bin': '30-34', 'age_mid': 32.5, 'r2': 0.2999703845133068}, {'age_bin': '35-39', 'age_mid': 37.5, 'r2': 0.34153485450606724}, {'age_bin': '40-44', 'age_mid': 42.5, 'r2': 0.34858797295829647}, {'age_bin': '45-49', 'age_mid': 47.5, 'r2': 0.1863183988939373}, {'age_bin': '50-54', 'age_mid': 52.5, 'r2': 0.24966704399556616}, {'age_bin': '55-59', 'age_mid': 57.5, 'r2': 0.22454662407763692}, {'age_bin': '60-64', 'age_mid': 62.5, 'r2': 0.17591272268683555}, {'age_bin': '65-69', 'age_mid': 67.5, 'r2': 0.1924399507814042}, {'age_bin': '70-74', 'age_mid': 72.5, 'r2': 0.1672692086229206}, {'age_bin': '75-79', 'age_mid': 77.5, 'r2': 0.10052692435733213}, {'age_bin': '80-84', 'age_mid': 82.5, 'r2': 0.0980921900362205}]"
serum ige antibody to common ragweed result,"Serum IgE antibody to Common Ragweed, result (kU/L)",0.3076249700827277,0.053777910214117486,0.3513585460664722,13,0.2096414650874121,0.1958826805467317,0.06158352238704312,0.13654329982397884,"[{'age_bin': '20-24', 'age_mid': 22.5, 'r2': 0.41802924668843244}, {'age_bin': '25-29', 'age_mid': 27.5, 'r2': 0.45314469465395824}, {'age_bin': '30-34', 'age_mid': 32.5, 'r2': 0.44588651867585527}, {'age_bin': '35-39', 'age_mid': 37.5, 'r2': 0.43620227968431}, {'age_bin': '40-44', 'age_mid': 42.5, 'r2': 0.4721650927416108}, {'age_bin': '45-49', 'age_mid': 47.5, 'r2': 0.35172873525751436}, {'age_bin': '50-54', 'age_mid': 52.5, 'r2': 0.2026773542340209}, {'age_bin': '55-59', 'age_mid': 57.5, 'r2': 0.27672785436928893}, {'age_bin': '60-64', 'age_mid': 62.5, 'r2': 0.3290254247860428}, {'age_bin': '65-69', 'age_mid': 67.5, 'r2': 0.3513585460664722}, {'age_bin': '70-74', 'age_mid': 72.5, 'r2': 0.05828018601130802}, {'age_bin': '75-79', 'age_mid': 77.5, 'r2': 0.15012076769252902}, {'age_bin': '80-84', 'age_mid': 82.5, 'r2': 0.053777910214117486}]"
serum ige antibody to dermatophagoides farinae result,"Serum IgE antibody to Dermatophagoides Farinae, result (kU/L)",0.336461886243943,0.13350031823143704,0.36660562544477304,13,0.5704399643012226,0.6722027793327089,-0.22107979833996577,0.35046197535697066,"[{'age_bin': '20-24', 'age_mid': 22.5, 'r2': 0.37858151126352924}, {'age_bin': '25-29', 'age_mid': 27.5, 'r2': 0.47391734671163244}, {'age_bin': '30-34', 'age_mid': 32.5, 'r2': 0.4245350941554301}, {'age_bin': '35-39', 'age_mid': 37.5, 'r2': 0.43747767547289973}, {'age_bin': '40-44', 'age_mid': 42.5, 'r2': 0.20490322289486962}, {'age_bin': '45-49', 'age_mid': 47.5, 'r2': 0.23169423911400355}, {'age_bin': '50-54', 'age_mid': 52.5, 'r2': 0.32973105817582404}, {'age_bin': '55-59', 'age_mid': 57.5, 'r2': 0.36660562544477304}, {'age_bin': '60-64', 'age_mid': 62.5, 'r2': 0.4647366814463739}, {'age_bin': '65-69', 'age_mid': 67.5, 'r2': 0.4779591565294983}, {'age_bin': '70-74', 'age_mid': 72.5, 'r2': 0.13350031823143704}, {'age_bin': '75-79', 'age_mid': 77.5, 'r2': 0.23944850478578383}, {'age_bin': '80-84', 'age_mid': 82.5, 'r2': 0.2109140869452043}]"
serum ige antibody to dermatophagoides pteronyssinus result,"Serum IgE antibody to Dermatophagoides Pteronyssinus, result (kU/L)",0.339741057341668,0.19587852344061785,0.3346504379668619,13,0.6017044769023058,0.7464989624998446,-0.23113884729694317,0.392052116228862,"[{'age_bin': '20-24', 'age_mid': 22.5, 'r2': 0.40568663236943314}, {'age_bin': '25-29', 'age_mid': 27.5, 'r2': 0.4818626366242186}, {'age_bin': '30-34', 'age_mid': 32.5, 'r2': 0.4602767224357829}, {'age_bin': '35-39', 'age_mid': 37.5, 'r2': 0.41608227420816635}, {'age_bin': '40-44', 'age_mid': 42.5, 'r2': 0.20461757340435105}, {'age_bin': '45-49', 'age_mid': 47.5, 'r2': 0.3346504379668619}, {'age_bin': '50-54', 'age_mid': 52.5, 'r2': 0.30437190957386373}, {'age_bin': '55-59', 'age_mid': 57.5, 'r2': 0.33400698275641505}, {'age_bin': '60-64', 'age_mid': 62.5, 'r2': 0.4228172328514752}, {'age_bin': '65-69', 'age_mid': 67.5, 'r2': 0.4273314383752862}, {'age_bin': '70-74', 'age_mid': 72.5, 'r2': 0.19587852344061785}, {'age_bin': '75-79', 'age_mid': 77.5, 'r2': 0.22798847977849124}, {'age_bin': '80-84', 'age_mid': 82.5, 'r2': 0.20106290165672047}]"
serum ige antibody to dog dander result,"Serum IgE antibody to Dog Dander, result (kU/L)",0.2591513698548801,0.10223875709964514,0.2701856286789378,11,0.0829174054441048,0.0667698872370633,0.17386436961428323,0.03991622189524016,"[{'age_bin': '20-24', 'age_mid': 22.5, 'r2': 0.34926796963261786}, {'age_bin': '25-29', 'age_mid': 27.5, 'r2': 0.3919792517715359}, {'age_bin': '30-34', 'age_mid': 32.5, 'r2': 0.2701856286789378}, {'age_bin': '35-39', 'age_mid': 37.5, 'r2': 0.3225928488865991}, {'age_bin': '40-44', 'age_mid': 42.5, 'r2': 0.33430650154546737}, {'age_bin': '45-49', 'age_mid': 47.5, 'r2': 0.22205326352386678}, {'age_bin': '50-54', 'age_mid': 52.5, 'r2': 0.20028855624240482}, {'age_bin': '55-59', 'age_mid': 57.5, 'r2': 0.2806273156151168}, {'age_bin': '60-64', 'age_mid': 62.5, 'r2': 0.20976398282082542}, {'age_bin': '65-69', 'age_mid': 67.5, 'r2': 0.16736099258666404}, {'age_bin': '70-74', 'age_mid': 72.5, 'r2': 0.10223875709964514}, {'age_bin': '75-79', 'age_mid': 77.5, 'r2': None}, {'age_bin': '80-84', 'age_mid': 82.5, 'r2': None}]"
serum ige antibody to egg result,"Serum IgE antibody to Egg , result (kU/L)",0.07610916118923194,0.05828018601130802,0.07610916118923194,2,0.001420020241711708,0.0005147312720553645,0.24567110753799004,0.001874863967667867,"[{'age_bin': '20-24', 'age_mid': 22.5, 'r2': None}, {'age_bin': '25-29', 'age_mid': 27.5, 'r2': None}, {'age_bin': '30-34', 'age_mid': 32.5, 'r2': None}, {'age_bin': '35-39', 'age_mid': 37.5, 'r2': None}, {'age_bin': '40-44', 'age_mid': 42.5, 'r2': None}, {'age_bin': '45-49', 'age_mid': 47.5, 'r2': None}, {'age_bin': '50-54', 'age_mid': 52.5, 'r2': None}, {'age_bin': '55-59', 'age_mid': 57.5, 'r2': None}, {'age_bin': '60-64', 'age_mid': 62.5, 'r2': None}, {'age_bin': '65-69', 'age_mid': 67.5, 'r2': None}, {'age_bin': '70-74', 'age_mid': 72.5, 'r2': 0.05828018601130802}, {'age_bin': '75-79', 'age_mid': 77.5, 'r2': 0.09393813636715587}, {'age_bin': '80-84', 'age_mid': 82.5, 'r2': None}]"
serum ige antibody to german cockroach result,"Serum IgE antibody to German Cockroach, result (kU/L)",0.2767067078885272,0.053777910214117486,0.3152723385245782,12,0.11040769505534888,0.10888790190954449,0.14966864428231352,0.06661071842524877,"[{'age_bin': '20-24', 'age_mid': 22.5, 'r2': 0.34923372460491386}, {'age_bin': '25-29', 'age_mid': 27.5, 'r2': 0.3498193629488757}, {'age_bin': '30-34', 'age_mid': 32.5, 'r2': 0.34359044264094885}, {'age_bin': '35-39', 'age_mid': 37.5, 'r2': 0.33718604544511044}, {'age_bin': '40-44', 'age_mid': 42.5, 'r2': 0.36431675201223024}, {'age_bin': '45-49', 'age_mid': 47.5, 'r2': 0.31248564277942104}, {'age_bin': '50-54', 'age_mid': 52.5, 'r2': 0.21681750844996928}, {'age_bin': '55-59', 'age_mid': 57.5, 'r2': 0.2529939003502176}, {'age_bin': '60-64', 'age_mid': 62.5, 'r2': 0.2489832182888686}, {'age_bin': '65-69', 'age_mid': 67.5, 'r2': 0.31805903426973536}, {'age_bin': '70-74', 'age_mid': 72.5, 'r2': 0.17321695265791692}, {'age_bin': '75-79', 'age_mid': 77.5, 'r2': None}, {'age_bin': '80-84', 'age_mid': 82.5, 'r2': 0.053777910214117486}]"
serum ige antibody to peanut result,"Serum IgE antibody to Peanut, result (kU/L)",0.21434044603435612,0.05650363303780892,0.2592529946765697,11,0.041029411970742,0.03449644024502865,0.21044046825129384,0.027670294374159427,"[{'age_bin': '20-24', 'age_mid': 22.5, 'r2': 0.3077454315448718}, {'age_bin': '25-29', 'age_mid': 27.5, 'r2': 0.2842942213292792}, {'age_bin': '30-34', 'age_mid': 32.5, 'r2': 0.23361355289260688}, {'age_bin': '35-39', 'age_mid': 37.5, 'r2': 0.29222955034785314}, {'age_bin': '40-44', 'age_mid': 42.5, 'r2': 0.30639032178414394}, {'age_bin': '45-49', 'age_mid': 47.5, 'r2': 0.2592529946765697}, {'age_bin': '50-54', 'age_mid': 52.5, 'r2': 0.06042947809192545}, {'age_bin': '55-59', 'age_mid': 57.5, 'r2': 0.06047107063797785}, {'age_bin': '60-64', 'age_mid': 62.5, 'r2': 0.18974568980639317}, {'age_bin': '65-69', 'age_mid': 67.5, 'r2': 0.30706896222848734}, {'age_bin': '70-74', 'age_mid': 72.5, 'r2': None}, {'age_bin': '75-79', 'age_mid': 77.5, 'r2': 0.05650363303780892}, {'age_bin': '80-84', 'age_mid': 82.5, 'r2': None}]"
serum ige antibody to russian thistle result,"Serum IgE antibody to Russian Thistle, result (kU/L)",0.29738914423963336,0.15191073044210113,0.3108592415926754,10,0.10813934111093826,0.09046076721070843,0.15902523494107054,0.04947531204738069,"[{'age_bin': '20-24', 'age_mid': 22.5, 'r2': 0.37812751659466415}, {'age_bin': '25-29', 'age_mid': 27.5, 'r2': 0.40753028367534094}, {'age_bin': '30-34', 'age_mid': 32.5, 'r2': 0.3748549383296299}, {'age_bin': '35-39', 'age_mid': 37.5, 'r2': 0.3253782270244434}, {'age_bin': '40-44', 'age_mid': 42.5, 'r2': 0.350157769974185}, {'age_bin': '45-49', 'age_mid': 47.5, 'r2': 0.2963402561609074}, {'age_bin': '50-54', 'age_mid': 52.5, 'r2': 0.15191073044210113}, {'age_bin': '55-59', 'age_mid': 57.5, 'r2': 0.22810830569292262}, {'age_bin': '60-64', 'age_mid': 62.5, 'r2': 0.19511805685666916}, {'age_bin': '65-69', 'age_mid': 67.5, 'r2': 0.2663653576454703}, {'age_bin': '70-74', 'age_mid': 72.5, 'r2': None}, {'age_bin': '75-79', 'age_mid': 77.5, 'r2': None}, {'age_bin': '80-84', 'age_mid': 82.5, 'r2': None}]"
serum ige antibody to rye grass result,"Serum IgE antibody to Rye Grass, result (kU/L)",0.3269180076340558,0.10035013810076021,0.3222727347404942,13,1.0496434565585735,1.1589854674501405,-0.6150312461218387,0.6702155314416878,"[{'age_bin': '20-24', 'age_mid': 22.5, 'r2': 0.45598627257661084}, {'age_bin': '25-29', 'age_mid': 27.5, 'r2': 0.4960280636867668}, {'age_bin': '30-34', 'age_mid': 32.5, 'r2': 0.40589579428551636}, {'age_bin': '35-39', 'age_mid': 37.5, 'r2': 0.47837272470840464}, {'age_bin': '40-44', 'age_mid': 42.5, 'r2': 0.45242253449570813}, {'age_bin': '45-49', 'age_mid': 47.5, 'r2': 0.3585777908972263}, {'age_bin': '50-54', 'age_mid': 52.5, 'r2': 0.3222727347404942}, {'age_bin': '55-59', 'age_mid': 57.5, 'r2': 0.28329363972361987}, {'age_bin': '60-64', 'age_mid': 62.5, 'r2': 0.26373358681842285}, {'age_bin': '65-69', 'age_mid': 67.5, 'r2': 0.249864283281391}, {'age_bin': '70-74', 'age_mid': 72.5, 'r2': 0.10035013810076021}, {'age_bin': '75-79', 'age_mid': 77.5, 'r2': 0.2640152676214248}, {'age_bin': '80-84', 'age_mid': 82.5, 'r2': 0.11912126830637948}]"
serum ige antibody to shrimp result,"Serum IgE antibody to Shrimp, result (kU/L)",0.1875741080645496,0.10877964093154957,0.18202720593448618,10,0.02913085592803335,0.01673018571051782,0.21943658971544805,0.013609957118280053,"[{'age_bin': '20-24', 'age_mid': 22.5, 'r2': 0.2514838049184599}, {'age_bin': '25-29', 'age_mid': 27.5, 'r2': 0.2588993729868191}, {'age_bin': '30-34', 'age_mid': 32.5, 'r2': 0.1695241803552855}, {'age_bin': '35-39', 'age_mid': 37.5, 'r2': 0.2107213293956095}, {'age_bin': '40-44', 'age_mid': 42.5, 'r2': 0.18018367417732606}, {'age_bin': '45-49', 'age_mid': 47.5, 'r2': 0.10877964093154957}, {'age_bin': '50-54', 'age_mid': 52.5, 'r2': 0.11514954045927894}, {'age_bin': '55-59', 'age_mid': 57.5, 'r2': 0.13436982023793398}, {'age_bin': '60-64', 'age_mid': 62.5, 'r2': 0.1838707376916463}, {'age_bin': '65-69', 'age_mid': 67.5, 'r2': 0.26275897949158733}, {'age_bin': '70-74', 'age_mid': 72.5, 'r2': None}, {'age_bin': '75-79', 'age_mid': 77.5, 'r2': None}, {'age_bin': '80-84', 'age_mid': 82.5, 'r2': None}]"
serum ige antibody to white oak result,"Serum IgE antibody to White Oak, result (kU/L)",0.2959833854413053,0.18768653948463987,0.3078291911374028,10,0.1350729558257136,0.09927934008180511,0.12558458167964354,0.07507368952279113,"[{'age_bin': '20-24', 'age_mid': 22.5, 'r2': 0.37195395509603113}, {'age_bin': '25-29', 'age_mid': 27.5, 'r2': 0.3650228499767424}, {'age_bin': '30-34', 'age_mid': 32.5, 'r2': 0.343131977825446}, {'age_bin': '35-39', 'age_mid': 37.5, 'r2': 0.30425081143073485}, {'age_bin': '40-44', 'age_mid': 42.5, 'r2': 0.3114075708440708}, {'age_bin': '45-49', 'age_mid': 47.5, 'r2': 0.2585823148103805}, {'age_bin': '50-54', 'age_mid': 52.5, 'r2': 0.18768653948463987}, {'age_bin': '55-59', 'age_mid': 57.5, 'r2': 0.29022276697807936}, {'age_bin': '60-64', 'age_mid': 62.5, 'r2': 0.191912914709505}, {'age_bin': '65-69', 'age_mid': 67.5, 'r2': 0.3356621532574231}, {'age_bin': '70-74', 'age_mid': 72.5, 'r2': None}, {'age_bin': '75-79', 'age_mid': 77.5, 'r2': None}, {'age_bin': '80-84', 'age_mid': 82.5, 'r2': None}]"
serum total ige antibody result,"Serum Total IgE antibody, result (kU/L)",0.791707383553966,0.6971451749904319,0.7976272265698983,13,73.8657261781466,34.97416054036593,-49.53721863063872,26.631543005282158,"[{'age_bin': '20-24', 'age_mid': 22.5, 'r2': 0.8191251169661566}, {'age_bin': '25-29', 'age_mid': 27.5, 'r2': 0.8290700338436637}, {'age_bin': '30-34', 'age_mid': 32.5, 'r2': 0.788187207820259}, {'age_bin': '35-39', 'age_mid': 37.5, 'r2': 0.8510865903799332}, {'age_bin': '40-44', 'age_mid': 42.5, 'r2': 0.7976272265698983}, {'age_bin': '45-49', 'age_mid': 47.5, 'r2': 0.6971451749904319}, {'age_bin': '50-54', 'age_mid': 52.5, 'r2': 0.8362714098452316}, {'age_bin': '55-59', 'age_mid': 57.5, 'r2': 0.7408095365466931}, {'age_bin': '60-64', 'age_mid': 62.5, 'r2': 0.698498593221605}, {'age_bin': '65-69', 'age_mid': 67.5, 'r2': 0.7644740160698931}, {'age_bin': '70-74', 'age_mid': 72.5, 'r2': 0.878018369706208}, {'age_bin': '75-79', 'age_mid': 77.5, 'r2': 0.8068942682959109}, {'age_bin': '80-84', 'age_mid': 82.5, 'r2': 0.7849884419456731}]"
serum zinc,Serum Zinc (ug/dL),0.9665431415783788,0.9315085641082713,0.9666810142388433,13,7.174461633773718,2.268719418096549,65.62642242165968,3.36944503627646,"[{'age_bin': '20-24', 'age_mid': 22.5, 'r2': 0.9320228624081928}, {'age_bin': '25-29', 'age_mid': 27.5, 'r2': 0.9315085641082713}, {'age_bin': '30-34', 'age_mid': 32.5, 'r2': 0.9533710410901916}, {'age_bin': '35-39', 'age_mid': 37.5, 'r2': 0.952728321948646}, {'age_bin': '40-44', 'age_mid': 42.5, 'r2': 0.9595527469294921}, {'age_bin': '45-49', 'age_mid': 47.5, 'r2': 0.9782354434337778}, {'age_bin': '50-54', 'age_mid': 52.5, 'r2': 0.9606704855448729}, {'age_bin': '55-59', 'age_mid': 57.5, 'r2': 0.9666810142388433}, {'age_bin': '60-64', 'age_mid': 62.5, 'r2': 0.9809327926520365}, {'age_bin': '65-69', 'age_mid': 67.5, 'r2': 0.9758234825916824}, {'age_bin': '70-74', 'age_mid': 72.5, 'r2': 0.993146960156775}, {'age_bin': '75-79', 'age_mid': 77.5, 'r2': 0.9863364442314495}, {'age_bin': '80-84', 'age_mid': 82.5, 'r2': 0.9940506811846935}]"
serum ferritin,Serum ferritin (ng/ml),,,,0,,,,,"[{'age_bin': '20-24', 'age_mid': 22.5, 'r2': None}, {'age_bin': '25-29', 'age_mid': 27.5, 'r2': None}, {'age_bin': '30-34', 'age_mid': 32.5, 'r2': None}, {'age_bin': '35-39', 'age_mid': 37.5, 'r2': None}, {'age_bin': '40-44', 'age_mid': 42.5, 'r2': None}, {'age_bin': '45-49', 'age_mid': 47.5, 'r2': None}, {'age_bin': '50-54', 'age_mid': 52.5, 'r2': None}, {'age_bin': '55-59', 'age_mid': 57.5, 'r2': None}, {'age_bin': '60-64', 'age_mid': 62.5, 'r2': None}, {'age_bin': '65-69', 'age_mid': 67.5, 'r2': None}, {'age_bin': '70-74', 'age_mid': 72.5, 'r2': None}, {'age_bin': '75-79', 'age_mid': 77.5, 'r2': None}, {'age_bin': '80-84', 'age_mid': 82.5, 'r2': None}]"
serum neurofilament light chain,Serum neurofilament light chain (pg/ml),0.9341770473997414,0.8510542341619833,0.9326566947613417,11,3.724287085449025,0.38073457552912104,6.268874475954719,2.030093633672419,"[{'age_bin': '20-24', 'age_mid': 22.5, 'r2': 0.963812193164039}, {'age_bin': '25-29', 'age_mid': 27.5, 'r2': 0.9598086980978593}, {'age_bin': '30-34', 'age_mid': 32.5, 'r2': 0.9219527190700755}, {'age_bin': '35-39', 'age_mid': 37.5, 'r2': 0.8510542341619833}, {'age_bin': '40-44', 'age_mid': 42.5, 'r2': 0.9717506293448462}, {'age_bin': '45-49', 'age_mid': 47.5, 'r2': 0.8895495391579227}, {'age_bin': '50-54', 'age_mid': 52.5, 'r2': 0.9180994549012623}, {'age_bin': '55-59', 'age_mid': 57.5, 'r2': 0.9266763797498074}, {'age_bin': '60-64', 'age_mid': 62.5, 'r2': 0.9326566947613417}, {'age_bin': '65-69', 'age_mid': 67.5, 'r2': 0.9769365995153911}, {'age_bin': '70-74', 'age_mid': 72.5, 'r2': 0.9636503794726268}, {'age_bin': '75-79', 'age_mid': 77.5, 'r2': None}, {'age_bin': '80-84', 'age_mid': 82.5, 'r2': None}]"
serum total folate,Serum total folate (ng/mL),0.988040618497948,0.9689628054105853,0.9911364989112115,13,4.536498494580893,0.36009600994004054,7.071334199924092,1.7242383180276137,"[{'age_bin': '20-24', 'age_mid': 22.5, 'r2': 0.9689628054105853}, {'age_bin': '25-29', 'age_mid': 27.5, 'r2': 0.9739949667066692}, {'age_bin': '30-34', 'age_mid': 32.5, 'r2': 0.9807188149749742}, {'age_bin': '35-39', 'age_mid': 37.5, 'r2': 0.9815310032690578}, {'age_bin': '40-44', 'age_mid': 42.5, 'r2': 0.9865363076504448}, {'age_bin': '45-49', 'age_mid': 47.5, 'r2': 0.9910211405543091}, {'age_bin': '50-54', 'age_mid': 52.5, 'r2': 0.9929667774273352}, {'age_bin': '55-59', 'age_mid': 57.5, 'r2': 0.9933640909197493}, {'age_bin': '60-64', 'age_mid': 62.5, 'r2': 0.9950796309140086}, {'age_bin': '65-69', 'age_mid': 67.5, 'r2': 0.9972571431691132}, {'age_bin': '70-74', 'age_mid': 72.5, 'r2': 0.9951710240125642}, {'age_bin': '75-79', 'age_mid': 77.5, 'r2': 0.9911364989112115}, {'age_bin': '80-84', 'age_mid': 82.5, 'r2': 0.9967878365533025}]"
serum transferrin receptor,Serum transferrin receptor (mg/l),,,,0,,,,,"[{'age_bin': '20-24', 'age_mid': 22.5, 'r2': None}, {'age_bin': '25-29', 'age_mid': 27.5, 'r2': None}, {'age_bin': '30-34', 'age_mid': 32.5, 'r2': None}, {'age_bin': '35-39', 'age_mid': 37.5, 'r2': None}, {'age_bin': '40-44', 'age_mid': 42.5, 'r2': None}, {'age_bin': '45-49', 'age_mid': 47.5, 'r2': None}, {'age_bin': '50-54', 'age_mid': 52.5, 'r2': None}, {'age_bin': '55-59', 'age_mid': 57.5, 'r2': None}, {'age_bin': '60-64', 'age_mid': 62.5, 'r2': None}, {'age_bin': '65-69', 'age_mid': 67.5, 'r2': None}, {'age_bin': '70-74', 'age_mid': 72.5, 'r2': None}, {'age_bin': '75-79', 'age_mid': 77.5, 'r2': None}, {'age_bin': '80-84', 'age_mid': 82.5, 'r2': None}]"
sex hormone binding globulin,Sex Hormone Binding Globulin (nmol/L),0.9719325021877457,0.9491926289205279,0.9713665426388722,9,8.355203744386637,1.6066635158320663,20.21865988495557,3.0840365595771195,"[{'age_bin': '20-24', 'age_mid': 22.5, 'r2': 0.9723057986094906}, {'age_bin': '25-29', 'age_mid': 27.5, 'r2': 0.9713665426388722}, {'age_bin': '30-34', 'age_mid': 32.5, 'r2': 0.9854855176612013}, {'age_bin': '35-39', 'age_mid': 37.5, 'r2': 0.9784290304822274}, {'age_bin': '40-44', 'age_mid': 42.5, 'r2': 0.9905807531349186}, {'age_bin': '45-49', 'age_mid': 47.5, 'r2': 0.9686812237496186}, {'age_bin': '50-54', 'age_mid': 52.5, 'r2': 0.9491926289205279}, {'age_bin': '55-59', 'age_mid': 57.5, 'r2': 0.9641885422765523}, {'age_bin': '60-64', 'age_mid': 62.5, 'r2': 0.9671624822163016}, {'age_bin': '65-69', 'age_mid': 67.5, 'r2': None}, {'age_bin': '70-74', 'age_mid': 72.5, 'r2': None}, {'age_bin': '75-79', 'age_mid': 77.5, 'r2': None}, {'age_bin': '80-84', 'age_mid': 82.5, 'r2': None}]"
sex hormone binding globulin shbg,Sex Hormone Binding Globulin SHBG (nmol/L),0.9599490010023373,0.9001953756174841,0.961393273725607,13,15.168495346209891,5.445895510483278,19.46995139762544,1.9040670087493365,"[{'age_bin': '20-24', 'age_mid': 22.5, 'r2': 0.9001953756174841}, {'age_bin': '25-29', 'age_mid': 27.5, 'r2': 0.9136602001542227}, {'age_bin': '30-34', 'age_mid': 32.5, 'r2': 0.95053487200829}, {'age_bin': '35-39', 'age_mid': 37.5, 'r2': 0.9570595426105034}, {'age_bin': '40-44', 'age_mid': 42.5, 'r2': 0.961393273725607}, {'age_bin': '45-49', 'age_mid': 47.5, 'r2': 0.9580496497796356}, {'age_bin': '50-54', 'age_mid': 52.5, 'r2': 0.9724718339951253}, {'age_bin': '55-59', 'age_mid': 57.5, 'r2': 0.9562117879826368}, {'age_bin': '60-64', 'age_mid': 62.5, 'r2': 0.98318718732104}, {'age_bin': '65-69', 'age_mid': 67.5, 'r2': 0.986245454620295}, {'age_bin': '70-74', 'age_mid': 72.5, 'r2': 0.9938425917210353}, {'age_bin': '75-79', 'age_mid': 77.5, 'r2': 0.9646016132489184}, {'age_bin': '80-84', 'age_mid': 82.5, 'r2': 0.9818836302455912}]"
sieved dust weight,Sieved dust weight (mg),0.9576020773849698,0.9325228982552202,0.9612508091763865,13,193.40221831304,71.12740214092253,181.84475864221383,90.52313553072953,"[{'age_bin': '20-24', 'age_mid': 22.5, 'r2': 0.9660604309753567}, {'age_bin': '25-29', 'age_mid': 27.5, 'r2': 0.9776239481529205}, {'age_bin': '30-34', 'age_mid': 32.5, 'r2': 0.9710363362777209}, {'age_bin': '35-39', 'age_mid': 37.5, 'r2': 0.9852939359694504}, {'age_bin': '40-44', 'age_mid': 42.5, 'r2': 0.9379938522104864}, {'age_bin': '45-49', 'age_mid': 47.5, 'r2': 0.9633660939522116}, {'age_bin': '50-54', 'age_mid': 52.5, 'r2': 0.9526577239894879}, {'age_bin': '55-59', 'age_mid': 57.5, 'r2': 0.9325228982552202}, {'age_bin': '60-64', 'age_mid': 62.5, 'r2': 0.933966339589235}, {'age_bin': '65-69', 'age_mid': 67.5, 'r2': 0.9748170118192261}, {'age_bin': '70-74', 'age_mid': 72.5, 'r2': 0.9612508091763865}, {'age_bin': '75-79', 'age_mid': 77.5, 'r2': 0.9420362308215343}, {'age_bin': '80-84', 'age_mid': 82.5, 'r2': 0.9502013948153714}]"
size of peak if available,Size of peak if available,0.8421777476095796,0.8421777476095796,0.8421777476095796,1,0.2017155479438112,0.0,-0.24304971545581772,0.0,"[{'age_bin': '20-24', 'age_mid': 22.5, 'r2': None}, {'age_bin': '25-29', 'age_mid': 27.5, 'r2': None}, {'age_bin': '30-34', 'age_mid': 32.5, 'r2': None}, {'age_bin': '35-39', 'age_mid': 37.5, 'r2': None}, {'age_bin': '40-44', 'age_mid': 42.5, 'r2': None}, {'age_bin': '45-49', 'age_mid': 47.5, 'r2': None}, {'age_bin': '50-54', 'age_mid': 52.5, 'r2': None}, {'age_bin': '55-59', 'age_mid': 57.5, 'r2': None}, {'age_bin': '60-64', 'age_mid': 62.5, 'r2': 0.8421777476095796}, {'age_bin': '65-69', 'age_mid': 67.5, 'r2': None}, {'age_bin': '70-74', 'age_mid': 72.5, 'r2': None}, {'age_bin': '75-79', 'age_mid': 77.5, 'r2': None}, {'age_bin': '80-84', 'age_mid': 82.5, 'r2': None}]"
sodium,Sodium (mmol/L),0.9302577872580619,0.8907564973935618,0.9315101553160425,13,1.124137317767624,0.23019894676103286,137.23893220506764,0.419706596321629,"[{'age_bin': '20-24', 'age_mid': 22.5, 'r2': 0.8907564973935618}, {'age_bin': '25-29', 'age_mid': 27.5, 'r2': 0.9103399963052453}, {'age_bin': '30-34', 'age_mid': 32.5, 'r2': 0.9133121436616947}, {'age_bin': '35-39', 'age_mid': 37.5, 'r2': 0.9011607388993463}, {'age_bin': '40-44', 'age_mid': 42.5, 'r2': 0.9257201512504056}, {'age_bin': '45-49', 'age_mid': 47.5, 'r2': 0.9366032394715386}, {'age_bin': '50-54', 'age_mid': 52.5, 'r2': 0.9315101553160425}, {'age_bin': '55-59', 'age_mid': 57.5, 'r2': 0.9482140162822131}, {'age_bin': '60-64', 'age_mid': 62.5, 'r2': 0.9537257876789956}, {'age_bin': '65-69', 'age_mid': 67.5, 'r2': 0.9536694306133183}, {'age_bin': '70-74', 'age_mid': 72.5, 'r2': 0.9511333010210299}, {'age_bin': '75-79', 'age_mid': 77.5, 'r2': 0.9515758654400595}, {'age_bin': '80-84', 'age_mid': 82.5, 'r2': 0.9256299110213516}]"
sodium si,Sodium: SI (mmol/L),0.908510940193511,0.854606833429709,0.9201406516099206,13,1.1357976730488917,0.2581153356050859,136.34554022125616,0.6878998299423744,"[{'age_bin': '20-24', 'age_mid': 22.5, 'r2': 0.854606833429709}, {'age_bin': '25-29', 'age_mid': 27.5, 'r2': 0.8965977814423338}, {'age_bin': '30-34', 'age_mid': 32.5, 'r2': 0.8767964248646462}, {'age_bin': '35-39', 'age_mid': 37.5, 'r2': 0.8752671681302697}, {'age_bin': '40-44', 'age_mid': 42.5, 'r2': 0.9427089320932557}, {'age_bin': '45-49', 'age_mid': 47.5, 'r2': 0.9201406516099206}, {'age_bin': '50-54', 'age_mid': 52.5, 'r2': 0.9378478451960569}, {'age_bin': '55-59', 'age_mid': 57.5, 'r2': 0.9472140400249233}, {'age_bin': '60-64', 'age_mid': 62.5, 'r2': 0.9305581267409783}, {'age_bin': '65-69', 'age_mid': 67.5, 'r2': 0.9336851337337269}, {'age_bin': '70-74', 'age_mid': 72.5, 'r2': 0.923131489131651}, {'age_bin': '75-79', 'age_mid': 77.5, 'r2': 0.8730905118401584}, {'age_bin': '80-84', 'age_mid': 82.5, 'r2': 0.8989972842780118}]"
specimen index ratio,Specimen Index ratio,0.9646540252765572,0.9560193712929844,0.966198345206958,6,0.8994230515067739,0.08651876466923158,1.592633859290676,0.14545458337330697,"[{'age_bin': '20-24', 'age_mid': 22.5, 'r2': 0.9583510807787006}, {'age_bin': '25-29', 'age_mid': 27.5, 'r2': 0.9693939194429115}, {'age_bin': '30-34', 'age_mid': 32.5, 'r2': 0.9646887636325062}, {'age_bin': '35-39', 'age_mid': 37.5, 'r2': 0.9560193712929844}, {'age_bin': '40-44', 'age_mid': 42.5, 'r2': 0.9677079267814097}, {'age_bin': '45-49', 'age_mid': 47.5, 'r2': 0.9717630897308309}, {'age_bin': '50-54', 'age_mid': 52.5, 'r2': None}, {'age_bin': '55-59', 'age_mid': 57.5, 'r2': None}, {'age_bin': '60-64', 'age_mid': 62.5, 'r2': None}, {'age_bin': '65-69', 'age_mid': 67.5, 'r2': None}, {'age_bin': '70-74', 'age_mid': 72.5, 'r2': None}, {'age_bin': '75-79', 'age_mid': 77.5, 'r2': None}, {'age_bin': '80-84', 'age_mid': 82.5, 'r2': None}]"
stearic acid 18 0,Stearic acid (18:0) (umol/L),0.976941030670996,0.9507891143672228,0.9823682471431757,13,81.74748767303478,25.605759260809037,498.8910806635626,22.74600160580179,"[{'age_bin': '20-24', 'age_mid': 22.5, 'r2': 0.9621440766997587}, {'age_bin': '25-29', 'age_mid': 27.5, 'r2': 0.9507891143672228}, {'age_bin': '30-34', 'age_mid': 32.5, 'r2': 0.9680490159976897}, {'age_bin': '35-39', 'age_mid': 37.5, 'r2': 0.9668243679487372}, {'age_bin': '40-44', 'age_mid': 42.5, 'r2': 0.9672106371643697}, {'age_bin': '45-49', 'age_mid': 47.5, 'r2': 0.9693385206077023}, {'age_bin': '50-54', 'age_mid': 52.5, 'r2': 0.9843576391160694}, {'age_bin': '55-59', 'age_mid': 57.5, 'r2': 0.9845688819885728}, {'age_bin': '60-64', 'age_mid': 62.5, 'r2': 0.9823682471431757}, {'age_bin': '65-69', 'age_mid': 67.5, 'r2': 0.9892150968849837}, {'age_bin': '70-74', 'age_mid': 72.5, 'r2': 0.9923932378725737}, {'age_bin': '75-79', 'age_mid': 77.5, 'r2': 0.990915330039752}, {'age_bin': '80-84', 'age_mid': 82.5, 'r2': 0.9920592328923433}]"
stearic acid,Stearic acid (micromol/L),0.9678634704835937,0.9421702570695277,0.9688266047364523,13,75.61435536196977,28.522882408676672,553.2408479679182,31.29812554256284,"[{'age_bin': '20-24', 'age_mid': 22.5, 'r2': 0.9535004991102779}, {'age_bin': '25-29', 'age_mid': 27.5, 'r2': 0.9542153158956909}, {'age_bin': '30-34', 'age_mid': 32.5, 'r2': 0.9421702570695277}, {'age_bin': '35-39', 'age_mid': 37.5, 'r2': 0.9626599880187473}, {'age_bin': '40-44', 'age_mid': 42.5, 'r2': 0.9688266047364523}, {'age_bin': '45-49', 'age_mid': 47.5, 'r2': 0.9889464425144369}, {'age_bin': '50-54', 'age_mid': 52.5, 'r2': 0.9742227131615493}, {'age_bin': '55-59', 'age_mid': 57.5, 'r2': 0.9662281901446398}, {'age_bin': '60-64', 'age_mid': 62.5, 'r2': 0.9883439416797974}, {'age_bin': '65-69', 'age_mid': 67.5, 'r2': 0.9761494935825853}, {'age_bin': '70-74', 'age_mid': 72.5, 'r2': 0.9482767024261399}, {'age_bin': '75-79', 'age_mid': 77.5, 'r2': 0.9881419292271334}, {'age_bin': '80-84', 'age_mid': 82.5, 'r2': 0.9705430387197388}]"
stearidonic acid c18 4n-3,Stearidonic acid (C18:4n-3) (umol/L),0.9580423114520927,0.9209667419234425,0.9616605607720282,13,1.1875761274521608,0.3280062322465382,0.9558016460754332,0.2637420352059206,"[{'age_bin': '20-24', 'age_mid': 22.5, 'r2': 0.9453836557107953}, {'age_bin': '25-29', 'age_mid': 27.5, 'r2': 0.9480152855245697}, {'age_bin': '30-34', 'age_mid': 32.5, 'r2': 0.9209667419234425}, {'age_bin': '35-39', 'age_mid': 37.5, 'r2': 0.9566251936927386}, {'age_bin': '40-44', 'age_mid': 42.5, 'r2': 0.9619720586751016}, {'age_bin': '45-49', 'age_mid': 47.5, 'r2': 0.9683864681212448}, {'age_bin': '50-54', 'age_mid': 52.5, 'r2': 0.9616605607720282}, {'age_bin': '55-59', 'age_mid': 57.5, 'r2': 0.9472599885517072}, {'age_bin': '60-64', 'age_mid': 62.5, 'r2': 0.9502016717855172}, {'age_bin': '65-69', 'age_mid': 67.5, 'r2': 0.9753467174896001}, {'age_bin': '70-74', 'age_mid': 72.5, 'r2': 0.9666691813685511}, {'age_bin': '75-79', 'age_mid': 77.5, 'r2': 0.966766158365204}, {'age_bin': '80-84', 'age_mid': 82.5, 'r2': 0.9852963668967059}]"
styrene result,Styrene Result,0.9433061179682607,0.9433061179682607,0.9433061179682607,1,0.02294596283615059,0.0,0.022442307923374472,0.0,"[{'age_bin': '20-24', 'age_mid': 22.5, 'r2': None}, {'age_bin': '25-29', 'age_mid': 27.5, 'r2': None}, {'age_bin': '30-34', 'age_mid': 32.5, 'r2': None}, {'age_bin': '35-39', 'age_mid': 37.5, 'r2': None}, {'age_bin': '40-44', 'age_mid': 42.5, 'r2': 0.9433061179682607}, {'age_bin': '45-49', 'age_mid': 47.5, 'r2': None}, {'age_bin': '50-54', 'age_mid': 52.5, 'r2': None}, {'age_bin': '55-59', 'age_mid': 57.5, 'r2': None}, {'age_bin': '60-64', 'age_mid': 62.5, 'r2': None}, {'age_bin': '65-69', 'age_mid': 67.5, 'r2': None}, {'age_bin': '70-74', 'age_mid': 72.5, 'r2': None}, {'age_bin': '75-79', 'age_mid': 77.5, 'r2': None}, {'age_bin': '80-84', 'age_mid': 82.5, 'r2': None}]"
surplus sera 2- n-ethyl-perfluorooctane sulfonamido acetate epah result,Surplus sera 2-(N-ethyl-perfluorooctane sulfonamido) acetate (EPAH) result (ng/ml),0.9351255571225761,0.8796322328824098,0.9302894353726285,11,0.2760000253395561,0.10873878704460017,0.15574605785913864,0.10725340015004471,"[{'age_bin': '20-24', 'age_mid': 22.5, 'r2': 0.8796322328824098}, {'age_bin': '25-29', 'age_mid': 27.5, 'r2': 0.9655944151545524}, {'age_bin': '30-34', 'age_mid': 32.5, 'r2': 0.9731814436445061}, {'age_bin': '35-39', 'age_mid': 37.5, 'r2': 0.9178195976262746}, {'age_bin': '40-44', 'age_mid': 42.5, 'r2': 0.9573617243007765}, {'age_bin': '45-49', 'age_mid': 47.5, 'r2': 0.9768780789895367}, {'age_bin': '50-54', 'age_mid': 52.5, 'r2': 0.9561437943841449}, {'age_bin': '55-59', 'age_mid': 57.5, 'r2': 0.9253805327877626}, {'age_bin': '60-64', 'age_mid': 62.5, 'r2': 0.8958699257114642}, {'age_bin': '65-69', 'age_mid': 67.5, 'r2': 0.9082299474942805}, {'age_bin': '70-74', 'age_mid': 72.5, 'r2': 0.9302894353726285}, {'age_bin': '75-79', 'age_mid': 77.5, 'r2': None}, {'age_bin': '80-84', 'age_mid': 82.5, 'r2': None}]"
surplus sera 2- n-methyl-perfluorooctane sulfonamido acetate mpah result,Surplus sera 2-(N-methyl-perfluorooctane sulfonamido) acetate (MPAH) result (ng/ml),0.9438852336293091,0.7752055618681393,0.9647349111523047,11,0.3620115124102707,0.14486886180412925,0.2219213906972916,0.15722802035782135,"[{'age_bin': '20-24', 'age_mid': 22.5, 'r2': 0.9089769848703879}, {'age_bin': '25-29', 'age_mid': 27.5, 'r2': 0.9905592904706145}, {'age_bin': '30-34', 'age_mid': 32.5, 'r2': 0.97088886677439}, {'age_bin': '35-39', 'age_mid': 37.5, 'r2': 0.9794092036596745}, {'age_bin': '40-44', 'age_mid': 42.5, 'r2': 0.9878981166031716}, {'age_bin': '45-49', 'age_mid': 47.5, 'r2': 0.9839488714218747}, {'age_bin': '50-54', 'age_mid': 52.5, 'r2': 0.7752055618681393}, {'age_bin': '55-59', 'age_mid': 57.5, 'r2': 0.9647349111523047}, {'age_bin': '60-64', 'age_mid': 62.5, 'r2': 0.9644233087370421}, {'age_bin': '65-69', 'age_mid': 67.5, 'r2': 0.9425915390974965}, {'age_bin': '70-74', 'age_mid': 72.5, 'r2': 0.914100915267305}, {'age_bin': '75-79', 'age_mid': 77.5, 'r2': None}, {'age_bin': '80-84', 'age_mid': 82.5, 'r2': None}]"
surplus sera perfluorodecanoate pfde result,Surplus sera perfluorodecanoate (PFDE) result (ng/ml),0.5753967087088863,0.49987373335754026,0.5422728849137886,11,0.05790807806235596,0.022660499023302968,0.1276774988481292,0.049036024633189214,"[{'age_bin': '20-24', 'age_mid': 22.5, 'r2': 0.49987373335754026}, {'age_bin': '25-29', 'age_mid': 27.5, 'r2': 0.5147439665666843}, {'age_bin': '30-34', 'age_mid': 32.5, 'r2': 0.7138853745302409}, {'age_bin': '35-39', 'age_mid': 37.5, 'r2': 0.5284386776378167}, {'age_bin': '40-44', 'age_mid': 42.5, 'r2': 0.5438899163503407}, {'age_bin': '45-49', 'age_mid': 47.5, 'r2': 0.5396227004763935}, {'age_bin': '50-54', 'age_mid': 52.5, 'r2': 0.6410620974433587}, {'age_bin': '55-59', 'age_mid': 57.5, 'r2': 0.5258723304139797}, {'age_bin': '60-64', 'age_mid': 62.5, 'r2': 0.5422728849137886}, {'age_bin': '65-69', 'age_mid': 67.5, 'r2': 0.6410969832825716}, {'age_bin': '70-74', 'age_mid': 72.5, 'r2': 0.6386051308250341}, {'age_bin': '75-79', 'age_mid': 77.5, 'r2': None}, {'age_bin': '80-84', 'age_mid': 82.5, 'r2': None}]"
surplus sera perfluoroheptanoate pfhp result,Surplus sera perfluoroheptanoate (PFHP) result (ng/ml),0.27649707819968056,0.17161936759511887,0.2407518817204568,7,0.02408896683576633,0.01609253174720453,0.3776782000825777,0.008122625270488609,"[{'age_bin': '20-24', 'age_mid': 22.5, 'r2': 0.3482365383269731}, {'age_bin': '25-29', 'age_mid': 27.5, 'r2': 0.20728100724427778}, {'age_bin': '30-34', 'age_mid': 32.5, 'r2': None}, {'age_bin': '35-39', 'age_mid': 37.5, 'r2': 0.3631002610691979}, {'age_bin': '40-44', 'age_mid': 42.5, 'r2': 0.19822883019377413}, {'age_bin': '45-49', 'age_mid': 47.5, 'r2': None}, {'age_bin': '50-54', 'age_mid': 52.5, 'r2': 0.2407518817204568}, {'age_bin': '55-59', 'age_mid': 57.5, 'r2': None}, {'age_bin': '60-64', 'age_mid': 62.5, 'r2': 0.17161936759511887}, {'age_bin': '65-69', 'age_mid': 67.5, 'r2': 0.40626166124796537}, {'age_bin': '70-74', 'age_mid': 72.5, 'r2': None}, {'age_bin': '75-79', 'age_mid': 77.5, 'r2': None}, {'age_bin': '80-84', 'age_mid': 82.5, 'r2': None}]"
surplus sera perfluorohexane sulfonate pfhs result,Surplus sera perfluorohexane sulfonate (PFHS) result (ng/ml),0.9185962838182081,0.826970740475784,0.9371913857409175,11,0.9984054477533241,0.40993728866807394,0.5503751570586897,0.2727138152697515,"[{'age_bin': '20-24', 'age_mid': 22.5, 'r2': 0.8738986456051699}, {'age_bin': '25-29', 'age_mid': 27.5, 'r2': 0.8751706000701762}, {'age_bin': '30-34', 'age_mid': 32.5, 'r2': 0.9869903514449544}, {'age_bin': '35-39', 'age_mid': 37.5, 'r2': 0.8660622637643243}, {'age_bin': '40-44', 'age_mid': 42.5, 'r2': 0.9451380261967928}, {'age_bin': '45-49', 'age_mid': 47.5, 'r2': 0.9872929071279353}, {'age_bin': '50-54', 'age_mid': 52.5, 'r2': 0.9371913857409175}, {'age_bin': '55-59', 'age_mid': 57.5, 'r2': 0.9616336180573648}, {'age_bin': '60-64', 'age_mid': 62.5, 'r2': 0.8748428933453996}, {'age_bin': '65-69', 'age_mid': 67.5, 'r2': 0.826970740475784}, {'age_bin': '70-74', 'age_mid': 72.5, 'r2': 0.9693676901714703}, {'age_bin': '75-79', 'age_mid': 77.5, 'r2': None}, {'age_bin': '80-84', 'age_mid': 82.5, 'r2': None}]"
surplus sera perfluorononanoate pfna result,Surplus sera perfluorononanoate (PFNA) result (ng/ml),0.9357244142447899,0.8773081896238409,0.9459741526577133,11,0.25019102937297294,0.05365280032914126,0.1667229252473764,0.1033057755865417,"[{'age_bin': '20-24', 'age_mid': 22.5, 'r2': 0.9083830858401462}, {'age_bin': '25-29', 'age_mid': 27.5, 'r2': 0.9507152637247808}, {'age_bin': '30-34', 'age_mid': 32.5, 'r2': 0.9539367455179438}, {'age_bin': '35-39', 'age_mid': 37.5, 'r2': 0.9541993710404408}, {'age_bin': '40-44', 'age_mid': 42.5, 'r2': 0.9435584820706252}, {'age_bin': '45-49', 'age_mid': 47.5, 'r2': 0.8773081896238409}, {'age_bin': '50-54', 'age_mid': 52.5, 'r2': 0.9782661851034097}, {'age_bin': '55-59', 'age_mid': 57.5, 'r2': 0.9459741526577133}, {'age_bin': '60-64', 'age_mid': 62.5, 'r2': 0.894039314255695}, {'age_bin': '65-69', 'age_mid': 67.5, 'r2': 0.9244665174117715}, {'age_bin': '70-74', 'age_mid': 72.5, 'r2': 0.9621212494463219}, {'age_bin': '75-79', 'age_mid': 77.5, 'r2': None}, {'age_bin': '80-84', 'age_mid': 82.5, 'r2': None}]"
surplus sera perfluorooctane sulfonamide pfsa result,Surplus sera perfluorooctane sulfonamide (PFSA) result (ng/ml),0.9234791019416264,0.710902533604739,0.9401721845758777,11,0.17407485749029436,0.06741193639251326,0.06402561968864957,0.0731780535966295,"[{'age_bin': '20-24', 'age_mid': 22.5, 'r2': 0.8607975618685975}, {'age_bin': '25-29', 'age_mid': 27.5, 'r2': 0.9326373031413556}, {'age_bin': '30-34', 'age_mid': 32.5, 'r2': 0.9401721845758777}, {'age_bin': '35-39', 'age_mid': 37.5, 'r2': 0.980202620786828}, {'age_bin': '40-44', 'age_mid': 42.5, 'r2': 0.9602362497741976}, {'age_bin': '45-49', 'age_mid': 47.5, 'r2': 0.9293618203705878}, {'age_bin': '50-54', 'age_mid': 52.5, 'r2': 0.9863684418185551}, {'age_bin': '55-59', 'age_mid': 57.5, 'r2': 0.710902533604739}, {'age_bin': '60-64', 'age_mid': 62.5, 'r2': 0.9269062018154401}, {'age_bin': '65-69', 'age_mid': 67.5, 'r2': 0.9544783581001193}, {'age_bin': '70-74', 'age_mid': 72.5, 'r2': 0.9762068455015928}, {'age_bin': '75-79', 'age_mid': 77.5, 'r2': None}, {'age_bin': '80-84', 'age_mid': 82.5, 'r2': None}]"
surplus sera perfluorooctane sulfonate pfos result,Surplus sera perfluorooctane sulfonate (PFOS) result (ng/ml),0.969730792524592,0.9294158960253792,0.9710779943991718,11,9.090763741108473,1.7169875261737815,14.676095775690344,2.797492662354974,"[{'age_bin': '20-24', 'age_mid': 22.5, 'r2': 0.9294158960253792}, {'age_bin': '25-29', 'age_mid': 27.5, 'r2': 0.9697795660367267}, {'age_bin': '30-34', 'age_mid': 32.5, 'r2': 0.9712283253632493}, {'age_bin': '35-39', 'age_mid': 37.5, 'r2': 0.9658383808363963}, {'age_bin': '40-44', 'age_mid': 42.5, 'r2': 0.981102675792269}, {'age_bin': '45-49', 'age_mid': 47.5, 'r2': 0.9818321597192426}, {'age_bin': '50-54', 'age_mid': 52.5, 'r2': 0.9689686520411808}, {'age_bin': '55-59', 'age_mid': 57.5, 'r2': 0.9916379717867062}, {'age_bin': '60-64', 'age_mid': 62.5, 'r2': 0.9448412748268019}, {'age_bin': '65-69', 'age_mid': 67.5, 'r2': 0.9710779943991718}, {'age_bin': '70-74', 'age_mid': 72.5, 'r2': 0.9913158209433881}, {'age_bin': '75-79', 'age_mid': 77.5, 'r2': None}, {'age_bin': '80-84', 'age_mid': 82.5, 'r2': None}]"
surplus sera perfluorooctanoate pfoa result,Surplus sera perfluorooctanoate (PFOA) result (ng/ml),0.954666655883159,0.9097826552090612,0.9550435205349717,11,1.2964523786286248,0.4467983488164979,2.7703768684952523,0.4169938230600143,"[{'age_bin': '20-24', 'age_mid': 22.5, 'r2': 0.9141156460198278}, {'age_bin': '25-29', 'age_mid': 27.5, 'r2': 0.9443206866192937}, {'age_bin': '30-34', 'age_mid': 32.5, 'r2': 0.9550435205349717}, {'age_bin': '35-39', 'age_mid': 37.5, 'r2': 0.9851994035958561}, {'age_bin': '40-44', 'age_mid': 42.5, 'r2': 0.9778148432973377}, {'age_bin': '45-49', 'age_mid': 47.5, 'r2': 0.974015986601256}, {'age_bin': '50-54', 'age_mid': 52.5, 'r2': 0.9097826552090612}, {'age_bin': '55-59', 'age_mid': 57.5, 'r2': 0.9681418064513693}, {'age_bin': '60-64', 'age_mid': 62.5, 'r2': 0.930360161760946}, {'age_bin': '65-69', 'age_mid': 67.5, 'r2': 0.989711197635724}, {'age_bin': '70-74', 'age_mid': 72.5, 'r2': 0.9528273069891051}, {'age_bin': '75-79', 'age_mid': 77.5, 'r2': None}, {'age_bin': '80-84', 'age_mid': 82.5, 'r2': None}]"
surplus sera perfluoroundecanoate pfua result,Surplus sera perfluoroundecanoate (PFUA) result (ng/ml),0.4110205139008352,0.1293501239401611,0.4551928861906658,11,0.028938369431326147,0.021682819912820794,0.1586227791391811,0.04118955744826698,"[{'age_bin': '20-24', 'age_mid': 22.5, 'r2': 0.1293501239401611}, {'age_bin': '25-29', 'age_mid': 27.5, 'r2': 0.3201234210771575}, {'age_bin': '30-34', 'age_mid': 32.5, 'r2': 0.4551928861906658}, {'age_bin': '35-39', 'age_mid': 37.5, 'r2': 0.34156993603445096}, {'age_bin': '40-44', 'age_mid': 42.5, 'r2': 0.46248204107416635}, {'age_bin': '45-49', 'age_mid': 47.5, 'r2': 0.2486303334660065}, {'age_bin': '50-54', 'age_mid': 52.5, 'r2': 0.47052514478512797}, {'age_bin': '55-59', 'age_mid': 57.5, 'r2': 0.5421881755152264}, {'age_bin': '60-64', 'age_mid': 62.5, 'r2': 0.4390242159952277}, {'age_bin': '65-69', 'age_mid': 67.5, 'r2': 0.47971732510424325}, {'age_bin': '70-74', 'age_mid': 72.5, 'r2': 0.6324220497267539}, {'age_bin': '75-79', 'age_mid': 77.5, 'r2': None}, {'age_bin': '80-84', 'age_mid': 82.5, 'r2': None}]"
t gondii antibodies,T.gondii antibodies (IU/ml),0.5594966544169055,0.3252954018015055,0.5596837741780749,13,15.485902606834486,2.371217998077741,-21.874663063496662,10.809123406388519,"[{'age_bin': '20-24', 'age_mid': 22.5, 'r2': 0.3252954018015055}, {'age_bin': '25-29', 'age_mid': 27.5, 'r2': 0.3966045313001636}, {'age_bin': '30-34', 'age_mid': 32.5, 'r2': 0.3721140310614234}, {'age_bin': '35-39', 'age_mid': 37.5, 'r2': 0.5008057422445}, {'age_bin': '40-44', 'age_mid': 42.5, 'r2': 0.5427826743584663}, {'age_bin': '45-49', 'age_mid': 47.5, 'r2': 0.5439105538795224}, {'age_bin': '50-54', 'age_mid': 52.5, 'r2': 0.5596837741780749}, {'age_bin': '55-59', 'age_mid': 57.5, 'r2': 0.5822764394110232}, {'age_bin': '60-64', 'age_mid': 62.5, 'r2': 0.584311419940722}, {'age_bin': '65-69', 'age_mid': 67.5, 'r2': 0.6190266987740478}, {'age_bin': '70-74', 'age_mid': 72.5, 'r2': 0.7051171860331774}, {'age_bin': '75-79', 'age_mid': 77.5, 'r2': 0.7749807319581373}, {'age_bin': '80-84', 'age_mid': 82.5, 'r2': 0.7665473224790075}]"
tb antigen result,TB Antigen result,0.5138617420637632,0.3460265276415442,0.4597066545278973,13,0.25365355048568927,0.23805668279844241,-0.4212978969794069,0.5475355648446626,"[{'age_bin': '20-24', 'age_mid': 22.5, 'r2': 0.825545308994262}, {'age_bin': '25-29', 'age_mid': 27.5, 'r2': 0.8406932337052437}, {'age_bin': '30-34', 'age_mid': 32.5, 'r2': 0.6050996814818818}, {'age_bin': '35-39', 'age_mid': 37.5, 'r2': 0.47785411748446205}, {'age_bin': '40-44', 'age_mid': 42.5, 'r2': 0.5680305353457551}, {'age_bin': '45-49', 'age_mid': 47.5, 'r2': 0.4213802253936967}, {'age_bin': '50-54', 'age_mid': 52.5, 'r2': 0.3460265276415442}, {'age_bin': '55-59', 'age_mid': 57.5, 'r2': 0.4446225012428554}, {'age_bin': '60-64', 'age_mid': 62.5, 'r2': 0.3953023732708284}, {'age_bin': '65-69', 'age_mid': 67.5, 'r2': 0.44057061922502594}, {'age_bin': '70-74', 'age_mid': 72.5, 'r2': 0.48689764900524246}, {'age_bin': '75-79', 'age_mid': 77.5, 'r2': 0.4597066545278973}, {'age_bin': '80-84', 'age_mid': 82.5, 'r2': 0.3684732195102277}]"
tb mitogen control result,TB Mitogen control result,0.08781808112299774,0.013685268641916215,0.05638653523291903,13,0.10677892924241825,0.07033098323964704,10.48464141239823,0.527325035981131,"[{'age_bin': '20-24', 'age_mid': 22.5, 'r2': 0.05481539806373825}, {'age_bin': '25-29', 'age_mid': 27.5, 'r2': 0.04032828310456682}, {'age_bin': '30-34', 'age_mid': 32.5, 'r2': 0.033462659604351686}, {'age_bin': '35-39', 'age_mid': 37.5, 'r2': 0.027767247320194977}, {'age_bin': '40-44', 'age_mid': 42.5, 'r2': 0.013685268641916215}, {'age_bin': '45-49', 'age_mid': 47.5, 'r2': 0.03447345359165532}, {'age_bin': '50-54', 'age_mid': 52.5, 'r2': 0.05638653523291903}, {'age_bin': '55-59', 'age_mid': 57.5, 'r2': 0.07885896312199958}, {'age_bin': '60-64', 'age_mid': 62.5, 'r2': 0.0906675091988971}, {'age_bin': '65-69', 'age_mid': 67.5, 'r2': 0.15439441746553162}, {'age_bin': '70-74', 'age_mid': 72.5, 'r2': 0.1316862550025838}, {'age_bin': '75-79', 'age_mid': 77.5, 'r2': 0.1662251285561256}, {'age_bin': '80-84', 'age_mid': 82.5, 'r2': 0.25888393569449053}]"
tb nil control result,TB Nil control result,0.8846219925777271,0.8065462358380877,0.8893259489449538,13,0.020686039523054152,0.00791008965844033,0.013083539186849931,0.006469505777280183,"[{'age_bin': '20-24', 'age_mid': 22.5, 'r2': 0.8893259489449538}, {'age_bin': '25-29', 'age_mid': 27.5, 'r2': 0.873799059665357}, {'age_bin': '30-34', 'age_mid': 32.5, 'r2': 0.8495761457698687}, {'age_bin': '35-39', 'age_mid': 37.5, 'r2': 0.8526710376368933}, {'age_bin': '40-44', 'age_mid': 42.5, 'r2': 0.9157539824919476}, {'age_bin': '45-49', 'age_mid': 47.5, 'r2': 0.868313283556102}, {'age_bin': '50-54', 'age_mid': 52.5, 'r2': 0.8116570570456205}, {'age_bin': '55-59', 'age_mid': 57.5, 'r2': 0.8938476937562907}, {'age_bin': '60-64', 'age_mid': 62.5, 'r2': 0.8065462358380877}, {'age_bin': '65-69', 'age_mid': 67.5, 'r2': 0.910882808584114}, {'age_bin': '70-74', 'age_mid': 72.5, 'r2': 0.9583582983859719}, {'age_bin': '75-79', 'age_mid': 77.5, 'r2': 0.9643327837735645}, {'age_bin': '80-84', 'age_mid': 82.5, 'r2': 0.90502156806168}]"
tibc frozen serum,"TIBC, Frozen Serum (ug/dL)",0.9603224605103042,0.9285830109616187,0.9620196791655085,8,31.54708134849985,8.216168385014758,308.27217109633784,11.427391947100496,"[{'age_bin': '20-24', 'age_mid': 22.5, 'r2': 0.9708923319405787}, {'age_bin': '25-29', 'age_mid': 27.5, 'r2': 0.9285830109616187}, {'age_bin': '30-34', 'age_mid': 32.5, 'r2': 0.9622180174266625}, {'age_bin': '35-39', 'age_mid': 37.5, 'r2': 0.9618213409043544}, {'age_bin': '40-44', 'age_mid': 42.5, 'r2': 0.9604454865046539}, {'age_bin': '45-49', 'age_mid': 47.5, 'r2': 0.9498209880201419}, {'age_bin': '50-54', 'age_mid': 52.5, 'r2': 0.9808083629586108}, {'age_bin': '55-59', 'age_mid': 57.5, 'r2': 0.9679901453658127}, {'age_bin': '60-64', 'age_mid': 62.5, 'r2': None}, {'age_bin': '65-69', 'age_mid': 67.5, 'r2': None}, {'age_bin': '70-74', 'age_mid': 72.5, 'r2': None}, {'age_bin': '75-79', 'age_mid': 77.5, 'r2': None}, {'age_bin': '80-84', 'age_mid': 82.5, 'r2': None}]"
ttg iga value,TTG IGA value,0.959360641846444,0.9317318368437644,0.9593073131898457,7,0.12690245894445767,0.014208705236861801,0.5517023190462548,0.049380460940683456,"[{'age_bin': '20-24', 'age_mid': 22.5, 'r2': None}, {'age_bin': '25-29', 'age_mid': 27.5, 'r2': None}, {'age_bin': '30-34', 'age_mid': 32.5, 'r2': None}, {'age_bin': '35-39', 'age_mid': 37.5, 'r2': None}, {'age_bin': '40-44', 'age_mid': 42.5, 'r2': None}, {'age_bin': '45-49', 'age_mid': 47.5, 'r2': None}, {'age_bin': '50-54', 'age_mid': 52.5, 'r2': 0.9882135334862029}, {'age_bin': '55-59', 'age_mid': 57.5, 'r2': 0.9691186353469379}, {'age_bin': '60-64', 'age_mid': 62.5, 'r2': 0.9317318368437644}, {'age_bin': '65-69', 'age_mid': 67.5, 'r2': 0.9664708471010085}, {'age_bin': '70-74', 'age_mid': 72.5, 'r2': 0.9536551673565439}, {'age_bin': '75-79', 'age_mid': 77.5, 'r2': 0.9470271596008045}, {'age_bin': '80-84', 'age_mid': 82.5, 'r2': 0.9593073131898457}]"
testosterone total,"Testosterone, total (ng/dL)",0.9334017191102867,0.8731107902158404,0.9316177014155008,13,122.48754761538129,45.86041726678608,-53.4325702428642,51.19240379257553,"[{'age_bin': '20-24', 'age_mid': 22.5, 'r2': 0.97484333846619}, {'age_bin': '25-29', 'age_mid': 27.5, 'r2': 0.9699605770496315}, {'age_bin': '30-34', 'age_mid': 32.5, 'r2': 0.9705718596141623}, {'age_bin': '35-39', 'age_mid': 37.5, 'r2': 0.9614784130052688}, {'age_bin': '40-44', 'age_mid': 42.5, 'r2': 0.9399291221775137}, {'age_bin': '45-49', 'age_mid': 47.5, 'r2': 0.9372509563629106}, {'age_bin': '50-54', 'age_mid': 52.5, 'r2': 0.9316177014155008}, {'age_bin': '55-59', 'age_mid': 57.5, 'r2': 0.9256962385855758}, {'age_bin': '60-64', 'age_mid': 62.5, 'r2': 0.9245561423202017}, {'age_bin': '65-69', 'age_mid': 67.5, 'r2': 0.8937765238736171}, {'age_bin': '70-74', 'age_mid': 72.5, 'r2': 0.9108800044163291}, {'age_bin': '75-79', 'age_mid': 77.5, 'r2': 0.9205506809309865}, {'age_bin': '80-84', 'age_mid': 82.5, 'r2': 0.8731107902158404}]"
testostosterone,Testostosterone (ng/mL),0.95474976978315,0.9400226092296965,0.957075154528572,7,1.0765345527158916,0.2516807916453849,3.75170300019945,0.6031658471864374,"[{'age_bin': '20-24', 'age_mid': 22.5, 'r2': 0.9428541207193115}, {'age_bin': '25-29', 'age_mid': 27.5, 'r2': 0.9573261727618314}, {'age_bin': '30-34', 'age_mid': 32.5, 'r2': 0.9427904855149982}, {'age_bin': '35-39', 'age_mid': 37.5, 'r2': 0.957075154528572}, {'age_bin': '40-44', 'age_mid': 42.5, 'r2': 0.9596569972591227}, {'age_bin': '45-49', 'age_mid': 47.5, 'r2': 0.9835228484685177}, {'age_bin': '50-54', 'age_mid': 52.5, 'r2': 0.9400226092296965}, {'age_bin': '55-59', 'age_mid': 57.5, 'r2': None}, {'age_bin': '60-64', 'age_mid': 62.5, 'r2': None}, {'age_bin': '65-69', 'age_mid': 67.5, 'r2': None}, {'age_bin': '70-74', 'age_mid': 72.5, 'r2': None}, {'age_bin': '75-79', 'age_mid': 77.5, 'r2': None}, {'age_bin': '80-84', 'age_mid': 82.5, 'r2': None}]"
tetanus toxin antibody,Tetanus toxin antibody (IU/mL),0.9169162872251361,0.8010027586707436,0.9432236165905822,13,1.0877367273956522,0.42392884611833637,-0.2466372902636031,0.5536212654173008,"[{'age_bin': '20-24', 'age_mid': 22.5, 'r2': 0.9653362686267092}, {'age_bin': '25-29', 'age_mid': 27.5, 'r2': 0.9713418955858625}, {'age_bin': '30-34', 'age_mid': 32.5, 'r2': 0.9495500613310833}, {'age_bin': '35-39', 'age_mid': 37.5, 'r2': 0.9734516491080276}, {'age_bin': '40-44', 'age_mid': 42.5, 'r2': 0.9577207873137519}, {'age_bin': '45-49', 'age_mid': 47.5, 'r2': 0.8773825313055476}, {'age_bin': '50-54', 'age_mid': 52.5, 'r2': 0.9416999605819939}, {'age_bin': '55-59', 'age_mid': 57.5, 'r2': 0.8373906367146353}, {'age_bin': '60-64', 'age_mid': 62.5, 'r2': 0.9432236165905822}, {'age_bin': '65-69', 'age_mid': 67.5, 'r2': 0.9120968274149956}, {'age_bin': '70-74', 'age_mid': 72.5, 'r2': 0.9490212862805416}, {'age_bin': '75-79', 'age_mid': 77.5, 'r2': 0.8010027586707436}, {'age_bin': '80-84', 'age_mid': 82.5, 'r2': 0.840693454402294}]"
tetrachloroethene,Tetrachloroethene (ug/cubic meter),0.6932509236812263,0.4541028425583733,0.7080175543386732,8,1.831964887874053,1.0273958817429674,-0.8535715039480488,0.6278701656926079,"[{'age_bin': '20-24', 'age_mid': 22.5, 'r2': 0.6708621397793646}, {'age_bin': '25-29', 'age_mid': 27.5, 'r2': 0.4541028425583733}, {'age_bin': '30-34', 'age_mid': 32.5, 'r2': 0.7907746710298169}, {'age_bin': '35-39', 'age_mid': 37.5, 'r2': 0.7023485074952776}, {'age_bin': '40-44', 'age_mid': 42.5, 'r2': 0.8998772930446646}, {'age_bin': '45-49', 'age_mid': 47.5, 'r2': 0.7932360392458715}, {'age_bin': '50-54', 'age_mid': 52.5, 'r2': 0.5211192951143733}, {'age_bin': '55-59', 'age_mid': 57.5, 'r2': 0.7136866011820688}, {'age_bin': '60-64', 'age_mid': 62.5, 'r2': None}, {'age_bin': '65-69', 'age_mid': 67.5, 'r2': None}, {'age_bin': '70-74', 'age_mid': 72.5, 'r2': None}, {'age_bin': '75-79', 'age_mid': 77.5, 'r2': None}, {'age_bin': '80-84', 'age_mid': 82.5, 'r2': None}]"
tetrachloroethene result,Tetrachloroethene Result,0.8432061620727864,0.7818230374469052,0.8432061620727864,2,0.04112781831771181,0.007564936697563484,0.005745803438266461,0.00428578267167699,"[{'age_bin': '20-24', 'age_mid': 22.5, 'r2': 0.7818230374469052}, {'age_bin': '25-29', 'age_mid': 27.5, 'r2': None}, {'age_bin': '30-34', 'age_mid': 32.5, 'r2': None}, {'age_bin': '35-39', 'age_mid': 37.5, 'r2': None}, {'age_bin': '40-44', 'age_mid': 42.5, 'r2': 0.9045892866986676}, {'age_bin': '45-49', 'age_mid': 47.5, 'r2': None}, {'age_bin': '50-54', 'age_mid': 52.5, 'r2': None}, {'age_bin': '55-59', 'age_mid': 57.5, 'r2': None}, {'age_bin': '60-64', 'age_mid': 62.5, 'r2': None}, {'age_bin': '65-69', 'age_mid': 67.5, 'r2': None}, {'age_bin': '70-74', 'age_mid': 72.5, 'r2': None}, {'age_bin': '75-79', 'age_mid': 77.5, 'r2': None}, {'age_bin': '80-84', 'age_mid': 82.5, 'r2': None}]"
tetrahydrofolate,Tetrahydrofolate (nmol/L),0.8910808702369937,0.7703206582471029,0.9041322945445485,13,0.28452280436698923,0.06938903130473087,0.19457364697608348,0.10313272735619736,"[{'age_bin': '20-24', 'age_mid': 22.5, 'r2': 0.8059643719754803}, {'age_bin': '25-29', 'age_mid': 27.5, 'r2': 0.8784250208776396}, {'age_bin': '30-34', 'age_mid': 32.5, 'r2': 0.7703206582471029}, {'age_bin': '35-39', 'age_mid': 37.5, 'r2': 0.8701620599175532}, {'age_bin': '40-44', 'age_mid': 42.5, 'r2': 0.9259663483405806}, {'age_bin': '45-49', 'age_mid': 47.5, 'r2': 0.913863761482566}, {'age_bin': '50-54', 'age_mid': 52.5, 'r2': 0.9339857511581414}, {'age_bin': '55-59', 'age_mid': 57.5, 'r2': 0.9447105760377279}, {'age_bin': '60-64', 'age_mid': 62.5, 'r2': 0.9075090047390442}, {'age_bin': '65-69', 'age_mid': 67.5, 'r2': 0.9016565110482028}, {'age_bin': '70-74', 'age_mid': 72.5, 'r2': 0.9461846203918048}, {'age_bin': '75-79', 'age_mid': 77.5, 'r2': 0.9041322945445485}, {'age_bin': '80-84', 'age_mid': 82.5, 'r2': 0.8811703343205285}]"
the time in hours between when the examinee last ate or drank anything other than water and the time of the venipuncture,The time (in hours) between when the examinee last ate or drank anything other than water and the time of the venipuncture.,0.6600074364824219,0.48712934563167143,0.6462297956665732,13,1.388065043715673,0.3359569461468252,7.678725428147544,1.328450260124669,"[{'age_bin': '20-24', 'age_mid': 22.5, 'r2': 0.6457288772363851}, {'age_bin': '25-29', 'age_mid': 27.5, 'r2': 0.5478561663218737}, {'age_bin': '30-34', 'age_mid': 32.5, 'r2': 0.48712934563167143}, {'age_bin': '35-39', 'age_mid': 37.5, 'r2': 0.5834588097498681}, {'age_bin': '40-44', 'age_mid': 42.5, 'r2': 0.4955081956812063}, {'age_bin': '45-49', 'age_mid': 47.5, 'r2': 0.6014485474516702}, {'age_bin': '50-54', 'age_mid': 52.5, 'r2': 0.8261570568976083}, {'age_bin': '55-59', 'age_mid': 57.5, 'r2': 0.704221785343692}, {'age_bin': '60-64', 'age_mid': 62.5, 'r2': 0.6462297956665732}, {'age_bin': '65-69', 'age_mid': 67.5, 'r2': 0.6959970277237085}, {'age_bin': '70-74', 'age_mid': 72.5, 'r2': 0.8306762638128382}, {'age_bin': '75-79', 'age_mid': 77.5, 'r2': 0.7679007785184369}, {'age_bin': '80-84', 'age_mid': 82.5, 'r2': 0.7477840242359505}]"
the time in minutes between when the examinee last ate or drank anything other than water and the time of the venipuncture,The time (in minutes) between when the examinee last ate or drank anything other than water and the time of the venipuncture.,0.9300915932216297,0.8553442056191943,0.9453791876476294,13,9.121575226481527,2.6604494568635246,10.137704365463494,4.541508860231305,"[{'age_bin': '20-24', 'age_mid': 22.5, 'r2': 0.8553442056191943}, {'age_bin': '25-29', 'age_mid': 27.5, 'r2': 0.8971778021774363}, {'age_bin': '30-34', 'age_mid': 32.5, 'r2': 0.8622601355295121}, {'age_bin': '35-39', 'age_mid': 37.5, 'r2': 0.9138351649197048}, {'age_bin': '40-44', 'age_mid': 42.5, 'r2': 0.927624489616291}, {'age_bin': '45-49', 'age_mid': 47.5, 'r2': 0.9629404032328764}, {'age_bin': '50-54', 'age_mid': 52.5, 'r2': 0.9453791876476294}, {'age_bin': '55-59', 'age_mid': 57.5, 'r2': 0.9283438360334186}, {'age_bin': '60-64', 'age_mid': 62.5, 'r2': 0.9575730629028758}, {'age_bin': '65-69', 'age_mid': 67.5, 'r2': 0.9483736050041146}, {'age_bin': '70-74', 'age_mid': 72.5, 'r2': 0.9790907971692577}, {'age_bin': '75-79', 'age_mid': 77.5, 'r2': 0.9591331089219941}, {'age_bin': '80-84', 'age_mid': 82.5, 'r2': 0.9541149131068819}]"
thyroglobulin,Thyroglobulin (ng/mL),0.9137112282886675,0.7608844074190663,0.9341874399364694,13,5.528184572266198,0.8890296273508378,-0.24712123240381625,4.572382890544947,"[{'age_bin': '20-24', 'age_mid': 22.5, 'r2': 0.9341874399364694}, {'age_bin': '25-29', 'age_mid': 27.5, 'r2': 0.951686613835862}, {'age_bin': '30-34', 'age_mid': 32.5, 'r2': 0.9478993550604145}, {'age_bin': '35-39', 'age_mid': 37.5, 'r2': 0.9311730981992127}, {'age_bin': '40-44', 'age_mid': 42.5, 'r2': 0.9393715384592373}, {'age_bin': '45-49', 'age_mid': 47.5, 'r2': 0.94441572557075}, {'age_bin': '50-54', 'age_mid': 52.5, 'r2': 0.9386310347698082}, {'age_bin': '55-59', 'age_mid': 57.5, 'r2': 0.9128869636453293}, {'age_bin': '60-64', 'age_mid': 62.5, 'r2': 0.8836675635477256}, {'age_bin': '65-69', 'age_mid': 67.5, 'r2': 0.9759145334196562}, {'age_bin': '70-74', 'age_mid': 72.5, 'r2': 0.8727237547330732}, {'age_bin': '75-79', 'age_mid': 77.5, 'r2': 0.7608844074190663}, {'age_bin': '80-84', 'age_mid': 82.5, 'r2': 0.8848039391560734}]"
thyroglobulin antibodies,Thyroglobulin antibodies (IU/mL),0.26170362345645437,0.17916093680138934,0.25788755746930314,13,0.8054213716878309,0.7448519030734617,-1.1681839022321112,2.282764556068602,"[{'age_bin': '20-24', 'age_mid': 22.5, 'r2': 0.28610658791742505}, {'age_bin': '25-29', 'age_mid': 27.5, 'r2': 0.24472514825158098}, {'age_bin': '30-34', 'age_mid': 32.5, 'r2': 0.2972800168854062}, {'age_bin': '35-39', 'age_mid': 37.5, 'r2': 0.294470262874586}, {'age_bin': '40-44', 'age_mid': 42.5, 'r2': 0.24802821265238661}, {'age_bin': '45-49', 'age_mid': 47.5, 'r2': 0.22242146106013894}, {'age_bin': '50-54', 'age_mid': 52.5, 'r2': 0.3198580520382175}, {'age_bin': '55-59', 'age_mid': 57.5, 'r2': 0.3075914131446348}, {'age_bin': '60-64', 'age_mid': 62.5, 'r2': 0.17916093680138934}, {'age_bin': '65-69', 'age_mid': 67.5, 'r2': 0.23934173634737466}, {'age_bin': '70-74', 'age_mid': 72.5, 'r2': 0.22825318078493595}, {'age_bin': '75-79', 'age_mid': 77.5, 'r2': 0.27702253870652827}, {'age_bin': '80-84', 'age_mid': 82.5, 'r2': 0.25788755746930314}]"
thyroglobulin antibody,Thyroglobulin antibody,0.2659768264908841,0.12223792618297946,0.22780742517069036,12,0.4753794947118786,0.3736763753668958,-0.14576073367197753,0.9367723050638588,"[{'age_bin': '20-24', 'age_mid': 22.5, 'r2': 0.3329359390643095}, {'age_bin': '25-29', 'age_mid': 27.5, 'r2': 0.2269312198814688}, {'age_bin': '30-34', 'age_mid': 32.5, 'r2': 0.39452878323202956}, {'age_bin': '35-39', 'age_mid': 37.5, 'r2': 0.1684672362800057}, {'age_bin': '40-44', 'age_mid': 42.5, 'r2': 0.30828807359570687}, {'age_bin': '45-49', 'age_mid': 47.5, 'r2': 0.1982117303537887}, {'age_bin': '50-54', 'age_mid': 52.5, 'r2': 0.3290859956325667}, {'age_bin': '55-59', 'age_mid': 57.5, 'r2': 0.12223792618297946}, {'age_bin': '60-64', 'age_mid': 62.5, 'r2': 0.14260738409865492}, {'age_bin': '65-69', 'age_mid': 67.5, 'r2': 0.13828240481309273}, {'age_bin': '70-74', 'age_mid': 72.5, 'r2': 0.2286836304599119}, {'age_bin': '75-79', 'age_mid': 77.5, 'r2': 0.6014615942960947}, {'age_bin': '80-84', 'age_mid': 82.5, 'r2': None}]"
thyroid perioxidase antibodies,Thyroid perioxidase antibodies (IU/mL),0.3820199440038998,0.21644061141607418,0.39693321618205246,13,5.955651727978249,4.805354260188598,-8.09389104237941,6.57572845386328,"[{'age_bin': '20-24', 'age_mid': 22.5, 'r2': 0.5097442652690333}, {'age_bin': '25-29', 'age_mid': 27.5, 'r2': 0.7231358278145248}, {'age_bin': '30-34', 'age_mid': 32.5, 'r2': 0.2166865505395571}, {'age_bin': '35-39', 'age_mid': 37.5, 'r2': 0.21644061141607418}, {'age_bin': '40-44', 'age_mid': 42.5, 'r2': 0.2656492257181666}, {'age_bin': '45-49', 'age_mid': 47.5, 'r2': 0.32908575886683056}, {'age_bin': '50-54', 'age_mid': 52.5, 'r2': 0.32659866060058707}, {'age_bin': '55-59', 'age_mid': 57.5, 'r2': 0.39944964252658355}, {'age_bin': '60-64', 'age_mid': 62.5, 'r2': 0.2756034691677768}, {'age_bin': '65-69', 'age_mid': 67.5, 'r2': 0.39693321618205246}, {'age_bin': '70-74', 'age_mid': 72.5, 'r2': 0.4608865334024177}, {'age_bin': '75-79', 'age_mid': 77.5, 'r2': 0.41151255792906405}, {'age_bin': '80-84', 'age_mid': 82.5, 'r2': 0.43453295261802904}]"
thyroid peroxidase antibodies,Thyroid peroxidase antibodies (IU/mL),0.33162966686554085,0.22644342249843474,0.3182291967384445,13,6.847028257406304,5.684190244447475,-11.425126841932666,11.098279085336435,"[{'age_bin': '20-24', 'age_mid': 22.5, 'r2': 0.3334058715920276}, {'age_bin': '25-29', 'age_mid': 27.5, 'r2': 0.5036172535958758}, {'age_bin': '30-34', 'age_mid': 32.5, 'r2': 0.3085478081006713}, {'age_bin': '35-39', 'age_mid': 37.5, 'r2': 0.22644342249843474}, {'age_bin': '40-44', 'age_mid': 42.5, 'r2': 0.26705623959630076}, {'age_bin': '45-49', 'age_mid': 47.5, 'r2': 0.232060465555745}, {'age_bin': '50-54', 'age_mid': 52.5, 'r2': 0.30140396344270703}, {'age_bin': '55-59', 'age_mid': 57.5, 'r2': 0.34576302278398374}, {'age_bin': '60-64', 'age_mid': 62.5, 'r2': 0.386868807244759}, {'age_bin': '65-69', 'age_mid': 67.5, 'r2': 0.2679319460855256}, {'age_bin': '70-74', 'age_mid': 72.5, 'r2': 0.4329916464860729}, {'age_bin': '75-79', 'age_mid': 77.5, 'r2': 0.3868660255314831}, {'age_bin': '80-84', 'age_mid': 82.5, 'r2': 0.3182291967384445}]"
thyroid stimulating hormone,Thyroid stimulating hormone (uIU/mL),0.9662548922747802,0.9430233267934054,0.9682954203088951,13,0.5274348162526663,0.0794366234995613,0.5616521286031482,0.20755255659211921,"[{'age_bin': '20-24', 'age_mid': 22.5, 'r2': 0.9705390032404797}, {'age_bin': '25-29', 'age_mid': 27.5, 'r2': 0.9602964299339375}, {'age_bin': '30-34', 'age_mid': 32.5, 'r2': 0.9520045427033914}, {'age_bin': '35-39', 'age_mid': 37.5, 'r2': 0.9688449314180447}, {'age_bin': '40-44', 'age_mid': 42.5, 'r2': 0.9782296551483921}, {'age_bin': '45-49', 'age_mid': 47.5, 'r2': 0.9658950069678918}, {'age_bin': '50-54', 'age_mid': 52.5, 'r2': 0.9755379225707319}, {'age_bin': '55-59', 'age_mid': 57.5, 'r2': 0.9885564583059788}, {'age_bin': '60-64', 'age_mid': 62.5, 'r2': 0.9711676475008059}, {'age_bin': '65-69', 'age_mid': 67.5, 'r2': 0.9430233267934054}, {'age_bin': '70-74', 'age_mid': 72.5, 'r2': 0.9682954203088951}, {'age_bin': '75-79', 'age_mid': 77.5, 'r2': 0.9545862831662422}, {'age_bin': '80-84', 'age_mid': 82.5, 'r2': 0.9643369715139475}]"
thyroperoxidase antibody,Thyroperoxidase antibody,0.39380157523862375,0.16696846039172508,0.3501079358576191,12,4.6424177092188215,3.598732741729809,-6.74715092445408,6.8063560117695365,"[{'age_bin': '20-24', 'age_mid': 22.5, 'r2': 0.8783881741648653}, {'age_bin': '25-29', 'age_mid': 27.5, 'r2': 0.25576852557246144}, {'age_bin': '30-34', 'age_mid': 32.5, 'r2': 0.21258627586281442}, {'age_bin': '35-39', 'age_mid': 37.5, 'r2': 0.583379286994202}, {'age_bin': '40-44', 'age_mid': 42.5, 'r2': 0.342764527773601}, {'age_bin': '45-49', 'age_mid': 47.5, 'r2': 0.16696846039172508}, {'age_bin': '50-54', 'age_mid': 52.5, 'r2': 0.30452331737159555}, {'age_bin': '55-59', 'age_mid': 57.5, 'r2': 0.3936625299790034}, {'age_bin': '60-64', 'age_mid': 62.5, 'r2': 0.35745134394163725}, {'age_bin': '65-69', 'age_mid': 67.5, 'r2': 0.42246958073367524}, {'age_bin': '70-74', 'age_mid': 72.5, 'r2': 0.3251537765731688}, {'age_bin': '75-79', 'age_mid': 77.5, 'r2': 0.482503103504736}, {'age_bin': '80-84', 'age_mid': 82.5, 'r2': None}]"
thyroxine free,"Thyroxine, free (ng/dL)",0.9342429120497528,0.8888186265890867,0.9417145144851132,13,0.06410571915973975,0.014138323967595932,0.6470712044578242,0.029740868775971825,"[{'age_bin': '20-24', 'age_mid': 22.5, 'r2': 0.9055428740665055}, {'age_bin': '25-29', 'age_mid': 27.5, 'r2': 0.8930619380228774}, {'age_bin': '30-34', 'age_mid': 32.5, 'r2': 0.8888186265890867}, {'age_bin': '35-39', 'age_mid': 37.5, 'r2': 0.9087666035609716}, {'age_bin': '40-44', 'age_mid': 42.5, 'r2': 0.9237315331583964}, {'age_bin': '45-49', 'age_mid': 47.5, 'r2': 0.9362999178757175}, {'age_bin': '50-54', 'age_mid': 52.5, 'r2': 0.9417145144851132}, {'age_bin': '55-59', 'age_mid': 57.5, 'r2': 0.9505477774498535}, {'age_bin': '60-64', 'age_mid': 62.5, 'r2': 0.9509279914402731}, {'age_bin': '65-69', 'age_mid': 67.5, 'r2': 0.9568765099866677}, {'age_bin': '70-74', 'age_mid': 72.5, 'r2': 0.9640937027281784}, {'age_bin': '75-79', 'age_mid': 77.5, 'r2': 0.9521987365686457}, {'age_bin': '80-84', 'age_mid': 82.5, 'r2': 0.9725771307145005}]"
thyroxine t4,"Thyroxine, total (T4) (ug/dL)",0.9726697235901993,0.942427829925863,0.9781030248847157,13,0.7766985687797707,0.2104116989651161,6.177036990064007,0.2861689260267045,"[{'age_bin': '20-24', 'age_mid': 22.5, 'r2': 0.942427829925863}, {'age_bin': '25-29', 'age_mid': 27.5, 'r2': 0.9479173097820013}, {'age_bin': '30-34', 'age_mid': 32.5, 'r2': 0.9528074432054912}, {'age_bin': '35-39', 'age_mid': 37.5, 'r2': 0.9647992801771217}, {'age_bin': '40-44', 'age_mid': 42.5, 'r2': 0.960632942481673}, {'age_bin': '45-49', 'age_mid': 47.5, 'r2': 0.9786631218811938}, {'age_bin': '50-54', 'age_mid': 52.5, 'r2': 0.9809581903262816}, {'age_bin': '55-59', 'age_mid': 57.5, 'r2': 0.9781030248847157}, {'age_bin': '60-64', 'age_mid': 62.5, 'r2': 0.985677219350426}, {'age_bin': '65-69', 'age_mid': 67.5, 'r2': 0.9933872321036238}, {'age_bin': '70-74', 'age_mid': 72.5, 'r2': 0.9905012284449679}, {'age_bin': '75-79', 'age_mid': 77.5, 'r2': 0.977572582479645}, {'age_bin': '80-84', 'age_mid': 82.5, 'r2': 0.9912590016295864}]"
toluene,Toluene (ug/cubic meter),0.865295079320124,0.6709751674640438,0.8711163130993373,8,12.8521487876356,3.7771881256838884,1.8847024216930752,4.437987717359352,"[{'age_bin': '20-24', 'age_mid': 22.5, 'r2': 0.8331472504050624}, {'age_bin': '25-29', 'age_mid': 27.5, 'r2': 0.8841744681398482}, {'age_bin': '30-34', 'age_mid': 32.5, 'r2': 0.962359831007523}, {'age_bin': '35-39', 'age_mid': 37.5, 'r2': 0.8647462619056459}, {'age_bin': '40-44', 'age_mid': 42.5, 'r2': 0.6709751674640438}, {'age_bin': '45-49', 'age_mid': 47.5, 'r2': 0.9833628277710169}, {'age_bin': '50-54', 'age_mid': 52.5, 'r2': 0.846108463574822}, {'age_bin': '55-59', 'age_mid': 57.5, 'r2': 0.877486364293029}, {'age_bin': '60-64', 'age_mid': 62.5, 'r2': None}, {'age_bin': '65-69', 'age_mid': 67.5, 'r2': None}, {'age_bin': '70-74', 'age_mid': 72.5, 'r2': None}, {'age_bin': '75-79', 'age_mid': 77.5, 'r2': None}, {'age_bin': '80-84', 'age_mid': 82.5, 'r2': None}]"
toluene result,Toluene Result,0.9389100552117511,0.9023605004722511,0.9497761330594819,3,0.21688798482520158,0.043449379883286995,0.05584347383256821,0.028096770112832337,"[{'age_bin': '20-24', 'age_mid': 22.5, 'r2': 0.9497761330594819}, {'age_bin': '25-29', 'age_mid': 27.5, 'r2': None}, {'age_bin': '30-34', 'age_mid': 32.5, 'r2': None}, {'age_bin': '35-39', 'age_mid': 37.5, 'r2': 0.9023605004722511}, {'age_bin': '40-44', 'age_mid': 42.5, 'r2': 0.9645935321035203}, {'age_bin': '45-49', 'age_mid': 47.5, 'r2': None}, {'age_bin': '50-54', 'age_mid': 52.5, 'r2': None}, {'age_bin': '55-59', 'age_mid': 57.5, 'r2': None}, {'age_bin': '60-64', 'age_mid': 62.5, 'r2': None}, {'age_bin': '65-69', 'age_mid': 67.5, 'r2': None}, {'age_bin': '70-74', 'age_mid': 72.5, 'r2': None}, {'age_bin': '75-79', 'age_mid': 77.5, 'r2': None}, {'age_bin': '80-84', 'age_mid': 82.5, 'r2': None}]"
total lycopene,Total (cis- and trans-)Lycopene (ug/dL),0.982440144053847,0.9453493935451861,0.9922426928463536,13,9.356151235665116,2.833043965137048,19.52578549918822,7.429104950028095,"[{'age_bin': '20-24', 'age_mid': 22.5, 'r2': 0.9453493935451861}, {'age_bin': '25-29', 'age_mid': 27.5, 'r2': 0.959555150647279}, {'age_bin': '30-34', 'age_mid': 32.5, 'r2': 0.9622841966269253}, {'age_bin': '35-39', 'age_mid': 37.5, 'r2': 0.9752506344307909}, {'age_bin': '40-44', 'age_mid': 42.5, 'r2': 0.9830681941994698}, {'age_bin': '45-49', 'age_mid': 47.5, 'r2': 0.9838006150941717}, {'age_bin': '50-54', 'age_mid': 52.5, 'r2': 0.9922426928463536}, {'age_bin': '55-59', 'age_mid': 57.5, 'r2': 0.9924022057959077}, {'age_bin': '60-64', 'age_mid': 62.5, 'r2': 0.9962542065308112}, {'age_bin': '65-69', 'age_mid': 67.5, 'r2': 0.9942456571710465}, {'age_bin': '70-74', 'age_mid': 72.5, 'r2': 0.9954510705842541}, {'age_bin': '75-79', 'age_mid': 77.5, 'r2': 0.9954132996756846}, {'age_bin': '80-84', 'age_mid': 82.5, 'r2': 0.9964045555521329}]"
total iron binding capacity tibc,Total Iron Binding Capacity TIBC (ug/dL),0.9731185522449746,0.9453420552690917,0.9742392775217183,13,24.039564414487828,7.696821260936351,270.14661620682,16.627873708419546,"[{'age_bin': '20-24', 'age_mid': 22.5, 'r2': 0.9453420552690917}, {'age_bin': '25-29', 'age_mid': 27.5, 'r2': 0.9621224860756117}, {'age_bin': '30-34', 'age_mid': 32.5, 'r2': 0.9533608903293149}, {'age_bin': '35-39', 'age_mid': 37.5, 'r2': 0.9703590812301421}, {'age_bin': '40-44', 'age_mid': 42.5, 'r2': 0.9742392775217183}, {'age_bin': '45-49', 'age_mid': 47.5, 'r2': 0.9818726921916886}, {'age_bin': '50-54', 'age_mid': 52.5, 'r2': 0.9770448516151605}, {'age_bin': '55-59', 'age_mid': 57.5, 'r2': 0.9655066042948346}, {'age_bin': '60-64', 'age_mid': 62.5, 'r2': 0.982492723384446}, {'age_bin': '65-69', 'age_mid': 67.5, 'r2': 0.9888197832547427}, {'age_bin': '70-74', 'age_mid': 72.5, 'r2': 0.987057450195349}, {'age_bin': '75-79', 'age_mid': 77.5, 'r2': 0.9694830373126094}, {'age_bin': '80-84', 'age_mid': 82.5, 'r2': 0.9928402465099585}]"
total t3,Total T3,0.9537889799261744,0.8917471575566979,0.9625178473939231,12,9.146527641853984,2.796247601489981,93.87929648324554,5.883957672836191,"[{'age_bin': '20-24', 'age_mid': 22.5, 'r2': 0.9060197508049028}, {'age_bin': '25-29', 'age_mid': 27.5, 'r2': 0.9374007649330769}, {'age_bin': '30-34', 'age_mid': 32.5, 'r2': 0.8917471575566979}, {'age_bin': '35-39', 'age_mid': 37.5, 'r2': 0.9613384465506143}, {'age_bin': '40-44', 'age_mid': 42.5, 'r2': 0.963697248237232}, {'age_bin': '45-49', 'age_mid': 47.5, 'r2': 0.9691329301673466}, {'age_bin': '50-54', 'age_mid': 52.5, 'r2': 0.9702759619147966}, {'age_bin': '55-59', 'age_mid': 57.5, 'r2': 0.9888112394643039}, {'age_bin': '60-64', 'age_mid': 62.5, 'r2': 0.9695845668521527}, {'age_bin': '65-69', 'age_mid': 67.5, 'r2': 0.979309799972398}, {'age_bin': '70-74', 'age_mid': 72.5, 'r2': 0.9564116424650457}, {'age_bin': '75-79', 'age_mid': 77.5, 'r2': 0.9517382501955257}, {'age_bin': '80-84', 'age_mid': 82.5, 'r2': None}]"
total t4,Total T4,0.9589328256884201,0.9136667169985253,0.9668571243627706,12,0.7317863423452337,0.20933230229662145,6.815215215073299,0.178616656896578,"[{'age_bin': '20-24', 'age_mid': 22.5, 'r2': 0.9136667169985253}, {'age_bin': '25-29', 'age_mid': 27.5, 'r2': 0.9501263079174448}, {'age_bin': '30-34', 'age_mid': 32.5, 'r2': 0.9275842731508555}, {'age_bin': '35-39', 'age_mid': 37.5, 'r2': 0.9622246794431333}, {'age_bin': '40-44', 'age_mid': 42.5, 'r2': 0.9292394310282823}, {'age_bin': '45-49', 'age_mid': 47.5, 'r2': 0.9739238073660127}, {'age_bin': '50-54', 'age_mid': 52.5, 'r2': 0.9686654115120613}, {'age_bin': '55-59', 'age_mid': 57.5, 'r2': 0.9650488372134799}, {'age_bin': '60-64', 'age_mid': 62.5, 'r2': 0.9810543853212733}, {'age_bin': '65-69', 'age_mid': 67.5, 'r2': 0.9794354187086355}, {'age_bin': '70-74', 'age_mid': 72.5, 'r2': 0.9749275777376766}, {'age_bin': '75-79', 'age_mid': 77.5, 'r2': 0.9812970618636578}, {'age_bin': '80-84', 'age_mid': 82.5, 'r2': None}]"
total bilirubin,Total bilirubin (mg/dL),0.9681033597835653,0.9392080656998029,0.9747390705685515,13,0.14324278467734478,0.047913990452956086,0.26941078158714027,0.05374474059981094,"[{'age_bin': '20-24', 'age_mid': 22.5, 'r2': 0.9392080656998029}, {'age_bin': '25-29', 'age_mid': 27.5, 'r2': 0.945812215405129}, {'age_bin': '30-34', 'age_mid': 32.5, 'r2': 0.9491969379463382}, {'age_bin': '35-39', 'age_mid': 37.5, 'r2': 0.9582866259792512}, {'age_bin': '40-44', 'age_mid': 42.5, 'r2': 0.9623300646270316}, {'age_bin': '45-49', 'age_mid': 47.5, 'r2': 0.9719702312363148}, {'age_bin': '50-54', 'age_mid': 52.5, 'r2': 0.9747390705685515}, {'age_bin': '55-59', 'age_mid': 57.5, 'r2': 0.9805913892167805}, {'age_bin': '60-64', 'age_mid': 62.5, 'r2': 0.9801558973600298}, {'age_bin': '65-69', 'age_mid': 67.5, 'r2': 0.9821993647327197}, {'age_bin': '70-74', 'age_mid': 72.5, 'r2': 0.9815627725501024}, {'age_bin': '75-79', 'age_mid': 77.5, 'r2': 0.9787116117897021}, {'age_bin': '80-84', 'age_mid': 82.5, 'r2': 0.9805794300745946}]"
total calcium,Total calcium (mg/dL),0.9448974376306865,0.8782143468545645,0.9579478652382657,13,0.17449415510514518,0.04185371613495225,8.991504549527514,0.10590727083274629,"[{'age_bin': '20-24', 'age_mid': 22.5, 'r2': 0.8782143468545645}, {'age_bin': '25-29', 'age_mid': 27.5, 'r2': 0.8998940397935072}, {'age_bin': '30-34', 'age_mid': 32.5, 'r2': 0.9043035926673078}, {'age_bin': '35-39', 'age_mid': 37.5, 'r2': 0.9168068019827414}, {'age_bin': '40-44', 'age_mid': 42.5, 'r2': 0.943910254928095}, {'age_bin': '45-49', 'age_mid': 47.5, 'r2': 0.9446019476469396}, {'age_bin': '50-54', 'age_mid': 52.5, 'r2': 0.9579478652382657}, {'age_bin': '55-59', 'age_mid': 57.5, 'r2': 0.9638604647858006}, {'age_bin': '60-64', 'age_mid': 62.5, 'r2': 0.9657256516107183}, {'age_bin': '65-69', 'age_mid': 67.5, 'r2': 0.9699441665704355}, {'age_bin': '70-74', 'age_mid': 72.5, 'r2': 0.9771018026229534}, {'age_bin': '75-79', 'age_mid': 77.5, 'r2': 0.9826043212789248}, {'age_bin': '80-84', 'age_mid': 82.5, 'r2': 0.9787514332186688}]"
total dust weight,Total dust weight (mg),0.9614774338684882,0.9191834926820786,0.9663138931393441,13,261.5849238165625,82.86354049835178,311.74739796842965,161.48542537730228,"[{'age_bin': '20-24', 'age_mid': 22.5, 'r2': 0.9675039755046232}, {'age_bin': '25-29', 'age_mid': 27.5, 'r2': 0.960580399885008}, {'age_bin': '30-34', 'age_mid': 32.5, 'r2': 0.9672316451433505}, {'age_bin': '35-39', 'age_mid': 37.5, 'r2': 0.9820980230863622}, {'age_bin': '40-44', 'age_mid': 42.5, 'r2': 0.9736716862669492}, {'age_bin': '45-49', 'age_mid': 47.5, 'r2': 0.9607068555352775}, {'age_bin': '50-54', 'age_mid': 52.5, 'r2': 0.9674791268093474}, {'age_bin': '55-59', 'age_mid': 57.5, 'r2': 0.9495299424384203}, {'age_bin': '60-64', 'age_mid': 62.5, 'r2': 0.9474270553888822}, {'age_bin': '65-69', 'age_mid': 67.5, 'r2': 0.9663138931393441}, {'age_bin': '70-74', 'age_mid': 72.5, 'r2': 0.9636879490556813}, {'age_bin': '75-79', 'age_mid': 77.5, 'r2': 0.9737925953550234}, {'age_bin': '80-84', 'age_mid': 82.5, 'r2': 0.9191834926820786}]"
total iron binding capacity,Total iron binding capacity (ug/dL),0.9708832493228793,0.9330258055872536,0.976007376623165,13,28.455002319233884,9.036544209356853,298.86896455409243,17.42392617682166,"[{'age_bin': '20-24', 'age_mid': 22.5, 'r2': 0.94436491014117}, {'age_bin': '25-29', 'age_mid': 27.5, 'r2': 0.9330258055872536}, {'age_bin': '30-34', 'age_mid': 32.5, 'r2': 0.9496198587397412}, {'age_bin': '35-39', 'age_mid': 37.5, 'r2': 0.956506315997944}, {'age_bin': '40-44', 'age_mid': 42.5, 'r2': 0.9736275588142024}, {'age_bin': '45-49', 'age_mid': 47.5, 'r2': 0.9774449804101998}, {'age_bin': '50-54', 'age_mid': 52.5, 'r2': 0.9719058871510654}, {'age_bin': '55-59', 'age_mid': 57.5, 'r2': 0.9863235270299077}, {'age_bin': '60-64', 'age_mid': 62.5, 'r2': 0.9893109940362683}, {'age_bin': '65-69', 'age_mid': 67.5, 'r2': 0.976007376623165}, {'age_bin': '70-74', 'age_mid': 72.5, 'r2': 0.9867593662093769}, {'age_bin': '75-79', 'age_mid': 77.5, 'r2': 0.9909869541830029}, {'age_bin': '80-84', 'age_mid': 82.5, 'r2': 0.9855987062741345}]"
total length of food fast hours,"Total length of 'food fast', hours",0.6443645849970328,0.5838972721264594,0.6423879282587486,13,1.2171537476159566,0.2453442727976766,8.358959217483237,0.6658068533888177,"[{'age_bin': '20-24', 'age_mid': 22.5, 'r2': 0.6003812343224424}, {'age_bin': '25-29', 'age_mid': 27.5, 'r2': 0.5985085451498824}, {'age_bin': '30-34', 'age_mid': 32.5, 'r2': 0.5838972721264594}, {'age_bin': '35-39', 'age_mid': 37.5, 'r2': 0.5966919368576262}, {'age_bin': '40-44', 'age_mid': 42.5, 'r2': 0.6037265178254895}, {'age_bin': '45-49', 'age_mid': 47.5, 'r2': 0.6217966669530155}, {'age_bin': '50-54', 'age_mid': 52.5, 'r2': 0.6423879282587486}, {'age_bin': '55-59', 'age_mid': 57.5, 'r2': 0.6951633448212209}, {'age_bin': '60-64', 'age_mid': 62.5, 'r2': 0.6869711111297756}, {'age_bin': '65-69', 'age_mid': 67.5, 'r2': 0.7124853055007319}, {'age_bin': '70-74', 'age_mid': 72.5, 'r2': 0.6707194636461229}, {'age_bin': '75-79', 'age_mid': 77.5, 'r2': 0.679701277252722}, {'age_bin': '80-84', 'age_mid': 82.5, 'r2': 0.6843090011171911}]"
total length of food fast minutes,"Total length of 'food fast', minutes",0.9406212442475387,0.9063589676086953,0.9437563204015794,13,9.498837786232416,2.833467181383028,9.016779078616185,3.545899462535836,"[{'age_bin': '20-24', 'age_mid': 22.5, 'r2': 0.9091176435744777}, {'age_bin': '25-29', 'age_mid': 27.5, 'r2': 0.9293703376854019}, {'age_bin': '30-34', 'age_mid': 32.5, 'r2': 0.9063589676086953}, {'age_bin': '35-39', 'age_mid': 37.5, 'r2': 0.9335944150992725}, {'age_bin': '40-44', 'age_mid': 42.5, 'r2': 0.9383285573027491}, {'age_bin': '45-49', 'age_mid': 47.5, 'r2': 0.9557397088531496}, {'age_bin': '50-54', 'age_mid': 52.5, 'r2': 0.9466594572601714}, {'age_bin': '55-59', 'age_mid': 57.5, 'r2': 0.9429980854168004}, {'age_bin': '60-64', 'age_mid': 62.5, 'r2': 0.954584919255366}, {'age_bin': '65-69', 'age_mid': 67.5, 'r2': 0.9437563204015794}, {'age_bin': '70-74', 'age_mid': 72.5, 'r2': 0.9595577341221557}, {'age_bin': '75-79', 'age_mid': 77.5, 'r2': 0.9590789738830071}, {'age_bin': '80-84', 'age_mid': 82.5, 'r2': 0.9489310547551756}]"
total prostate specific antigen,Total prostate specific antigen (ng/mL),0.9291729911660275,0.8700527803987937,0.9292079402895659,9,0.5667261971057923,0.2078908645025777,-0.18546752636102948,0.5421808352617445,"[{'age_bin': '20-24', 'age_mid': 22.5, 'r2': None}, {'age_bin': '25-29', 'age_mid': 27.5, 'r2': None}, {'age_bin': '30-34', 'age_mid': 32.5, 'r2': None}, {'age_bin': '35-39', 'age_mid': 37.5, 'r2': None}, {'age_bin': '40-44', 'age_mid': 42.5, 'r2': 0.9577353549270802}, {'age_bin': '45-49', 'age_mid': 47.5, 'r2': 0.934673149935129}, {'age_bin': '50-54', 'age_mid': 52.5, 'r2': 0.9613023353154285}, {'age_bin': '55-59', 'age_mid': 57.5, 'r2': 0.9103496664032056}, {'age_bin': '60-64', 'age_mid': 62.5, 'r2': 0.9292079402895659}, {'age_bin': '65-69', 'age_mid': 67.5, 'r2': 0.9013839107185894}, {'age_bin': '70-74', 'age_mid': 72.5, 'r2': 0.9283944419456367}, {'age_bin': '75-79', 'age_mid': 77.5, 'r2': 0.9694573405608183}, {'age_bin': '80-84', 'age_mid': 82.5, 'r2': 0.8700527803987937}]"
total protein,Total protein (g/dL),0.954237149182759,0.8868481963191808,0.9727181656301914,13,0.2207137251033378,0.054975069545236774,6.693036594141888,0.18361929578487735,"[{'age_bin': '20-24', 'age_mid': 22.5, 'r2': 0.8868481963191808}, {'age_bin': '25-29', 'age_mid': 27.5, 'r2': 0.8976311907190515}, {'age_bin': '30-34', 'age_mid': 32.5, 'r2': 0.9281456298675833}, {'age_bin': '35-39', 'age_mid': 37.5, 'r2': 0.935582348490688}, {'age_bin': '40-44', 'age_mid': 42.5, 'r2': 0.9464665085278635}, {'age_bin': '45-49', 'age_mid': 47.5, 'r2': 0.9544946474187946}, {'age_bin': '50-54', 'age_mid': 52.5, 'r2': 0.9727181656301914}, {'age_bin': '55-59', 'age_mid': 57.5, 'r2': 0.9731091182463468}, {'age_bin': '60-64', 'age_mid': 62.5, 'r2': 0.9773883297299594}, {'age_bin': '65-69', 'age_mid': 67.5, 'r2': 0.9840286773306957}, {'age_bin': '70-74', 'age_mid': 72.5, 'r2': 0.9813849229480884}, {'age_bin': '75-79', 'age_mid': 77.5, 'r2': 0.9816815636251246}, {'age_bin': '80-84', 'age_mid': 82.5, 'r2': 0.9856036405222988}]"
toxocara mean florescent intensity,Toxocara mean florescent intensity,0.7458430809809542,0.45227745549365217,0.7782092074485261,13,3.985274767727993,0.7193678404934275,-4.385716115439632,3.4619783915908067,"[{'age_bin': '20-24', 'age_mid': 22.5, 'r2': 0.850319451988243}, {'age_bin': '25-29', 'age_mid': 27.5, 'r2': 0.7759682946200835}, {'age_bin': '30-34', 'age_mid': 32.5, 'r2': 0.8510760013360114}, {'age_bin': '35-39', 'age_mid': 37.5, 'r2': 0.7943817361271983}, {'age_bin': '40-44', 'age_mid': 42.5, 'r2': 0.6752342727428293}, {'age_bin': '45-49', 'age_mid': 47.5, 'r2': 0.8412602139692045}, {'age_bin': '50-54', 'age_mid': 52.5, 'r2': 0.7389883866571906}, {'age_bin': '55-59', 'age_mid': 57.5, 'r2': 0.7782092074485261}, {'age_bin': '60-64', 'age_mid': 62.5, 'r2': 0.7382050377980539}, {'age_bin': '65-69', 'age_mid': 67.5, 'r2': 0.7804390418435121}, {'age_bin': '70-74', 'age_mid': 72.5, 'r2': 0.5327554860614885}, {'age_bin': '75-79', 'age_mid': 77.5, 'r2': 0.8868454666664117}, {'age_bin': '80-84', 'age_mid': 82.5, 'r2': 0.45227745549365217}]"
toxoplasma avidity igg,Toxoplasma (Avidity) IgG,,,,0,,,,,"[{'age_bin': '20-24', 'age_mid': 22.5, 'r2': None}, {'age_bin': '25-29', 'age_mid': 27.5, 'r2': None}, {'age_bin': '30-34', 'age_mid': 32.5, 'r2': None}, {'age_bin': '35-39', 'age_mid': 37.5, 'r2': None}, {'age_bin': '40-44', 'age_mid': 42.5, 'r2': None}, {'age_bin': '45-49', 'age_mid': 47.5, 'r2': None}, {'age_bin': '50-54', 'age_mid': 52.5, 'r2': None}, {'age_bin': '55-59', 'age_mid': 57.5, 'r2': None}, {'age_bin': '60-64', 'age_mid': 62.5, 'r2': None}, {'age_bin': '65-69', 'age_mid': 67.5, 'r2': None}, {'age_bin': '70-74', 'age_mid': 72.5, 'r2': None}, {'age_bin': '75-79', 'age_mid': 77.5, 'r2': None}, {'age_bin': '80-84', 'age_mid': 82.5, 'r2': None}]"
toxoplasma,Toxoplasma (IgG),0.44621215374218703,0.38110389111112264,0.45468213466609675,6,25.212579884461032,6.112854326085251,-18.91103065526712,3.200583815015474,"[{'age_bin': '20-24', 'age_mid': 22.5, 'r2': 0.38110389111112264}, {'age_bin': '25-29', 'age_mid': 27.5, 'r2': 0.4254615505649417}, {'age_bin': '30-34', 'age_mid': 32.5, 'r2': 0.48566190522059394}, {'age_bin': '35-39', 'age_mid': 37.5, 'r2': 0.47568130622427063}, {'age_bin': '40-44', 'age_mid': 42.5, 'r2': 0.45671360994738786}, {'age_bin': '45-49', 'age_mid': 47.5, 'r2': 0.45265065938480564}, {'age_bin': '50-54', 'age_mid': 52.5, 'r2': None}, {'age_bin': '55-59', 'age_mid': 57.5, 'r2': None}, {'age_bin': '60-64', 'age_mid': 62.5, 'r2': None}, {'age_bin': '65-69', 'age_mid': 67.5, 'r2': None}, {'age_bin': '70-74', 'age_mid': 72.5, 'r2': None}, {'age_bin': '75-79', 'age_mid': 77.5, 'r2': None}, {'age_bin': '80-84', 'age_mid': 82.5, 'r2': None}]"
toxoplasma__igm,Toxoplasma (IgM),0.9073561697381037,0.7871448413505915,0.9331404931897502,6,0.3680114194474468,0.06436114655193126,-0.11404995080765272,0.07745544142450107,"[{'age_bin': '20-24', 'age_mid': 22.5, 'r2': 0.9804419607287356}, {'age_bin': '25-29', 'age_mid': 27.5, 'r2': 0.9337771214248444}, {'age_bin': '30-34', 'age_mid': 32.5, 'r2': 0.958015079218501}, {'age_bin': '35-39', 'age_mid': 37.5, 'r2': 0.932503864954656}, {'age_bin': '40-44', 'age_mid': 42.5, 'r2': 0.8522541507512938}, {'age_bin': '45-49', 'age_mid': 47.5, 'r2': 0.7871448413505915}, {'age_bin': '50-54', 'age_mid': 52.5, 'r2': None}, {'age_bin': '55-59', 'age_mid': 57.5, 'r2': None}, {'age_bin': '60-64', 'age_mid': 62.5, 'r2': None}, {'age_bin': '65-69', 'age_mid': 67.5, 'r2': None}, {'age_bin': '70-74', 'age_mid': 72.5, 'r2': None}, {'age_bin': '75-79', 'age_mid': 77.5, 'r2': None}, {'age_bin': '80-84', 'age_mid': 82.5, 'r2': None}]"
toxoplasmosis igg avidity,Toxoplasmosis IgG Avidity (IU/ml),,,,0,,,,,"[{'age_bin': '20-24', 'age_mid': 22.5, 'r2': None}, {'age_bin': '25-29', 'age_mid': 27.5, 'r2': None}, {'age_bin': '30-34', 'age_mid': 32.5, 'r2': None}, {'age_bin': '35-39', 'age_mid': 37.5, 'r2': None}, {'age_bin': '40-44', 'age_mid': 42.5, 'r2': None}, {'age_bin': '45-49', 'age_mid': 47.5, 'r2': None}, {'age_bin': '50-54', 'age_mid': 52.5, 'r2': None}, {'age_bin': '55-59', 'age_mid': 57.5, 'r2': None}, {'age_bin': '60-64', 'age_mid': 62.5, 'r2': None}, {'age_bin': '65-69', 'age_mid': 67.5, 'r2': None}, {'age_bin': '70-74', 'age_mid': 72.5, 'r2': None}, {'age_bin': '75-79', 'age_mid': 77.5, 'r2': None}, {'age_bin': '80-84', 'age_mid': 82.5, 'r2': None}]"
toxoplasmosis igg antibodies,Toxoplasmosis IgG antibodies (IU/ml),0.5233141130024406,0.2034183560258026,0.5422912734686485,13,11.136909200475298,2.0145904976606834,-16.61223867085999,8.775831798453558,"[{'age_bin': '20-24', 'age_mid': 22.5, 'r2': 0.2034183560258026}, {'age_bin': '25-29', 'age_mid': 27.5, 'r2': 0.30767669797553276}, {'age_bin': '30-34', 'age_mid': 32.5, 'r2': 0.34430966582393363}, {'age_bin': '35-39', 'age_mid': 37.5, 'r2': 0.4129359509909596}, {'age_bin': '40-44', 'age_mid': 42.5, 'r2': 0.444023902208866}, {'age_bin': '45-49', 'age_mid': 47.5, 'r2': 0.5245752608569969}, {'age_bin': '50-54', 'age_mid': 52.5, 'r2': 0.5422912734686485}, {'age_bin': '55-59', 'age_mid': 57.5, 'r2': 0.6055905164459603}, {'age_bin': '60-64', 'age_mid': 62.5, 'r2': 0.6412171235079427}, {'age_bin': '65-69', 'age_mid': 67.5, 'r2': 0.6187090664149869}, {'age_bin': '70-74', 'age_mid': 72.5, 'r2': 0.6721803215999846}, {'age_bin': '75-79', 'age_mid': 77.5, 'r2': 0.7293963471032294}, {'age_bin': '80-84', 'age_mid': 82.5, 'r2': 0.7567589866088827}]"
toxoplasmosis igm antibodies,Toxoplasmosis IgM antibodies,0.6564976938591459,0.4861639411060722,0.6733996198327286,13,0.03452536776629443,0.004594382137851769,0.12280206813141313,0.022937994790788657,"[{'age_bin': '20-24', 'age_mid': 22.5, 'r2': 0.4861639411060722}, {'age_bin': '25-29', 'age_mid': 27.5, 'r2': 0.5413336347832337}, {'age_bin': '30-34', 'age_mid': 32.5, 'r2': 0.5970063036092703}, {'age_bin': '35-39', 'age_mid': 37.5, 'r2': 0.6219532851245413}, {'age_bin': '40-44', 'age_mid': 42.5, 'r2': 0.6459942986654942}, {'age_bin': '45-49', 'age_mid': 47.5, 'r2': 0.7008928632122003}, {'age_bin': '50-54', 'age_mid': 52.5, 'r2': 0.6747760440026345}, {'age_bin': '55-59', 'age_mid': 57.5, 'r2': 0.7008905904764338}, {'age_bin': '60-64', 'age_mid': 62.5, 'r2': 0.7081725524080705}, {'age_bin': '65-69', 'age_mid': 67.5, 'r2': 0.663751785232232}, {'age_bin': '70-74', 'age_mid': 72.5, 'r2': 0.6733996198327286}, {'age_bin': '75-79', 'age_mid': 77.5, 'r2': 0.7685664234004836}, {'age_bin': '80-84', 'age_mid': 82.5, 'r2': 0.751568678315503}]"
trans 11-octadecenoic acid,Trans 11-octadecenoic acid (umol/L),0.9535053563777155,0.8651036068187621,0.9682098833445837,13,8.634357163115578,1.5995891873107113,19.712319895662024,3.9688688954651545,"[{'age_bin': '20-24', 'age_mid': 22.5, 'r2': 0.9407060449333801}, {'age_bin': '25-29', 'age_mid': 27.5, 'r2': 0.9761421230021635}, {'age_bin': '30-34', 'age_mid': 32.5, 'r2': 0.9353282707941708}, {'age_bin': '35-39', 'age_mid': 37.5, 'r2': 0.9666603431699811}, {'age_bin': '40-44', 'age_mid': 42.5, 'r2': 0.9774738496632055}, {'age_bin': '45-49', 'age_mid': 47.5, 'r2': 0.9741617439891507}, {'age_bin': '50-54', 'age_mid': 52.5, 'r2': 0.9837307995663087}, {'age_bin': '55-59', 'age_mid': 57.5, 'r2': 0.9716130398351818}, {'age_bin': '60-64', 'age_mid': 62.5, 'r2': 0.9682098833445837}, {'age_bin': '65-69', 'age_mid': 67.5, 'r2': 0.9791023856070169}, {'age_bin': '70-74', 'age_mid': 72.5, 'r2': 0.967993459819392}, {'age_bin': '75-79', 'age_mid': 77.5, 'r2': 0.8893440823670052}, {'age_bin': '80-84', 'age_mid': 82.5, 'r2': 0.8651036068187621}]"
trans 9-hexadecenoic acid concentrt,Trans 9-Hexadecenoic acid concentrt (umol/L),0.9772473479801105,0.9642349803773678,0.9767121320461609,13,1.2897731028139643,0.26667003376625886,2.349004757976875,0.3081256674555592,"[{'age_bin': '20-24', 'age_mid': 22.5, 'r2': 0.970583181384796}, {'age_bin': '25-29', 'age_mid': 27.5, 'r2': 0.9751598474408528}, {'age_bin': '30-34', 'age_mid': 32.5, 'r2': 0.9642349803773678}, {'age_bin': '35-39', 'age_mid': 37.5, 'r2': 0.9797566607788979}, {'age_bin': '40-44', 'age_mid': 42.5, 'r2': 0.9817345121157139}, {'age_bin': '45-49', 'age_mid': 47.5, 'r2': 0.9670906990555184}, {'age_bin': '50-54', 'age_mid': 52.5, 'r2': 0.9806223281254384}, {'age_bin': '55-59', 'age_mid': 57.5, 'r2': 0.9753616478244934}, {'age_bin': '60-64', 'age_mid': 62.5, 'r2': 0.9895114378579268}, {'age_bin': '65-69', 'age_mid': 67.5, 'r2': 0.993271751876788}, {'age_bin': '70-74', 'age_mid': 72.5, 'r2': 0.9643093280388478}, {'age_bin': '75-79', 'age_mid': 77.5, 'r2': 0.9858670168186321}, {'age_bin': '80-84', 'age_mid': 82.5, 'r2': 0.9767121320461609}]"
trans 9-octadecenoic acid,Trans 9-octadecenoic acid (umol/L),0.9669249328406889,0.9350974052459013,0.9731735743081509,13,8.162950938500554,1.6958061505019677,16.326838101527002,3.1449166438720915,"[{'age_bin': '20-24', 'age_mid': 22.5, 'r2': 0.9700403151900641}, {'age_bin': '25-29', 'age_mid': 27.5, 'r2': 0.9762409465357796}, {'age_bin': '30-34', 'age_mid': 32.5, 'r2': 0.9731735743081509}, {'age_bin': '35-39', 'age_mid': 37.5, 'r2': 0.9788834874242595}, {'age_bin': '40-44', 'age_mid': 42.5, 'r2': 0.9821269602950063}, {'age_bin': '45-49', 'age_mid': 47.5, 'r2': 0.9350974052459013}, {'age_bin': '50-54', 'age_mid': 52.5, 'r2': 0.975172922406119}, {'age_bin': '55-59', 'age_mid': 57.5, 'r2': 0.9515294008897057}, {'age_bin': '60-64', 'age_mid': 62.5, 'r2': 0.947364042333682}, {'age_bin': '65-69', 'age_mid': 67.5, 'r2': 0.986646741811027}, {'age_bin': '70-74', 'age_mid': 72.5, 'r2': 0.9687525682130649}, {'age_bin': '75-79', 'age_mid': 77.5, 'r2': 0.9416463072553333}, {'age_bin': '80-84', 'age_mid': 82.5, 'r2': 0.9833494550208648}]"
trans trans-9 12-octadecadienoic acid,"Trans,trans-9,12-Octadecadienoic acid (umol/L)",0.9668352560374533,0.9180436413327696,0.9756477215528748,13,0.5478505594272828,0.1215526640706411,0.922646976793755,0.16922340502638264,"[{'age_bin': '20-24', 'age_mid': 22.5, 'r2': 0.9769300745844743}, {'age_bin': '25-29', 'age_mid': 27.5, 'r2': 0.9701720955978144}, {'age_bin': '30-34', 'age_mid': 32.5, 'r2': 0.9813812168371724}, {'age_bin': '35-39', 'age_mid': 37.5, 'r2': 0.9440043999217708}, {'age_bin': '40-44', 'age_mid': 42.5, 'r2': 0.9756477215528748}, {'age_bin': '45-49', 'age_mid': 47.5, 'r2': 0.9775361336532001}, {'age_bin': '50-54', 'age_mid': 52.5, 'r2': 0.9607664719625295}, {'age_bin': '55-59', 'age_mid': 57.5, 'r2': 0.9864796155183456}, {'age_bin': '60-64', 'age_mid': 62.5, 'r2': 0.9509115165053554}, {'age_bin': '65-69', 'age_mid': 67.5, 'r2': 0.9777388472807079}, {'age_bin': '70-74', 'age_mid': 72.5, 'r2': 0.980213099732559}, {'age_bin': '75-79', 'age_mid': 77.5, 'r2': 0.9690334940073204}, {'age_bin': '80-84', 'age_mid': 82.5, 'r2': 0.9180436413327696}]"
trans-nonachlor,Trans-nonachlor (ng/g),0.9448893207262105,0.817440957184148,0.9546698361249193,13,0.06050631550736263,0.02307399583120522,0.036318701243728005,0.04491743500057334,"[{'age_bin': '20-24', 'age_mid': 22.5, 'r2': 0.9115247784429066}, {'age_bin': '25-29', 'age_mid': 27.5, 'r2': 0.9448081737507539}, {'age_bin': '30-34', 'age_mid': 32.5, 'r2': 0.9571174167146977}, {'age_bin': '35-39', 'age_mid': 37.5, 'r2': 0.9808727016490311}, {'age_bin': '40-44', 'age_mid': 42.5, 'r2': 0.952986381639852}, {'age_bin': '45-49', 'age_mid': 47.5, 'r2': 0.9488865757071756}, {'age_bin': '50-54', 'age_mid': 52.5, 'r2': 0.9707650288703353}, {'age_bin': '55-59', 'age_mid': 57.5, 'r2': 0.9546698361249193}, {'age_bin': '60-64', 'age_mid': 62.5, 'r2': 0.9745126137952944}, {'age_bin': '65-69', 'age_mid': 67.5, 'r2': 0.9164576735504976}, {'age_bin': '70-74', 'age_mid': 72.5, 'r2': 0.9730151381836654}, {'age_bin': '75-79', 'age_mid': 77.5, 'r2': 0.9805038938274571}, {'age_bin': '80-84', 'age_mid': 82.5, 'r2': 0.817440957184148}]"
trans-nonachlor lipid adjusted,Trans-nonachlor Lipid Adjusted (ng/g),0.951261596738671,0.8772956188853781,0.9653428129868304,13,8.650529619119052,2.7993283581438555,7.515736423504824,4.695521158849284,"[{'age_bin': '20-24', 'age_mid': 22.5, 'r2': 0.8955186521418996}, {'age_bin': '25-29', 'age_mid': 27.5, 'r2': 0.9519537004094346}, {'age_bin': '30-34', 'age_mid': 32.5, 'r2': 0.9702430016025391}, {'age_bin': '35-39', 'age_mid': 37.5, 'r2': 0.9852080243219764}, {'age_bin': '40-44', 'age_mid': 42.5, 'r2': 0.9653428129868304}, {'age_bin': '45-49', 'age_mid': 47.5, 'r2': 0.944999853733502}, {'age_bin': '50-54', 'age_mid': 52.5, 'r2': 0.9737555484649764}, {'age_bin': '55-59', 'age_mid': 57.5, 'r2': 0.9628306497033455}, {'age_bin': '60-64', 'age_mid': 62.5, 'r2': 0.9743765904746826}, {'age_bin': '65-69', 'age_mid': 67.5, 'r2': 0.8772956188853781}, {'age_bin': '70-74', 'age_mid': 72.5, 'r2': 0.9779179839831056}, {'age_bin': '75-79', 'age_mid': 77.5, 'r2': 0.9744311485408919}, {'age_bin': '80-84', 'age_mid': 82.5, 'r2': 0.9125271723541587}]"
transferrin receptor,Transferrin receptor (mg/L),0.9503717185488525,0.8996155020661731,0.9489767754373424,13,0.5770635720429362,0.276451281645045,2.054516076797359,0.1284851570311577,"[{'age_bin': '20-24', 'age_mid': 22.5, 'r2': 0.9489767754373424}, {'age_bin': '25-29', 'age_mid': 27.5, 'r2': 0.9470984423682948}, {'age_bin': '30-34', 'age_mid': 32.5, 'r2': 0.9137789419645401}, {'age_bin': '35-39', 'age_mid': 37.5, 'r2': 0.9243407472580442}, {'age_bin': '40-44', 'age_mid': 42.5, 'r2': 0.8996155020661731}, {'age_bin': '45-49', 'age_mid': 47.5, 'r2': 0.9054367288546394}, {'age_bin': '50-54', 'age_mid': 52.5, 'r2': 0.9602669725348199}, {'age_bin': '55-59', 'age_mid': 57.5, 'r2': 0.9877576043992256}, {'age_bin': '60-64', 'age_mid': 62.5, 'r2': 0.9883529403898108}, {'age_bin': '65-69', 'age_mid': 67.5, 'r2': 0.993272725208625}, {'age_bin': '70-74', 'age_mid': 72.5, 'r2': 0.9911138910478431}, {'age_bin': '75-79', 'age_mid': 77.5, 'r2': 0.94396842050495}, {'age_bin': '80-84', 'age_mid': 82.5, 'r2': 0.9508526491007734}]"
transferrin saturation,Transferrin saturation (%),0.9772167520628667,0.9353576397136278,0.9791973089366184,13,5.551724372248644,2.0132442655658807,14.196743754729669,0.950700369242592,"[{'age_bin': '20-24', 'age_mid': 22.5, 'r2': 0.9353576397136278}, {'age_bin': '25-29', 'age_mid': 27.5, 'r2': 0.9522383874369924}, {'age_bin': '30-34', 'age_mid': 32.5, 'r2': 0.9610711256610267}, {'age_bin': '35-39', 'age_mid': 37.5, 'r2': 0.9677960485164255}, {'age_bin': '40-44', 'age_mid': 42.5, 'r2': 0.9694955850673319}, {'age_bin': '45-49', 'age_mid': 47.5, 'r2': 0.9786045890858387}, {'age_bin': '50-54', 'age_mid': 52.5, 'r2': 0.9791973089366184}, {'age_bin': '55-59', 'age_mid': 57.5, 'r2': 0.9928246249533671}, {'age_bin': '60-64', 'age_mid': 62.5, 'r2': 0.9920750981549024}, {'age_bin': '65-69', 'age_mid': 67.5, 'r2': 0.9911259066454532}, {'age_bin': '70-74', 'age_mid': 72.5, 'r2': 0.9959931318664786}, {'age_bin': '75-79', 'age_mid': 77.5, 'r2': 0.9953102633649605}, {'age_bin': '80-84', 'age_mid': 82.5, 'r2': 0.9927280674142424}]"
trichloroethene,Trichloroethene (ug/cubic meter),0.4473170589371449,0.21272805108830917,0.3887339186207181,8,0.5519685169406299,0.30442101156018525,-0.29805249058375605,0.4016926100219404,"[{'age_bin': '20-24', 'age_mid': 22.5, 'r2': 0.3537989984293388}, {'age_bin': '25-29', 'age_mid': 27.5, 'r2': 0.9025027377841985}, {'age_bin': '30-34', 'age_mid': 32.5, 'r2': 0.4236688388120974}, {'age_bin': '35-39', 'age_mid': 37.5, 'r2': 0.34678742198757895}, {'age_bin': '40-44', 'age_mid': 42.5, 'r2': 0.2542053952033787}, {'age_bin': '45-49', 'age_mid': 47.5, 'r2': 0.6565405795773835}, {'age_bin': '50-54', 'age_mid': 52.5, 'r2': 0.42830444861487404}, {'age_bin': '55-59', 'age_mid': 57.5, 'r2': 0.21272805108830917}, {'age_bin': '60-64', 'age_mid': 62.5, 'r2': None}, {'age_bin': '65-69', 'age_mid': 67.5, 'r2': None}, {'age_bin': '70-74', 'age_mid': 72.5, 'r2': None}, {'age_bin': '75-79', 'age_mid': 77.5, 'r2': None}, {'age_bin': '80-84', 'age_mid': 82.5, 'r2': None}]"
trichloroethene result,Trichloroethene Result,0.6882173178257838,0.42581562368920867,0.7594414093119275,3,0.001806410410448207,0.001245840999916674,0.0054849090720349445,0.0012659022790069245,"[{'age_bin': '20-24', 'age_mid': 22.5, 'r2': 0.8793949204762149}, {'age_bin': '25-29', 'age_mid': 27.5, 'r2': None}, {'age_bin': '30-34', 'age_mid': 32.5, 'r2': None}, {'age_bin': '35-39', 'age_mid': 37.5, 'r2': 0.7594414093119275}, {'age_bin': '40-44', 'age_mid': 42.5, 'r2': 0.42581562368920867}, {'age_bin': '45-49', 'age_mid': 47.5, 'r2': None}, {'age_bin': '50-54', 'age_mid': 52.5, 'r2': None}, {'age_bin': '55-59', 'age_mid': 57.5, 'r2': None}, {'age_bin': '60-64', 'age_mid': 62.5, 'r2': None}, {'age_bin': '65-69', 'age_mid': 67.5, 'r2': None}, {'age_bin': '70-74', 'age_mid': 72.5, 'r2': None}, {'age_bin': '75-79', 'age_mid': 77.5, 'r2': None}, {'age_bin': '80-84', 'age_mid': 82.5, 'r2': None}]"
tricosanoic acid c23 0,Tricosanoic acid (C23:0) (umol/L),0.9681837605665238,0.9254203571088129,0.9682899047759422,13,3.4026197249961263,0.6926399338598661,21.657541732253353,1.3311795878131127,"[{'age_bin': '20-24', 'age_mid': 22.5, 'r2': 0.9291631049970999}, {'age_bin': '25-29', 'age_mid': 27.5, 'r2': 0.9254203571088129}, {'age_bin': '30-34', 'age_mid': 32.5, 'r2': 0.9457253443230088}, {'age_bin': '35-39', 'age_mid': 37.5, 'r2': 0.9657249419142515}, {'age_bin': '40-44', 'age_mid': 42.5, 'r2': 0.9614689908040326}, {'age_bin': '45-49', 'age_mid': 47.5, 'r2': 0.9671366774624466}, {'age_bin': '50-54', 'age_mid': 52.5, 'r2': 0.9827612041059752}, {'age_bin': '55-59', 'age_mid': 57.5, 'r2': 0.9682899047759422}, {'age_bin': '60-64', 'age_mid': 62.5, 'r2': 0.9875742842459874}, {'age_bin': '65-69', 'age_mid': 67.5, 'r2': 0.9918237873434643}, {'age_bin': '70-74', 'age_mid': 72.5, 'r2': 0.9920335707249066}, {'age_bin': '75-79', 'age_mid': 77.5, 'r2': 0.9784402143469082}, {'age_bin': '80-84', 'age_mid': 82.5, 'r2': 0.9908265052119731}]"
triglyceride,Triglyceride (mg/dL),0.9612431119863776,0.9489440298377462,0.9626939658633071,13,37.31678222473429,11.852199857531469,46.1399842483524,5.0384341146021185,"[{'age_bin': '20-24', 'age_mid': 22.5, 'r2': 0.9490040583431293}, {'age_bin': '25-29', 'age_mid': 27.5, 'r2': 0.952058210731662}, {'age_bin': '30-34', 'age_mid': 32.5, 'r2': 0.9496965427583726}, {'age_bin': '35-39', 'age_mid': 37.5, 'r2': 0.9508714129509278}, {'age_bin': '40-44', 'age_mid': 42.5, 'r2': 0.9499930532723642}, {'age_bin': '45-49', 'age_mid': 47.5, 'r2': 0.9489440298377462}, {'age_bin': '50-54', 'age_mid': 52.5, 'r2': 0.9626939658633071}, {'age_bin': '55-59', 'age_mid': 57.5, 'r2': 0.9719066787513726}, {'age_bin': '60-64', 'age_mid': 62.5, 'r2': 0.9673259735281097}, {'age_bin': '65-69', 'age_mid': 67.5, 'r2': 0.9780278363620067}, {'age_bin': '70-74', 'age_mid': 72.5, 'r2': 0.9793104773659915}, {'age_bin': '75-79', 'age_mid': 77.5, 'r2': 0.9651244429774116}, {'age_bin': '80-84', 'age_mid': 82.5, 'r2': 0.9712037730805052}]"
triiodothyronine t3 free,"Triiodothyronine (T3), free (pg/mL)",0.9600020556337964,0.920677999995036,0.9683502150737575,13,0.16521796158835755,0.06067556169612532,2.8018144661780937,0.1909592516089494,"[{'age_bin': '20-24', 'age_mid': 22.5, 'r2': 0.9238657637903626}, {'age_bin': '25-29', 'age_mid': 27.5, 'r2': 0.920677999995036}, {'age_bin': '30-34', 'age_mid': 32.5, 'r2': 0.9460446523586183}, {'age_bin': '35-39', 'age_mid': 37.5, 'r2': 0.9564386274037519}, {'age_bin': '40-44', 'age_mid': 42.5, 'r2': 0.9588176647647452}, {'age_bin': '45-49', 'age_mid': 47.5, 'r2': 0.9610420696074776}, {'age_bin': '50-54', 'age_mid': 52.5, 'r2': 0.9683502150737575}, {'age_bin': '55-59', 'age_mid': 57.5, 'r2': 0.9727720686588504}, {'age_bin': '60-64', 'age_mid': 62.5, 'r2': 0.972706834792555}, {'age_bin': '65-69', 'age_mid': 67.5, 'r2': 0.973564209337121}, {'age_bin': '70-74', 'age_mid': 72.5, 'r2': 0.9837018307786312}, {'age_bin': '75-79', 'age_mid': 77.5, 'r2': 0.9686723863918574}, {'age_bin': '80-84', 'age_mid': 82.5, 'r2': 0.9733724002865888}]"
triiodothyronine t3 total,"Triiodothyronine (T3), total (ng/dL)",0.9668035322044465,0.9318269321299457,0.9736375299632145,13,9.90831432155713,3.4073673589748115,91.32293785169385,8.884316716086339,"[{'age_bin': '20-24', 'age_mid': 22.5, 'r2': 0.9344318216272709}, {'age_bin': '25-29', 'age_mid': 27.5, 'r2': 0.9318269321299457}, {'age_bin': '30-34', 'age_mid': 32.5, 'r2': 0.9565844589622223}, {'age_bin': '35-39', 'age_mid': 37.5, 'r2': 0.9637860881241398}, {'age_bin': '40-44', 'age_mid': 42.5, 'r2': 0.9721333168293871}, {'age_bin': '45-49', 'age_mid': 47.5, 'r2': 0.9736375299632145}, {'age_bin': '50-54', 'age_mid': 52.5, 'r2': 0.9761381675428876}, {'age_bin': '55-59', 'age_mid': 57.5, 'r2': 0.982052788121542}, {'age_bin': '60-64', 'age_mid': 62.5, 'r2': 0.976352890225516}, {'age_bin': '65-69', 'age_mid': 67.5, 'r2': 0.9817610886758434}, {'age_bin': '70-74', 'age_mid': 72.5, 'r2': 0.9795761226357391}, {'age_bin': '75-79', 'age_mid': 77.5, 'r2': 0.965199303671678}, {'age_bin': '80-84', 'age_mid': 82.5, 'r2': 0.9749654101484161}]"
unsaturated iron binding capacity uibc serum,"Unsaturated Iron Binding Capacity (UIBC), Serum (ug/dL)",0.9714631623029498,0.9310708562376275,0.9752952206728515,13,30.112700113335467,11.22117733104489,172.8077749665734,14.823309574596781,"[{'age_bin': '20-24', 'age_mid': 22.5, 'r2': 0.9310708562376275}, {'age_bin': '25-29', 'age_mid': 27.5, 'r2': 0.9550528924982995}, {'age_bin': '30-34', 'age_mid': 32.5, 'r2': 0.9449748349410007}, {'age_bin': '35-39', 'age_mid': 37.5, 'r2': 0.9704992983474958}, {'age_bin': '40-44', 'age_mid': 42.5, 'r2': 0.9736170956891137}, {'age_bin': '45-49', 'age_mid': 47.5, 'r2': 0.9752952206728515}, {'age_bin': '50-54', 'age_mid': 52.5, 'r2': 0.9718251026492766}, {'age_bin': '55-59', 'age_mid': 57.5, 'r2': 0.9790615604479804}, {'age_bin': '60-64', 'age_mid': 62.5, 'r2': 0.9817126777442704}, {'age_bin': '65-69', 'age_mid': 67.5, 'r2': 0.986850749486299}, {'age_bin': '70-74', 'age_mid': 72.5, 'r2': 0.9891991918507058}, {'age_bin': '75-79', 'age_mid': 77.5, 'r2': 0.9768229688745743}, {'age_bin': '80-84', 'age_mid': 82.5, 'r2': 0.9930386604988549}]"
uric acid,Uric acid (mg/dL),0.9752022713893028,0.9303948273244859,0.9830454801115833,13,0.6943942968225331,0.19654712725919735,3.8725743397862917,0.17591095263803547,"[{'age_bin': '20-24', 'age_mid': 22.5, 'r2': 0.9303948273244859}, {'age_bin': '25-29', 'age_mid': 27.5, 'r2': 0.9479917022611479}, {'age_bin': '30-34', 'age_mid': 32.5, 'r2': 0.9502043155626175}, {'age_bin': '35-39', 'age_mid': 37.5, 'r2': 0.9642833033039281}, {'age_bin': '40-44', 'age_mid': 42.5, 'r2': 0.9775340426920005}, {'age_bin': '45-49', 'age_mid': 47.5, 'r2': 0.98221711780039}, {'age_bin': '50-54', 'age_mid': 52.5, 'r2': 0.9830454801115833}, {'age_bin': '55-59', 'age_mid': 57.5, 'r2': 0.9848127284510594}, {'age_bin': '60-64', 'age_mid': 62.5, 'r2': 0.9883256792218952}, {'age_bin': '65-69', 'age_mid': 67.5, 'r2': 0.9915390827604692}, {'age_bin': '70-74', 'age_mid': 72.5, 'r2': 0.9877487827928185}, {'age_bin': '75-79', 'age_mid': 77.5, 'r2': 0.9925223405296119}, {'age_bin': '80-84', 'age_mid': 82.5, 'r2': 0.997010125248927}]"
varicella,Varicella,0.947120228459091,0.9153867463789704,0.9488088558136567,6,4.370333152647745,0.5966677605996675,6.975086862359968,0.567158919079724,"[{'age_bin': '20-24', 'age_mid': 22.5, 'r2': 0.9153867463789704}, {'age_bin': '25-29', 'age_mid': 27.5, 'r2': 0.9172631382324837}, {'age_bin': '30-34', 'age_mid': 32.5, 'r2': 0.938709721235714}, {'age_bin': '35-39', 'age_mid': 37.5, 'r2': 0.9589079903915996}, {'age_bin': '40-44', 'age_mid': 42.5, 'r2': 0.9752620594890947}, {'age_bin': '45-49', 'age_mid': 47.5, 'r2': 0.9771917150266832}, {'age_bin': '50-54', 'age_mid': 52.5, 'r2': None}, {'age_bin': '55-59', 'age_mid': 57.5, 'r2': None}, {'age_bin': '60-64', 'age_mid': 62.5, 'r2': None}, {'age_bin': '65-69', 'age_mid': 67.5, 'r2': None}, {'age_bin': '70-74', 'age_mid': 72.5, 'r2': None}, {'age_bin': '75-79', 'age_mid': 77.5, 'r2': None}, {'age_bin': '80-84', 'age_mid': 82.5, 'r2': None}]"
varicella igg antibody multiplex bead assay quantitative result,Varicella IgG Antibody Multiplex Bead Assay Quantitative Result (mIU/mL),0.9470272067275385,0.9144571165813584,0.9528694344644093,8,1831.1799112020435,214.0527661574278,387.233540268067,267.7323887721771,"[{'age_bin': '20-24', 'age_mid': 22.5, 'r2': 0.9253027901063628}, {'age_bin': '25-29', 'age_mid': 27.5, 'r2': 0.9537916179060498}, {'age_bin': '30-34', 'age_mid': 32.5, 'r2': 0.9519472510227689}, {'age_bin': '35-39', 'age_mid': 37.5, 'r2': 0.9720235816175524}, {'age_bin': '40-44', 'age_mid': 42.5, 'r2': 0.9644200026761545}, {'age_bin': '45-49', 'age_mid': 47.5, 'r2': 0.9542585244256032}, {'age_bin': '50-54', 'age_mid': 52.5, 'r2': 0.9400167694844579}, {'age_bin': '55-59', 'age_mid': 57.5, 'r2': 0.9144571165813584}, {'age_bin': '60-64', 'age_mid': 62.5, 'r2': None}, {'age_bin': '65-69', 'age_mid': 67.5, 'r2': None}, {'age_bin': '70-74', 'age_mid': 72.5, 'r2': None}, {'age_bin': '75-79', 'age_mid': 77.5, 'r2': None}, {'age_bin': '80-84', 'age_mid': 82.5, 'r2': None}]"
vitamin a,Vitamin A (ug/dL),0.9732713755532594,0.9406104363071219,0.9760172854600105,13,7.403757338842709,1.9120083822921072,42.17519262635358,1.3996338051061201,"[{'age_bin': '20-24', 'age_mid': 22.5, 'r2': 0.9406104363071219}, {'age_bin': '25-29', 'age_mid': 27.5, 'r2': 0.9614613373058802}, {'age_bin': '30-34', 'age_mid': 32.5, 'r2': 0.9618442952537865}, {'age_bin': '35-39', 'age_mid': 37.5, 'r2': 0.9553532591784357}, {'age_bin': '40-44', 'age_mid': 42.5, 'r2': 0.9760172854600105}, {'age_bin': '45-49', 'age_mid': 47.5, 'r2': 0.9749291696587782}, {'age_bin': '50-54', 'age_mid': 52.5, 'r2': 0.9829630065990966}, {'age_bin': '55-59', 'age_mid': 57.5, 'r2': 0.9640184607647833}, {'age_bin': '60-64', 'age_mid': 62.5, 'r2': 0.9915135607930692}, {'age_bin': '65-69', 'age_mid': 67.5, 'r2': 0.9917304638317724}, {'age_bin': '70-74', 'age_mid': 72.5, 'r2': 0.9910361884317455}, {'age_bin': '75-79', 'age_mid': 77.5, 'r2': 0.977021067045518}, {'age_bin': '80-84', 'age_mid': 82.5, 'r2': 0.9840293515623731}]"
vitamin b12,"Vitamin B12, serum (pg/mL)",0.9708610551567123,0.9546751100077,0.9720135229926687,13,118.9594866557922,18.98263673945612,258.72703496194475,67.94961799380322,"[{'age_bin': '20-24', 'age_mid': 22.5, 'r2': 0.9570081542320216}, {'age_bin': '25-29', 'age_mid': 27.5, 'r2': 0.9646311530294538}, {'age_bin': '30-34', 'age_mid': 32.5, 'r2': 0.9785998929492383}, {'age_bin': '35-39', 'age_mid': 37.5, 'r2': 0.9769792994912577}, {'age_bin': '40-44', 'age_mid': 42.5, 'r2': 0.9745637154136428}, {'age_bin': '45-49', 'age_mid': 47.5, 'r2': 0.9720135229926687}, {'age_bin': '50-54', 'age_mid': 52.5, 'r2': 0.9567178917857455}, {'age_bin': '55-59', 'age_mid': 57.5, 'r2': 0.9787585780477832}, {'age_bin': '60-64', 'age_mid': 62.5, 'r2': 0.9713200156942648}, {'age_bin': '65-69', 'age_mid': 67.5, 'r2': 0.9854307227986804}, {'age_bin': '70-74', 'age_mid': 72.5, 'r2': 0.9797564984829741}, {'age_bin': '75-79', 'age_mid': 77.5, 'r2': 0.9546751100077}, {'age_bin': '80-84', 'age_mid': 82.5, 'r2': 0.9707391621118278}]"
vitamin b6 pyridoxal 5 -phosphate test results nmol/l,Vitamin B6 (Pyridoxal 5'-phosphate) test results (nmol/L).,0.9248237280255789,0.8609494263246378,0.9392494065261506,13,24.673216882689985,4.367620343817611,-0.6996559909113815,12.96694111783738,"[{'age_bin': '20-24', 'age_mid': 22.5, 'r2': 0.9534186710038627}, {'age_bin': '25-29', 'age_mid': 27.5, 'r2': 0.9569653063336447}, {'age_bin': '30-34', 'age_mid': 32.5, 'r2': 0.8692425015498699}, {'age_bin': '35-39', 'age_mid': 37.5, 'r2': 0.9373941567200564}, {'age_bin': '40-44', 'age_mid': 42.5, 'r2': 0.9627771933054382}, {'age_bin': '45-49', 'age_mid': 47.5, 'r2': 0.9392954380531202}, {'age_bin': '50-54', 'age_mid': 52.5, 'r2': 0.8609494263246378}, {'age_bin': '55-59', 'age_mid': 57.5, 'r2': 0.9685378726382715}, {'age_bin': '60-64', 'age_mid': 62.5, 'r2': 0.9311186409093185}, {'age_bin': '65-69', 'age_mid': 67.5, 'r2': 0.9396922147408396}, {'age_bin': '70-74', 'age_mid': 72.5, 'r2': 0.901830557451915}, {'age_bin': '75-79', 'age_mid': 77.5, 'r2': 0.8622370787754035}, {'age_bin': '80-84', 'age_mid': 82.5, 'r2': 0.9392494065261506}]"
vitamin c,Vitamin C (mg/dL),0.9400069247676585,0.878662877361601,0.9459873395860865,13,0.2270783978025097,0.04299411571417825,0.42000630868156463,0.0885367125941733,"[{'age_bin': '20-24', 'age_mid': 22.5, 'r2': 0.878662877361601}, {'age_bin': '25-29', 'age_mid': 27.5, 'r2': 0.884333748210652}, {'age_bin': '30-34', 'age_mid': 32.5, 'r2': 0.9069605876050827}, {'age_bin': '35-39', 'age_mid': 37.5, 'r2': 0.9143611161443937}, {'age_bin': '40-44', 'age_mid': 42.5, 'r2': 0.9309713247189583}, {'age_bin': '45-49', 'age_mid': 47.5, 'r2': 0.9412333753793524}, {'age_bin': '50-54', 'age_mid': 52.5, 'r2': 0.9557537164503747}, {'age_bin': '55-59', 'age_mid': 57.5, 'r2': 0.9459873395860865}, {'age_bin': '60-64', 'age_mid': 62.5, 'r2': 0.9664585920246468}, {'age_bin': '65-69', 'age_mid': 67.5, 'r2': 0.9654770530733986}, {'age_bin': '70-74', 'age_mid': 72.5, 'r2': 0.9808005429877545}, {'age_bin': '75-79', 'age_mid': 77.5, 'r2': 0.9711994546842585}, {'age_bin': '80-84', 'age_mid': 82.5, 'r2': 0.9778902937530002}]"
vitamin e,Vitamin E (ug/dL),0.9733320985511708,0.9528293924973931,0.977674412133718,13,208.2927302881796,19.789219477174374,762.8188239424635,68.5665707870447,"[{'age_bin': '20-24', 'age_mid': 22.5, 'r2': 0.9528293924973931}, {'age_bin': '25-29', 'age_mid': 27.5, 'r2': 0.9545849948558476}, {'age_bin': '30-34', 'age_mid': 32.5, 'r2': 0.973161803661049}, {'age_bin': '35-39', 'age_mid': 37.5, 'r2': 0.9670810366767614}, {'age_bin': '40-44', 'age_mid': 42.5, 'r2': 0.9792955373285167}, {'age_bin': '45-49', 'age_mid': 47.5, 'r2': 0.9557106159530788}, {'age_bin': '50-54', 'age_mid': 52.5, 'r2': 0.9600019076195624}, {'age_bin': '55-59', 'age_mid': 57.5, 'r2': 0.9895501470167661}, {'age_bin': '60-64', 'age_mid': 62.5, 'r2': 0.9844431745253676}, {'age_bin': '65-69', 'age_mid': 67.5, 'r2': 0.9800741779658986}, {'age_bin': '70-74', 'age_mid': 72.5, 'r2': 0.9948247528465992}, {'age_bin': '75-79', 'age_mid': 77.5, 'r2': 0.977674412133718}, {'age_bin': '80-84', 'age_mid': 82.5, 'r2': 0.9840853280846633}]"
water bromodichloromethane,Water Bromodichloromethane (ng/mL),0.9777890460802641,0.8984571113678046,0.9876391141626274,13,2.77056336505255,0.7472079869459709,-0.8327035189777985,1.3795682768474833,"[{'age_bin': '20-24', 'age_mid': 22.5, 'r2': 0.9876391141626274}, {'age_bin': '25-29', 'age_mid': 27.5, 'r2': 0.9896055936546595}, {'age_bin': '30-34', 'age_mid': 32.5, 'r2': 0.9928205370282658}, {'age_bin': '35-39', 'age_mid': 37.5, 'r2': 0.9944448463573874}, {'age_bin': '40-44', 'age_mid': 42.5, 'r2': 0.9940959069836218}, {'age_bin': '45-49', 'age_mid': 47.5, 'r2': 0.9857119754268797}, {'age_bin': '50-54', 'age_mid': 52.5, 'r2': 0.9917695137523566}, {'age_bin': '55-59', 'age_mid': 57.5, 'r2': 0.988327481110844}, {'age_bin': '60-64', 'age_mid': 62.5, 'r2': 0.9863001296753637}, {'age_bin': '65-69', 'age_mid': 67.5, 'r2': 0.9740248895168956}, {'age_bin': '70-74', 'age_mid': 72.5, 'r2': 0.9504021591521803}, {'age_bin': '75-79', 'age_mid': 77.5, 'r2': 0.8984571113678046}, {'age_bin': '80-84', 'age_mid': 82.5, 'r2': 0.9776583408545468}]"
water bromodichloromethane result,Water Bromodichloromethane Result (ng/mL),0.9785007266523558,0.9641191425529264,0.981736205616957,8,3.474887297879188,0.7278656420907276,0.027190844980267026,0.8504952479426958,"[{'age_bin': '20-24', 'age_mid': 22.5, 'r2': 0.965773433523066}, {'age_bin': '25-29', 'age_mid': 27.5, 'r2': 0.9838839516402484}, {'age_bin': '30-34', 'age_mid': 32.5, 'r2': 0.9696680835139071}, {'age_bin': '35-39', 'age_mid': 37.5, 'r2': 0.980873275185672}, {'age_bin': '40-44', 'age_mid': 42.5, 'r2': 0.9881609629856086}, {'age_bin': '45-49', 'age_mid': 47.5, 'r2': 0.9929278277691759}, {'age_bin': '50-54', 'age_mid': 52.5, 'r2': 0.982599136048242}, {'age_bin': '55-59', 'age_mid': 57.5, 'r2': 0.9641191425529264}, {'age_bin': '60-64', 'age_mid': 62.5, 'r2': None}, {'age_bin': '65-69', 'age_mid': 67.5, 'r2': None}, {'age_bin': '70-74', 'age_mid': 72.5, 'r2': None}, {'age_bin': '75-79', 'age_mid': 77.5, 'r2': None}, {'age_bin': '80-84', 'age_mid': 82.5, 'r2': None}]"
water bromoform,Water Bromoform (ng/mL),0.6467702958467224,0.5717014555005155,0.6464545502864929,13,0.8833936989997968,0.2073204828797034,-0.9758341907736003,0.42058523094902595,"[{'age_bin': '20-24', 'age_mid': 22.5, 'r2': 0.6545894509006961}, {'age_bin': '25-29', 'age_mid': 27.5, 'r2': 0.7243962020015963}, {'age_bin': '30-34', 'age_mid': 32.5, 'r2': 0.6958636709154692}, {'age_bin': '35-39', 'age_mid': 37.5, 'r2': 0.5927228782184981}, {'age_bin': '40-44', 'age_mid': 42.5, 'r2': 0.6464545502864929}, {'age_bin': '45-49', 'age_mid': 47.5, 'r2': 0.605570040926334}, {'age_bin': '50-54', 'age_mid': 52.5, 'r2': 0.6438513885721902}, {'age_bin': '55-59', 'age_mid': 57.5, 'r2': 0.6560916999480211}, {'age_bin': '60-64', 'age_mid': 62.5, 'r2': 0.6824502136253917}, {'age_bin': '65-69', 'age_mid': 67.5, 'r2': 0.6458352875063942}, {'age_bin': '70-74', 'age_mid': 72.5, 'r2': 0.5717014555005155}, {'age_bin': '75-79', 'age_mid': 77.5, 'r2': 0.6123855928312161}, {'age_bin': '80-84', 'age_mid': 82.5, 'r2': 0.676101414774577}]"
water bromoform result,Water Bromoform Result (ng/mL),0.7017497621025274,0.597263594746924,0.6933824339915596,8,0.7694274039728928,0.21921521802842747,-0.46220775613976217,0.13294570671859585,"[{'age_bin': '20-24', 'age_mid': 22.5, 'r2': 0.7731895151676658}, {'age_bin': '25-29', 'age_mid': 27.5, 'r2': 0.7852333746245188}, {'age_bin': '30-34', 'age_mid': 32.5, 'r2': 0.7123182704852145}, {'age_bin': '35-39', 'age_mid': 37.5, 'r2': 0.6705851357481173}, {'age_bin': '40-44', 'age_mid': 42.5, 'r2': 0.6744465974979048}, {'age_bin': '45-49', 'age_mid': 47.5, 'r2': 0.7338223605245118}, {'age_bin': '50-54', 'age_mid': 52.5, 'r2': 0.6671392480253624}, {'age_bin': '55-59', 'age_mid': 57.5, 'r2': 0.597263594746924}, {'age_bin': '60-64', 'age_mid': 62.5, 'r2': None}, {'age_bin': '65-69', 'age_mid': 67.5, 'r2': None}, {'age_bin': '70-74', 'age_mid': 72.5, 'r2': None}, {'age_bin': '75-79', 'age_mid': 77.5, 'r2': None}, {'age_bin': '80-84', 'age_mid': 82.5, 'r2': None}]"
water chloroform,Water Chloroform (ng/mL),0.9553404435080417,0.9143768587176304,0.958059585552014,13,9.468938893099772,2.982719530101384,-5.374575513772607,3.6628291697773143,"[{'age_bin': '20-24', 'age_mid': 22.5, 'r2': 0.9985039912838365}, {'age_bin': '25-29', 'age_mid': 27.5, 'r2': 0.9867033005001182}, {'age_bin': '30-34', 'age_mid': 32.5, 'r2': 0.9915283766541542}, {'age_bin': '35-39', 'age_mid': 37.5, 'r2': 0.9793324201238209}, {'age_bin': '40-44', 'age_mid': 42.5, 'r2': 0.958059585552014}, {'age_bin': '45-49', 'age_mid': 47.5, 'r2': 0.9404515601894872}, {'age_bin': '50-54', 'age_mid': 52.5, 'r2': 0.9628142813896595}, {'age_bin': '55-59', 'age_mid': 57.5, 'r2': 0.9226227549022467}, {'age_bin': '60-64', 'age_mid': 62.5, 'r2': 0.9453291220004698}, {'age_bin': '65-69', 'age_mid': 67.5, 'r2': 0.9590741521482684}, {'age_bin': '70-74', 'age_mid': 72.5, 'r2': 0.9177610581443514}, {'age_bin': '75-79', 'age_mid': 77.5, 'r2': 0.9143768587176304}, {'age_bin': '80-84', 'age_mid': 82.5, 'r2': 0.9428683039984845}]"
water chloroform result,Water Chloroform Result,0.9773165976209335,0.9530217691444715,0.9786671555097011,8,12.57617347882181,1.813728360885128,-2.6191938094773093,2.536049300624941,"[{'age_bin': '20-24', 'age_mid': 22.5, 'r2': 0.9907923475474172}, {'age_bin': '25-29', 'age_mid': 27.5, 'r2': 0.9969636498015513}, {'age_bin': '30-34', 'age_mid': 32.5, 'r2': 0.9858680518680442}, {'age_bin': '35-39', 'age_mid': 37.5, 'r2': 0.9896829298191903}, {'age_bin': '40-44', 'age_mid': 42.5, 'r2': 0.971466259151358}, {'age_bin': '45-49', 'age_mid': 47.5, 'r2': 0.9593480066575532}, {'age_bin': '50-54', 'age_mid': 52.5, 'r2': 0.9713897669778822}, {'age_bin': '55-59', 'age_mid': 57.5, 'r2': 0.9530217691444715}, {'age_bin': '60-64', 'age_mid': 62.5, 'r2': None}, {'age_bin': '65-69', 'age_mid': 67.5, 'r2': None}, {'age_bin': '70-74', 'age_mid': 72.5, 'r2': None}, {'age_bin': '75-79', 'age_mid': 77.5, 'r2': None}, {'age_bin': '80-84', 'age_mid': 82.5, 'r2': None}]"
water dibromochloromethane,Water Dibromochloromethane (ng/mL),0.8491663232298882,0.778422175879563,0.8466999984574674,13,1.9566384659248472,0.5116952287507702,-1.4129544864498211,0.8795124273542325,"[{'age_bin': '20-24', 'age_mid': 22.5, 'r2': 0.9189206497325411}, {'age_bin': '25-29', 'age_mid': 27.5, 'r2': 0.8466999984574674}, {'age_bin': '30-34', 'age_mid': 32.5, 'r2': 0.8967946384854296}, {'age_bin': '35-39', 'age_mid': 37.5, 'r2': 0.8498145379161188}, {'age_bin': '40-44', 'age_mid': 42.5, 'r2': 0.8700002738514976}, {'age_bin': '45-49', 'age_mid': 47.5, 'r2': 0.8356505093849063}, {'age_bin': '50-54', 'age_mid': 52.5, 'r2': 0.8270826242647388}, {'age_bin': '55-59', 'age_mid': 57.5, 'r2': 0.857331382277934}, {'age_bin': '60-64', 'age_mid': 62.5, 'r2': 0.8691066641082512}, {'age_bin': '65-69', 'age_mid': 67.5, 'r2': 0.778422175879563}, {'age_bin': '70-74', 'age_mid': 72.5, 'r2': 0.8326083387600459}, {'age_bin': '75-79', 'age_mid': 77.5, 'r2': 0.8393958077200949}, {'age_bin': '80-84', 'age_mid': 82.5, 'r2': 0.817334601149957}]"
water dibromochloromethane result,Water Dibromochloromethane Result (ng/mL),0.8295877469979707,0.7534044488296336,0.8297426962035853,8,2.3096797769133737,0.7909656821354791,-0.9023429702878685,0.2201785673543918,"[{'age_bin': '20-24', 'age_mid': 22.5, 'r2': 0.8903769000316959}, {'age_bin': '25-29', 'age_mid': 27.5, 'r2': 0.8176652275774908}, {'age_bin': '30-34', 'age_mid': 32.5, 'r2': 0.8376832316278717}, {'age_bin': '35-39', 'age_mid': 37.5, 'r2': 0.7840974251638141}, {'age_bin': '40-44', 'age_mid': 42.5, 'r2': 0.7534044488296336}, {'age_bin': '45-49', 'age_mid': 47.5, 'r2': 0.8464250848675987}, {'age_bin': '50-54', 'age_mid': 52.5, 'r2': 0.8218021607792989}, {'age_bin': '55-59', 'age_mid': 57.5, 'r2': 0.885247497106362}, {'age_bin': '60-64', 'age_mid': 62.5, 'r2': None}, {'age_bin': '65-69', 'age_mid': 67.5, 'r2': None}, {'age_bin': '70-74', 'age_mid': 72.5, 'r2': None}, {'age_bin': '75-79', 'age_mid': 77.5, 'r2': None}, {'age_bin': '80-84', 'age_mid': 82.5, 'r2': None}]"
water mtbe,Water MTBE (ng/mL),0.1044997836596439,0.0582801860113078,0.08988347434849875,8,0.0014954105255589223,0.0013930994302239997,0.06791355475749333,0.003095146862414035,"[{'age_bin': '20-24', 'age_mid': 22.5, 'r2': None}, {'age_bin': '25-29', 'age_mid': 27.5, 'r2': 0.11887976473498862}, {'age_bin': '30-34', 'age_mid': 32.5, 'r2': None}, {'age_bin': '35-39', 'age_mid': 37.5, 'r2': None}, {'age_bin': '40-44', 'age_mid': 42.5, 'r2': 0.06037191188667057}, {'age_bin': '45-49', 'age_mid': 47.5, 'r2': None}, {'age_bin': '50-54', 'age_mid': 52.5, 'r2': 0.11232444485792237}, {'age_bin': '55-59', 'age_mid': 57.5, 'r2': 0.06047107063797841}, {'age_bin': '60-64', 'age_mid': 62.5, 'r2': 0.1603284964268279}, {'age_bin': '65-69', 'age_mid': 67.5, 'r2': 0.19789989088238036}, {'age_bin': '70-74', 'age_mid': 72.5, 'r2': 0.0582801860113078}, {'age_bin': '75-79', 'age_mid': 77.5, 'r2': None}, {'age_bin': '80-84', 'age_mid': 82.5, 'r2': 0.06744250383907513}]"
water methyl tert butyl ether mtbe result,Water Methyl tert. butyl ether (MTBE) Result (ng/mL),0.5094515916435106,0.34769587943071234,0.5097423451009282,8,0.04669011914249636,0.01808652197818137,0.032945725113389265,0.00853292507770991,"[{'age_bin': '20-24', 'age_mid': 22.5, 'r2': 0.49413646553406676}, {'age_bin': '25-29', 'age_mid': 27.5, 'r2': 0.6030411172045421}, {'age_bin': '30-34', 'age_mid': 32.5, 'r2': 0.5642929939877466}, {'age_bin': '35-39', 'age_mid': 37.5, 'r2': 0.5065539274010866}, {'age_bin': '40-44', 'age_mid': 42.5, 'r2': 0.49527958260244986}, {'age_bin': '45-49', 'age_mid': 47.5, 'r2': 0.5129307628007698}, {'age_bin': '50-54', 'age_mid': 52.5, 'r2': 0.5516820041867108}, {'age_bin': '55-59', 'age_mid': 57.5, 'r2': 0.34769587943071234}, {'age_bin': '60-64', 'age_mid': 62.5, 'r2': None}, {'age_bin': '65-69', 'age_mid': 67.5, 'r2': None}, {'age_bin': '70-74', 'age_mid': 72.5, 'r2': None}, {'age_bin': '75-79', 'age_mid': 77.5, 'r2': None}, {'age_bin': '80-84', 'age_mid': 82.5, 'r2': None}]"
water methyl-tert-butyl ether mtbe,Water Methyl-tert-butyl ether (MTBE) (ng/mL),0.08747801642783704,0.06030876213642944,0.08747801642783704,2,0.0007540138439087336,0.0004302183518180941,0.06811971890500157,0.0019420937512071926,"[{'age_bin': '20-24', 'age_mid': 22.5, 'r2': None}, {'age_bin': '25-29', 'age_mid': 27.5, 'r2': None}, {'age_bin': '30-34', 'age_mid': 32.5, 'r2': None}, {'age_bin': '35-39', 'age_mid': 37.5, 'r2': None}, {'age_bin': '40-44', 'age_mid': 42.5, 'r2': None}, {'age_bin': '45-49', 'age_mid': 47.5, 'r2': None}, {'age_bin': '50-54', 'age_mid': 52.5, 'r2': None}, {'age_bin': '55-59', 'age_mid': 57.5, 'r2': None}, {'age_bin': '60-64', 'age_mid': 62.5, 'r2': 0.06030876213642944}, {'age_bin': '65-69', 'age_mid': 67.5, 'r2': None}, {'age_bin': '70-74', 'age_mid': 72.5, 'r2': None}, {'age_bin': '75-79', 'age_mid': 77.5, 'r2': None}, {'age_bin': '80-84', 'age_mid': 82.5, 'r2': 0.11464727071924463}]"
white blood cell count,White blood cell count (1000 cells/uL),0.9818704287484402,0.9449749703597597,0.9916228729389643,13,1.003359612525151,0.33688123725767866,4.910600803370627,0.43842810490247713,"[{'age_bin': '20-24', 'age_mid': 22.5, 'r2': 0.9449749703597597}, {'age_bin': '25-29', 'age_mid': 27.5, 'r2': 0.9591808852101992}, {'age_bin': '30-34', 'age_mid': 32.5, 'r2': 0.9689627971936053}, {'age_bin': '35-39', 'age_mid': 37.5, 'r2': 0.9708379260225656}, {'age_bin': '40-44', 'age_mid': 42.5, 'r2': 0.9762139373500032}, {'age_bin': '45-49', 'age_mid': 47.5, 'r2': 0.9894739817112133}, {'age_bin': '50-54', 'age_mid': 52.5, 'r2': 0.9916228729389643}, {'age_bin': '55-59', 'age_mid': 57.5, 'r2': 0.993175536886786}, {'age_bin': '60-64', 'age_mid': 62.5, 'r2': 0.9948327082017538}, {'age_bin': '65-69', 'age_mid': 67.5, 'r2': 0.9950058968199587}, {'age_bin': '70-74', 'age_mid': 72.5, 'r2': 0.995785368403924}, {'age_bin': '75-79', 'age_mid': 77.5, 'r2': 0.9916899198389589}, {'age_bin': '80-84', 'age_mid': 82.5, 'r2': 0.9925587727920312}]"
white blood cell count si,White blood cell count: SI,0.9813167941177278,0.9409225906976362,0.9870136106595595,13,0.9668910241076772,0.32509752270090614,4.935203584799125,0.42122371901364475,"[{'age_bin': '20-24', 'age_mid': 22.5, 'r2': 0.9409225906976362}, {'age_bin': '25-29', 'age_mid': 27.5, 'r2': 0.9672135887438125}, {'age_bin': '30-34', 'age_mid': 32.5, 'r2': 0.9637339219109894}, {'age_bin': '35-39', 'age_mid': 37.5, 'r2': 0.9685412001011247}, {'age_bin': '40-44', 'age_mid': 42.5, 'r2': 0.9801940074613856}, {'age_bin': '45-49', 'age_mid': 47.5, 'r2': 0.9842005617951252}, {'age_bin': '50-54', 'age_mid': 52.5, 'r2': 0.9870136106595595}, {'age_bin': '55-59', 'age_mid': 57.5, 'r2': 0.9943228692288327}, {'age_bin': '60-64', 'age_mid': 62.5, 'r2': 0.9952365574921109}, {'age_bin': '65-69', 'age_mid': 67.5, 'r2': 0.9941008706129864}, {'age_bin': '70-74', 'age_mid': 72.5, 'r2': 0.9936153904774887}, {'age_bin': '75-79', 'age_mid': 77.5, 'r2': 0.9967206256151929}, {'age_bin': '80-84', 'age_mid': 82.5, 'r2': 0.991302528734217}]"
zeaxanthin,Zeaxanthin (ug/dL),0.9795783119345606,0.9564265799293729,0.9863908153672756,13,0.8683637406853083,0.23823614976684002,2.052799178392768,0.4214536952651831,"[{'age_bin': '20-24', 'age_mid': 22.5, 'r2': 0.9564265799293729}, {'age_bin': '25-29', 'age_mid': 27.5, 'r2': 0.9595376019737354}, {'age_bin': '30-34', 'age_mid': 32.5, 'r2': 0.9657566403750095}, {'age_bin': '35-39', 'age_mid': 37.5, 'r2': 0.9863908153672756}, {'age_bin': '40-44', 'age_mid': 42.5, 'r2': 0.9768337744420269}, {'age_bin': '45-49', 'age_mid': 47.5, 'r2': 0.9896204283574254}, {'age_bin': '50-54', 'age_mid': 52.5, 'r2': 0.982624471203446}, {'age_bin': '55-59', 'age_mid': 57.5, 'r2': 0.9762512965311549}, {'age_bin': '60-64', 'age_mid': 62.5, 'r2': 0.987391085974046}, {'age_bin': '65-69', 'age_mid': 67.5, 'r2': 0.9914235548263433}, {'age_bin': '70-74', 'age_mid': 72.5, 'r2': 0.9878546526432334}, {'age_bin': '75-79', 'age_mid': 77.5, 'r2': 0.9865028241814899}, {'age_bin': '80-84', 'age_mid': 82.5, 'r2': 0.987904329344726}]"
a-carotene,a-Carotene (ug/dL),0.9328277839314149,0.8647382615980042,0.9301902536561917,13,1.7000123932218114,0.41454338507773264,-0.005166926052810849,0.45978274548052317,"[{'age_bin': '20-24', 'age_mid': 22.5, 'r2': 0.9301902536561917}, {'age_bin': '25-29', 'age_mid': 27.5, 'r2': 0.9535379673511941}, {'age_bin': '30-34', 'age_mid': 32.5, 'r2': 0.9186024277168322}, {'age_bin': '35-39', 'age_mid': 37.5, 'r2': 0.9150544598946785}, {'age_bin': '40-44', 'age_mid': 42.5, 'r2': 0.9461909758971127}, {'age_bin': '45-49', 'age_mid': 47.5, 'r2': 0.9218635004525854}, {'age_bin': '50-54', 'age_mid': 52.5, 'r2': 0.9235379334427883}, {'age_bin': '55-59', 'age_mid': 57.5, 'r2': 0.8647382615980042}, {'age_bin': '60-64', 'age_mid': 62.5, 'r2': 0.9445556485419899}, {'age_bin': '65-69', 'age_mid': 67.5, 'r2': 0.9748226928120928}, {'age_bin': '70-74', 'age_mid': 72.5, 'r2': 0.9180414732121425}, {'age_bin': '75-79', 'age_mid': 77.5, 'r2': 0.9712009794855243}, {'age_bin': '80-84', 'age_mid': 82.5, 'r2': 0.9444246170472571}]"
a-cryptoxanthin,a-Cryptoxanthin (ug/dL),0.9809834088090958,0.9504891663668728,0.9852303356557633,13,0.5675282735541873,0.16752807811537276,1.3304415951151354,0.3753322543526403,"[{'age_bin': '20-24', 'age_mid': 22.5, 'r2': 0.9504891663668728}, {'age_bin': '25-29', 'age_mid': 27.5, 'r2': 0.9766256083071481}, {'age_bin': '30-34', 'age_mid': 32.5, 'r2': 0.971578104949478}, {'age_bin': '35-39', 'age_mid': 37.5, 'r2': 0.9774075707268877}, {'age_bin': '40-44', 'age_mid': 42.5, 'r2': 0.9852303356557633}, {'age_bin': '45-49', 'age_mid': 47.5, 'r2': 0.9749579457012235}, {'age_bin': '50-54', 'age_mid': 52.5, 'r2': 0.9883293878239688}, {'age_bin': '55-59', 'age_mid': 57.5, 'r2': 0.9897482572832645}, {'age_bin': '60-64', 'age_mid': 62.5, 'r2': 0.9968789741763501}, {'age_bin': '65-69', 'age_mid': 67.5, 'r2': 0.9887216112491372}, {'age_bin': '70-74', 'age_mid': 72.5, 'r2': 0.9858985586508209}, {'age_bin': '75-79', 'age_mid': 77.5, 'r2': 0.9905666541104872}, {'age_bin': '80-84', 'age_mid': 82.5, 'r2': 0.9763521395168443}]"
a-tocopherol,a-Tocopherol (ug/dL),0.9713133030740018,0.9434168119337666,0.9687379089140348,13,225.65141878420712,33.6786406163088,782.8885845883523,84.79839912298108,"[{'age_bin': '20-24', 'age_mid': 22.5, 'r2': 0.9597868866444141}, {'age_bin': '25-29', 'age_mid': 27.5, 'r2': 0.9687379089140348}, {'age_bin': '30-34', 'age_mid': 32.5, 'r2': 0.9635324668287509}, {'age_bin': '35-39', 'age_mid': 37.5, 'r2': 0.9789830216926056}, {'age_bin': '40-44', 'age_mid': 42.5, 'r2': 0.9740714741128066}, {'age_bin': '45-49', 'age_mid': 47.5, 'r2': 0.9434168119337666}, {'age_bin': '50-54', 'age_mid': 52.5, 'r2': 0.9824845101111369}, {'age_bin': '55-59', 'age_mid': 57.5, 'r2': 0.9620946244835502}, {'age_bin': '60-64', 'age_mid': 62.5, 'r2': 0.9649169499351722}, {'age_bin': '65-69', 'age_mid': 67.5, 'r2': 0.9804972489634235}, {'age_bin': '70-74', 'age_mid': 72.5, 'r2': 0.9886493284911924}, {'age_bin': '75-79', 'age_mid': 77.5, 'r2': 0.9629191400101892}, {'age_bin': '80-84', 'age_mid': 82.5, 'r2': 0.9969825678409793}]"
alpha-linolenic acid 18 3n-3,alpha-Linolenic acid (18:3n-3) (umol/L),0.9704379752882656,0.9511244453308892,0.9700033407826272,13,19.538638423466868,5.906180692275753,42.985940186550515,4.362885583558811,"[{'age_bin': '20-24', 'age_mid': 22.5, 'r2': 0.9561855737602225}, {'age_bin': '25-29', 'age_mid': 27.5, 'r2': 0.9700033407826272}, {'age_bin': '30-34', 'age_mid': 32.5, 'r2': 0.9511244453308892}, {'age_bin': '35-39', 'age_mid': 37.5, 'r2': 0.9524998168370148}, {'age_bin': '40-44', 'age_mid': 42.5, 'r2': 0.9660929638179289}, {'age_bin': '45-49', 'age_mid': 47.5, 'r2': 0.9637905808322681}, {'age_bin': '50-54', 'age_mid': 52.5, 'r2': 0.9860378467191114}, {'age_bin': '55-59', 'age_mid': 57.5, 'r2': 0.98827453871205}, {'age_bin': '60-64', 'age_mid': 62.5, 'r2': 0.9739000574350085}, {'age_bin': '65-69', 'age_mid': 67.5, 'r2': 0.9656078245820778}, {'age_bin': '70-74', 'age_mid': 72.5, 'r2': 0.9784343686733317}, {'age_bin': '75-79', 'age_mid': 77.5, 'r2': 0.9760010638643438}, {'age_bin': '80-84', 'age_mid': 82.5, 'r2': 0.9877412574005806}]"
alpha-linolenic acid,alpha-Linolenic acid (micromol/L),0.9710694633183009,0.9481911133170237,0.975788826295575,13,14.753709703204187,4.389645502277443,35.8533883276549,4.018097026401135,"[{'age_bin': '20-24', 'age_mid': 22.5, 'r2': 0.9724536559938484}, {'age_bin': '25-29', 'age_mid': 27.5, 'r2': 0.9481911133170237}, {'age_bin': '30-34', 'age_mid': 32.5, 'r2': 0.9506828487065208}, {'age_bin': '35-39', 'age_mid': 37.5, 'r2': 0.9597237010024011}, {'age_bin': '40-44', 'age_mid': 42.5, 'r2': 0.981968200596915}, {'age_bin': '45-49', 'age_mid': 47.5, 'r2': 0.9759485039495579}, {'age_bin': '50-54', 'age_mid': 52.5, 'r2': 0.9790933023360414}, {'age_bin': '55-59', 'age_mid': 57.5, 'r2': 0.9797879655981964}, {'age_bin': '60-64', 'age_mid': 62.5, 'r2': 0.9821454680513282}, {'age_bin': '65-69', 'age_mid': 67.5, 'r2': 0.975788826295575}, {'age_bin': '70-74', 'age_mid': 72.5, 'r2': 0.9553161709851125}, {'age_bin': '75-79', 'age_mid': 77.5, 'r2': 0.9889211225525061}, {'age_bin': '80-84', 'age_mid': 82.5, 'r2': 0.9738821437528843}]"
alpha-crypotoxanthin,alpha-crypotoxanthin (ug/dL),0.9747353170996675,0.9274014800589148,0.9738572466479477,13,0.7335632178553825,0.23782794454880268,1.2393997338331402,0.39323307780783107,"[{'age_bin': '20-24', 'age_mid': 22.5, 'r2': 0.964124657173766}, {'age_bin': '25-29', 'age_mid': 27.5, 'r2': 0.9738572466479477}, {'age_bin': '30-34', 'age_mid': 32.5, 'r2': 0.9625374111504977}, {'age_bin': '35-39', 'age_mid': 37.5, 'r2': 0.9869030024493911}, {'age_bin': '40-44', 'age_mid': 42.5, 'r2': 0.9914097607494972}, {'age_bin': '45-49', 'age_mid': 47.5, 'r2': 0.9825023262170076}, {'age_bin': '50-54', 'age_mid': 52.5, 'r2': 0.9842030418181633}, {'age_bin': '55-59', 'age_mid': 57.5, 'r2': 0.9727696825759803}, {'age_bin': '60-64', 'age_mid': 62.5, 'r2': 0.9732318372337001}, {'age_bin': '65-69', 'age_mid': 67.5, 'r2': 0.9274014800589148}, {'age_bin': '70-74', 'age_mid': 72.5, 'r2': 0.9900967164048883}, {'age_bin': '75-79', 'age_mid': 77.5, 'r2': 0.9903034534802513}, {'age_bin': '80-84', 'age_mid': 82.5, 'r2': 0.9722185063356726}]"
alpha-tocopherol,alpha-tocopherol (ug/dL),0.9696523143323241,0.9298561782061827,0.9694962606321216,13,162.87582011611929,11.29079196849547,825.042796825285,69.84416687252472,"[{'age_bin': '20-24', 'age_mid': 22.5, 'r2': 0.9493501865052479}, {'age_bin': '25-29', 'age_mid': 27.5, 'r2': 0.957888241777637}, {'age_bin': '30-34', 'age_mid': 32.5, 'r2': 0.9595174016048287}, {'age_bin': '35-39', 'age_mid': 37.5, 'r2': 0.9613031921206107}, {'age_bin': '40-44', 'age_mid': 42.5, 'r2': 0.9663621181515007}, {'age_bin': '45-49', 'age_mid': 47.5, 'r2': 0.9828816484467869}, {'age_bin': '50-54', 'age_mid': 52.5, 'r2': 0.9850949181116226}, {'age_bin': '55-59', 'age_mid': 57.5, 'r2': 0.9862035371813191}, {'age_bin': '60-64', 'age_mid': 62.5, 'r2': 0.9894923113199005}, {'age_bin': '65-69', 'age_mid': 67.5, 'r2': 0.9827447387532555}, {'age_bin': '70-74', 'age_mid': 72.5, 'r2': 0.9694962606321216}, {'age_bin': '75-79', 'age_mid': 77.5, 'r2': 0.9852893535091983}, {'age_bin': '80-84', 'age_mid': 82.5, 'r2': 0.9298561782061827}]"
b-cryptoxanthin,b-cryptoxanthin (ug/dL),0.9648607658444386,0.9509537242703378,0.9597755003342345,13,3.456165329629447,0.9121935313858653,2.2324524689156733,1.3350596079538497,"[{'age_bin': '20-24', 'age_mid': 22.5, 'r2': 0.9551536583162222}, {'age_bin': '25-29', 'age_mid': 27.5, 'r2': 0.9597755003342345}, {'age_bin': '30-34', 'age_mid': 32.5, 'r2': 0.9621596646593652}, {'age_bin': '35-39', 'age_mid': 37.5, 'r2': 0.9509537242703378}, {'age_bin': '40-44', 'age_mid': 42.5, 'r2': 0.9559206479632545}, {'age_bin': '45-49', 'age_mid': 47.5, 'r2': 0.9597186685664688}, {'age_bin': '50-54', 'age_mid': 52.5, 'r2': 0.9576132504914271}, {'age_bin': '55-59', 'age_mid': 57.5, 'r2': 0.9810935333637968}, {'age_bin': '60-64', 'age_mid': 62.5, 'r2': 0.9580858879685286}, {'age_bin': '65-69', 'age_mid': 67.5, 'r2': 0.9855475713674778}, {'age_bin': '70-74', 'age_mid': 72.5, 'r2': 0.9655410480835758}, {'age_bin': '75-79', 'age_mid': 77.5, 'r2': 0.977039969365551}, {'age_bin': '80-84', 'age_mid': 82.5, 'r2': 0.9745868312274626}]"
beta-cryptoxanthin,beta-cryptoxanthin (ug/dL),0.9124010903526811,0.7787771795730118,0.9314235510057222,13,3.827202891205074,1.1743282094020462,1.2222005060923837,1.8464375916631737,"[{'age_bin': '20-24', 'age_mid': 22.5, 'r2': 0.96336103930593}, {'age_bin': '25-29', 'age_mid': 27.5, 'r2': 0.9750753404266502}, {'age_bin': '30-34', 'age_mid': 32.5, 'r2': 0.8624934930149273}, {'age_bin': '35-39', 'age_mid': 37.5, 'r2': 0.9734513668155488}, {'age_bin': '40-44', 'age_mid': 42.5, 'r2': 0.9314235510057222}, {'age_bin': '45-49', 'age_mid': 47.5, 'r2': 0.9189485925665949}, {'age_bin': '50-54', 'age_mid': 52.5, 'r2': 0.9395570209698106}, {'age_bin': '55-59', 'age_mid': 57.5, 'r2': 0.9215662457250924}, {'age_bin': '60-64', 'age_mid': 62.5, 'r2': 0.8649987538693092}, {'age_bin': '65-69', 'age_mid': 67.5, 'r2': 0.7787771795730118}, {'age_bin': '70-74', 'age_mid': 72.5, 'r2': 0.8556028366479179}, {'age_bin': '75-79', 'age_mid': 77.5, 'r2': 0.9426255078353301}, {'age_bin': '80-84', 'age_mid': 82.5, 'r2': 0.9333332468290073}]"
cis- lutein/zeaxanthin,cis- Lutein/Zeaxanthin (ug/dL),0.9730170307228238,0.9359420522204109,0.9760864379157218,13,0.3404273024714627,0.057969175965915505,0.685279454093705,0.18976682909481976,"[{'age_bin': '20-24', 'age_mid': 22.5, 'r2': 0.9542934210141651}, {'age_bin': '25-29', 'age_mid': 27.5, 'r2': 0.9732939564970727}, {'age_bin': '30-34', 'age_mid': 32.5, 'r2': 0.9861220772496676}, {'age_bin': '35-39', 'age_mid': 37.5, 'r2': 0.9817539208127033}, {'age_bin': '40-44', 'age_mid': 42.5, 'r2': 0.9863067047323878}, {'age_bin': '45-49', 'age_mid': 47.5, 'r2': 0.9760864379157218}, {'age_bin': '50-54', 'age_mid': 52.5, 'r2': 0.9359420522204109}, {'age_bin': '55-59', 'age_mid': 57.5, 'r2': 0.989221089342768}, {'age_bin': '60-64', 'age_mid': 62.5, 'r2': 0.9914057412492571}, {'age_bin': '65-69', 'age_mid': 67.5, 'r2': 0.9727648903444654}, {'age_bin': '70-74', 'age_mid': 72.5, 'r2': 0.9595709221383506}, {'age_bin': '75-79', 'age_mid': 77.5, 'r2': 0.9943485263102686}, {'age_bin': '80-84', 'age_mid': 82.5, 'r2': 0.9481116595694707}]"
cis-beta carotene,cis-Beta carotene (ug/dL),0.8724264418643395,0.7906771884781345,0.8794147683950585,13,0.39621943402077,0.07174672528720002,0.12799733838718647,0.2261561232991,"[{'age_bin': '20-24', 'age_mid': 22.5, 'r2': 0.7906771884781345}, {'age_bin': '25-29', 'age_mid': 27.5, 'r2': 0.8527914112735522}, {'age_bin': '30-34', 'age_mid': 32.5, 'r2': 0.8742210762259282}, {'age_bin': '35-39', 'age_mid': 37.5, 'r2': 0.9132863010150104}, {'age_bin': '40-44', 'age_mid': 42.5, 'r2': 0.8794147683950585}, {'age_bin': '45-49', 'age_mid': 47.5, 'r2': 0.9049392314755422}, {'age_bin': '50-54', 'age_mid': 52.5, 'r2': 0.8689589354955963}, {'age_bin': '55-59', 'age_mid': 57.5, 'r2': 0.8808847853817017}, {'age_bin': '60-64', 'age_mid': 62.5, 'r2': 0.8548530381825044}, {'age_bin': '65-69', 'age_mid': 67.5, 'r2': 0.9288931670573669}, {'age_bin': '70-74', 'age_mid': 72.5, 'r2': 0.8914013976189148}, {'age_bin': '75-79', 'age_mid': 77.5, 'r2': 0.8929344999510643}, {'age_bin': '80-84', 'age_mid': 82.5, 'r2': 0.8082879436860371}]"
cis-lycopene,cis-Lycopene (ug/dL),0.9799301523120386,0.9570470269251395,0.9831527820529665,13,4.433237756673149,1.3829702422805632,9.13555599923736,3.6861593729589526,"[{'age_bin': '20-24', 'age_mid': 22.5, 'r2': 0.9570470269251395}, {'age_bin': '25-29', 'age_mid': 27.5, 'r2': 0.9629544554590136}, {'age_bin': '30-34', 'age_mid': 32.5, 'r2': 0.9609224971102723}, {'age_bin': '35-39', 'age_mid': 37.5, 'r2': 0.966603683688732}, {'age_bin': '40-44', 'age_mid': 42.5, 'r2': 0.9854304012784926}, {'age_bin': '45-49', 'age_mid': 47.5, 'r2': 0.9751905403553325}, {'age_bin': '50-54', 'age_mid': 52.5, 'r2': 0.9906516518003413}, {'age_bin': '55-59', 'age_mid': 57.5, 'r2': 0.9785584497782575}, {'age_bin': '60-64', 'age_mid': 62.5, 'r2': 0.9946213955559313}, {'age_bin': '65-69', 'age_mid': 67.5, 'r2': 0.9831527820529665}, {'age_bin': '70-74', 'age_mid': 72.5, 'r2': 0.9919930137526849}, {'age_bin': '75-79', 'age_mid': 77.5, 'r2': 0.9944872826084755}, {'age_bin': '80-84', 'age_mid': 82.5, 'r2': 0.9974787996908627}]"
cis-vaccenic acid 18 1n-7,cis-Vaccenic acid (18:1n-7) (umol/L),0.9784038221302624,0.9587114785374448,0.9815891142343891,13,23.594787413357462,7.024899485345432,99.04040434306896,3.0767741878055146,"[{'age_bin': '20-24', 'age_mid': 22.5, 'r2': 0.9587114785374448}, {'age_bin': '25-29', 'age_mid': 27.5, 'r2': 0.972564496285862}, {'age_bin': '30-34', 'age_mid': 32.5, 'r2': 0.9660254035519481}, {'age_bin': '35-39', 'age_mid': 37.5, 'r2': 0.9658393545000628}, {'age_bin': '40-44', 'age_mid': 42.5, 'r2': 0.9748094075498269}, {'age_bin': '45-49', 'age_mid': 47.5, 'r2': 0.9866611840107222}, {'age_bin': '50-54', 'age_mid': 52.5, 'r2': 0.9645306990117756}, {'age_bin': '55-59', 'age_mid': 57.5, 'r2': 0.9915308206113059}, {'age_bin': '60-64', 'age_mid': 62.5, 'r2': 0.986254204642212}, {'age_bin': '65-69', 'age_mid': 67.5, 'r2': 0.9815891142343891}, {'age_bin': '70-74', 'age_mid': 72.5, 'r2': 0.9816056810563907}, {'age_bin': '75-79', 'age_mid': 77.5, 'r2': 0.9950816323717083}, {'age_bin': '80-84', 'age_mid': 82.5, 'r2': 0.994046211329765}]"
cis-vaccenic acid,cis-Vaccenic acid (micromol/L),0.9722612606546086,0.9356746260356281,0.9724524831462056,13,23.461516889745386,6.86311916703746,101.64878252716409,8.763816966266578,"[{'age_bin': '20-24', 'age_mid': 22.5, 'r2': 0.9514608937067871}, {'age_bin': '25-29', 'age_mid': 27.5, 'r2': 0.9625633699260004}, {'age_bin': '30-34', 'age_mid': 32.5, 'r2': 0.9681755684091197}, {'age_bin': '35-39', 'age_mid': 37.5, 'r2': 0.979324552919156}, {'age_bin': '40-44', 'age_mid': 42.5, 'r2': 0.9724524831462056}, {'age_bin': '45-49', 'age_mid': 47.5, 'r2': 0.9892855718455748}, {'age_bin': '50-54', 'age_mid': 52.5, 'r2': 0.9356746260356281}, {'age_bin': '55-59', 'age_mid': 57.5, 'r2': 0.9886456346940913}, {'age_bin': '60-64', 'age_mid': 62.5, 'r2': 0.9898809931253528}, {'age_bin': '65-69', 'age_mid': 67.5, 'r2': 0.9680087782152388}, {'age_bin': '70-74', 'age_mid': 72.5, 'r2': 0.9892363910058891}, {'age_bin': '75-79', 'age_mid': 77.5, 'r2': 0.9845334086100022}, {'age_bin': '80-84', 'age_mid': 82.5, 'r2': 0.9601541168708658}]"
cis-b-carotene,cis-b-carotene (ug/dL),0.9258556598782813,0.8871623166836158,0.9300311003626615,13,0.39499873890980436,0.053135221224305494,0.17663139936266115,0.1769711555502669,"[{'age_bin': '20-24', 'age_mid': 22.5, 'r2': 0.9222864721114514}, {'age_bin': '25-29', 'age_mid': 27.5, 'r2': 0.9457845219719888}, {'age_bin': '30-34', 'age_mid': 32.5, 'r2': 0.9242148336606086}, {'age_bin': '35-39', 'age_mid': 37.5, 'r2': 0.9397574843936858}, {'age_bin': '40-44', 'age_mid': 42.5, 'r2': 0.9393354788723822}, {'age_bin': '45-49', 'age_mid': 47.5, 'r2': 0.8871623166836158}, {'age_bin': '50-54', 'age_mid': 52.5, 'r2': 0.8872466249686299}, {'age_bin': '55-59', 'age_mid': 57.5, 'r2': 0.9114835814466037}, {'age_bin': '60-64', 'age_mid': 62.5, 'r2': 0.9318297000432237}, {'age_bin': '65-69', 'age_mid': 67.5, 'r2': 0.9501273477477729}, {'age_bin': '70-74', 'age_mid': 72.5, 'r2': 0.9684548218963852}, {'age_bin': '75-79', 'age_mid': 77.5, 'r2': 0.8984092942586474}, {'age_bin': '80-84', 'age_mid': 82.5, 'r2': 0.9300311003626615}]"
cis-beta-carotene,cis-beta-carotene (ug/dL),0.8493264964145506,0.7682948260181357,0.858683399948412,13,0.4160299029207154,0.08687122028726806,0.09560678566012185,0.1878904648571696,"[{'age_bin': '20-24', 'age_mid': 22.5, 'r2': 0.7682948260181357}, {'age_bin': '25-29', 'age_mid': 27.5, 'r2': 0.8115585467083413}, {'age_bin': '30-34', 'age_mid': 32.5, 'r2': 0.8176347095267842}, {'age_bin': '35-39', 'age_mid': 37.5, 'r2': 0.8667341828789319}, {'age_bin': '40-44', 'age_mid': 42.5, 'r2': 0.8850132467809567}, {'age_bin': '45-49', 'age_mid': 47.5, 'r2': 0.7769486900568834}, {'age_bin': '50-54', 'age_mid': 52.5, 'r2': 0.8980513830525246}, {'age_bin': '55-59', 'age_mid': 57.5, 'r2': 0.858683399948412}, {'age_bin': '60-64', 'age_mid': 62.5, 'r2': 0.9112984618846356}, {'age_bin': '65-69', 'age_mid': 67.5, 'r2': 0.7900490113991052}, {'age_bin': '70-74', 'age_mid': 72.5, 'r2': 0.837282983656369}, {'age_bin': '75-79', 'age_mid': 77.5, 'r2': 0.8808697538056954}, {'age_bin': '80-84', 'age_mid': 82.5, 'r2': 0.9388252576723827}]"
d-tocopherol,d-Tocopherol (ug/dL),0.9511476346773409,0.9096693147416284,0.9466670347196077,13,2.4946706891274983,0.767469736495783,0.6762704949361698,0.9129955080495199,"[{'age_bin': '20-24', 'age_mid': 22.5, 'r2': 0.9466670347196077}, {'age_bin': '25-29', 'age_mid': 27.5, 'r2': 0.9746816934307052}, {'age_bin': '30-34', 'age_mid': 32.5, 'r2': 0.9427417033278706}, {'age_bin': '35-39', 'age_mid': 37.5, 'r2': 0.9300742221581016}, {'age_bin': '40-44', 'age_mid': 42.5, 'r2': 0.9727433818134247}, {'age_bin': '45-49', 'age_mid': 47.5, 'r2': 0.968913983102477}, {'age_bin': '50-54', 'age_mid': 52.5, 'r2': 0.9872821359838737}, {'age_bin': '55-59', 'age_mid': 57.5, 'r2': 0.919118429068592}, {'age_bin': '60-64', 'age_mid': 62.5, 'r2': 0.9736719620311886}, {'age_bin': '65-69', 'age_mid': 67.5, 'r2': 0.9401618315779537}, {'age_bin': '70-74', 'age_mid': 72.5, 'r2': 0.953317689985406}, {'age_bin': '75-79', 'age_mid': 77.5, 'r2': 0.9458758688646036}, {'age_bin': '80-84', 'age_mid': 82.5, 'r2': 0.9096693147416284}]"
epi-25-hydroxyvitamin d3,epi-25-hydroxyvitamin D3 (nmol/L),0.9794246900428034,0.9685911234729491,0.9792885967395155,13,1.1722371234825322,0.1315300601169958,0.9129176255627071,0.4199630389532383,"[{'age_bin': '20-24', 'age_mid': 22.5, 'r2': 0.9685911234729491}, {'age_bin': '25-29', 'age_mid': 27.5, 'r2': 0.9752758629507967}, {'age_bin': '30-34', 'age_mid': 32.5, 'r2': 0.9806045399625077}, {'age_bin': '35-39', 'age_mid': 37.5, 'r2': 0.9874257793537843}, {'age_bin': '40-44', 'age_mid': 42.5, 'r2': 0.978138244144483}, {'age_bin': '45-49', 'age_mid': 47.5, 'r2': 0.9715837873713594}, {'age_bin': '50-54', 'age_mid': 52.5, 'r2': 0.9801665315458765}, {'age_bin': '55-59', 'age_mid': 57.5, 'r2': 0.9834360412485053}, {'age_bin': '60-64', 'age_mid': 62.5, 'r2': 0.975586737245984}, {'age_bin': '65-69', 'age_mid': 67.5, 'r2': 0.9749751844183312}, {'age_bin': '70-74', 'age_mid': 72.5, 'r2': 0.9792885967395155}, {'age_bin': '75-79', 'age_mid': 77.5, 'r2': 0.9905869331542607}, {'age_bin': '80-84', 'age_mid': 82.5, 'r2': 0.9868616089480929}]"
g-tocopherol,g-tocopherol (ug/dL),0.9842067583799099,0.9584347570208547,0.9874242551799944,13,57.1598258702025,11.470526703793228,88.78827169356671,42.19523960446364,"[{'age_bin': '20-24', 'age_mid': 22.5, 'r2': 0.9584347570208547}, {'age_bin': '25-29', 'age_mid': 27.5, 'r2': 0.9605641145960778}, {'age_bin': '30-34', 'age_mid': 32.5, 'r2': 0.9744404768457325}, {'age_bin': '35-39', 'age_mid': 37.5, 'r2': 0.9761683734923938}, {'age_bin': '40-44', 'age_mid': 42.5, 'r2': 0.9777547445929305}, {'age_bin': '45-49', 'age_mid': 47.5, 'r2': 0.9852119393033665}, {'age_bin': '50-54', 'age_mid': 52.5, 'r2': 0.9921678367546582}, {'age_bin': '55-59', 'age_mid': 57.5, 'r2': 0.9874242551799944}, {'age_bin': '60-64', 'age_mid': 62.5, 'r2': 0.9977983019622987}, {'age_bin': '65-69', 'age_mid': 67.5, 'r2': 0.998632413969351}, {'age_bin': '70-74', 'age_mid': 72.5, 'r2': 0.995981531091139}, {'age_bin': '75-79', 'age_mid': 77.5, 'r2': 0.9959354697625044}, {'age_bin': '80-84', 'age_mid': 82.5, 'r2': 0.9941736443675284}]"
gamma-linolenic acid 18 3n-6,gamma-Linolenic acid (18:3n-6) (umol/L),0.9821304952960654,0.9618710348442198,0.9858102466544008,13,14.29928568990572,4.224406813762944,25.722835460273448,3.4947889947434185,"[{'age_bin': '20-24', 'age_mid': 22.5, 'r2': 0.9618710348442198}, {'age_bin': '25-29', 'age_mid': 27.5, 'r2': 0.9708613042782789}, {'age_bin': '30-34', 'age_mid': 32.5, 'r2': 0.9722558552142037}, {'age_bin': '35-39', 'age_mid': 37.5, 'r2': 0.9703823960003274}, {'age_bin': '40-44', 'age_mid': 42.5, 'r2': 0.9836863616665645}, {'age_bin': '45-49', 'age_mid': 47.5, 'r2': 0.9882597453445086}, {'age_bin': '50-54', 'age_mid': 52.5, 'r2': 0.9948382962035833}, {'age_bin': '55-59', 'age_mid': 57.5, 'r2': 0.98778546017314}, {'age_bin': '60-64', 'age_mid': 62.5, 'r2': 0.9902858422831142}, {'age_bin': '65-69', 'age_mid': 67.5, 'r2': 0.9909421969304318}, {'age_bin': '70-74', 'age_mid': 72.5, 'r2': 0.9858102466544008}, {'age_bin': '75-79', 'age_mid': 77.5, 'r2': 0.9896796015257812}, {'age_bin': '80-84', 'age_mid': 82.5, 'r2': 0.9810380977302993}]"
gamma-linolenic acid,gamma-Linolenic acid (micromol/L),0.9778063527541645,0.9610781974156031,0.9772998877541285,13,11.212432916512,3.2632399385861826,26.86748446653199,3.1972258809261054,"[{'age_bin': '20-24', 'age_mid': 22.5, 'r2': 0.9687063535625293}, {'age_bin': '25-29', 'age_mid': 27.5, 'r2': 0.9705115505261697}, {'age_bin': '30-34', 'age_mid': 32.5, 'r2': 0.9754303120231193}, {'age_bin': '35-39', 'age_mid': 37.5, 'r2': 0.9715451672592008}, {'age_bin': '40-44', 'age_mid': 42.5, 'r2': 0.9767551864932198}, {'age_bin': '45-49', 'age_mid': 47.5, 'r2': 0.9818239563776979}, {'age_bin': '50-54', 'age_mid': 52.5, 'r2': 0.9610781974156031}, {'age_bin': '55-59', 'age_mid': 57.5, 'r2': 0.983477305710238}, {'age_bin': '60-64', 'age_mid': 62.5, 'r2': 0.9911774107398987}, {'age_bin': '65-69', 'age_mid': 67.5, 'r2': 0.98583521455125}, {'age_bin': '70-74', 'age_mid': 72.5, 'r2': 0.982671051792709}, {'age_bin': '75-79', 'age_mid': 77.5, 'r2': 0.9851709915983743}, {'age_bin': '80-84', 'age_mid': 82.5, 'r2': 0.9772998877541285}]"
gamma-tocopherol,gamma-tocopherol (ug/dL),0.9824655079805509,0.9623751692066927,0.9868198570472347,13,40.341643902967505,9.705729873139168,82.20294978802781,27.49776289648002,"[{'age_bin': '20-24', 'age_mid': 22.5, 'r2': 0.9623751692066927}, {'age_bin': '25-29', 'age_mid': 27.5, 'r2': 0.9623947021537311}, {'age_bin': '30-34', 'age_mid': 32.5, 'r2': 0.9718939442642995}, {'age_bin': '35-39', 'age_mid': 37.5, 'r2': 0.9740122975361692}, {'age_bin': '40-44', 'age_mid': 42.5, 'r2': 0.9755129377375049}, {'age_bin': '45-49', 'age_mid': 47.5, 'r2': 0.9868198570472347}, {'age_bin': '50-54', 'age_mid': 52.5, 'r2': 0.9906487328472517}, {'age_bin': '55-59', 'age_mid': 57.5, 'r2': 0.9932905569082305}, {'age_bin': '60-64', 'age_mid': 62.5, 'r2': 0.9929671517921576}, {'age_bin': '65-69', 'age_mid': 67.5, 'r2': 0.9969782996207388}, {'age_bin': '70-74', 'age_mid': 72.5, 'r2': 0.9873788025295327}, {'age_bin': '75-79', 'age_mid': 77.5, 'r2': 0.9867091331483132}, {'age_bin': '80-84', 'age_mid': 82.5, 'r2': 0.9910700189553056}]"
homo-gamma-linolenic acid 20 3n-6,homo-gamma-Linolenic acid (20:3n-6) (umol/L),0.979603370957405,0.9538765540986891,0.9824242621191708,13,27.76741485071471,8.325796210453817,98.96087993070817,7.593945504639829,"[{'age_bin': '20-24', 'age_mid': 22.5, 'r2': 0.9538765540986891}, {'age_bin': '25-29', 'age_mid': 27.5, 'r2': 0.9666687201515949}, {'age_bin': '30-34', 'age_mid': 32.5, 'r2': 0.969489485648145}, {'age_bin': '35-39', 'age_mid': 37.5, 'r2': 0.9755103180450037}, {'age_bin': '40-44', 'age_mid': 42.5, 'r2': 0.9842985148985557}, {'age_bin': '45-49', 'age_mid': 47.5, 'r2': 0.9754860404925261}, {'age_bin': '50-54', 'age_mid': 52.5, 'r2': 0.9691270927891815}, {'age_bin': '55-59', 'age_mid': 57.5, 'r2': 0.9908888994581565}, {'age_bin': '60-64', 'age_mid': 62.5, 'r2': 0.9929539165183948}, {'age_bin': '65-69', 'age_mid': 67.5, 'r2': 0.9824242621191708}, {'age_bin': '70-74', 'age_mid': 72.5, 'r2': 0.9928049239338876}, {'age_bin': '75-79', 'age_mid': 77.5, 'r2': 0.9910831475641182}, {'age_bin': '80-84', 'age_mid': 82.5, 'r2': 0.9902319467288405}]"
homo-gamma-linolenic acid,homo-gamma-Linolenic acid (micromol/L),0.9702350976391703,0.9335271454146795,0.9669912884777132,13,24.48740765602129,8.038432896871074,105.69314568168616,6.745134606050598,"[{'age_bin': '20-24', 'age_mid': 22.5, 'r2': 0.9335271454146795}, {'age_bin': '25-29', 'age_mid': 27.5, 'r2': 0.9814355807554306}, {'age_bin': '30-34', 'age_mid': 32.5, 'r2': 0.9667158293487993}, {'age_bin': '35-39', 'age_mid': 37.5, 'r2': 0.9667379099115831}, {'age_bin': '40-44', 'age_mid': 42.5, 'r2': 0.9669912884777132}, {'age_bin': '45-49', 'age_mid': 47.5, 'r2': 0.9869809835699653}, {'age_bin': '50-54', 'age_mid': 52.5, 'r2': 0.9739349242104375}, {'age_bin': '55-59', 'age_mid': 57.5, 'r2': 0.9657941956642158}, {'age_bin': '60-64', 'age_mid': 62.5, 'r2': 0.993946419251751}, {'age_bin': '65-69', 'age_mid': 67.5, 'r2': 0.9827656494850698}, {'age_bin': '70-74', 'age_mid': 72.5, 'r2': 0.9594561945174053}, {'age_bin': '75-79', 'age_mid': 77.5, 'r2': 0.9578396834279873}, {'age_bin': '80-84', 'age_mid': 82.5, 'r2': 0.9769304652741758}]"
m-/p-xylene result,m-/p-Xylene Result,0.934794489296764,0.9307649780989321,0.9364078086024181,3,0.08803679680967759,0.016427862837195464,0.0921583127421441,0.019867170393949304,"[{'age_bin': '20-24', 'age_mid': 22.5, 'r2': 0.9372106811889418}, {'age_bin': '25-29', 'age_mid': 27.5, 'r2': None}, {'age_bin': '30-34', 'age_mid': 32.5, 'r2': None}, {'age_bin': '35-39', 'age_mid': 37.5, 'r2': 0.9364078086024181}, {'age_bin': '40-44', 'age_mid': 42.5, 'r2': 0.9307649780989321}, {'age_bin': '45-49', 'age_mid': 47.5, 'r2': None}, {'age_bin': '50-54', 'age_mid': 52.5, 'r2': None}, {'age_bin': '55-59', 'age_mid': 57.5, 'r2': None}, {'age_bin': '60-64', 'age_mid': 62.5, 'r2': None}, {'age_bin': '65-69', 'age_mid': 67.5, 'r2': None}, {'age_bin': '70-74', 'age_mid': 72.5, 'r2': None}, {'age_bin': '75-79', 'age_mid': 77.5, 'r2': None}, {'age_bin': '80-84', 'age_mid': 82.5, 'r2': None}]"
n-perfluorooctane sulfonic acid n-pfos,n-perfluorooctane sulfonic acid (n-PFOS) (ng/mL),0.9148035017802835,0.8492867565030475,0.9213513918375513,13,1.7125847560615868,0.3241981277862826,0.22590368546098116,0.6917776167916893,"[{'age_bin': '20-24', 'age_mid': 22.5, 'r2': 0.9324137373783856}, {'age_bin': '25-29', 'age_mid': 27.5, 'r2': 0.9814899916018031}, {'age_bin': '30-34', 'age_mid': 32.5, 'r2': 0.959724298912701}, {'age_bin': '35-39', 'age_mid': 37.5, 'r2': 0.8659221524533733}, {'age_bin': '40-44', 'age_mid': 42.5, 'r2': 0.9071234747355654}, {'age_bin': '45-49', 'age_mid': 47.5, 'r2': 0.9375642477025584}, {'age_bin': '50-54', 'age_mid': 52.5, 'r2': 0.8507455375909738}, {'age_bin': '55-59', 'age_mid': 57.5, 'r2': 0.9213513918375513}, {'age_bin': '60-64', 'age_mid': 62.5, 'r2': 0.8492867565030475}, {'age_bin': '65-69', 'age_mid': 67.5, 'r2': 0.9192684829226097}, {'age_bin': '70-74', 'age_mid': 72.5, 'r2': 0.9646587069149546}, {'age_bin': '75-79', 'age_mid': 77.5, 'r2': 0.8750119196078561}, {'age_bin': '80-84', 'age_mid': 82.5, 'r2': 0.9278848249823054}]"
n-perfluorooctanoic acid n-pfoa,n-perfluorooctanoic acid (n-PFOA) (ng/mL),0.9710283327554943,0.9392043225903474,0.9764115123063457,13,0.4927876032312585,0.08156243447160261,0.48939084197808624,0.10005258686660738,"[{'age_bin': '20-24', 'age_mid': 22.5, 'r2': 0.9516669649855035}, {'age_bin': '25-29', 'age_mid': 27.5, 'r2': 0.9686254367280895}, {'age_bin': '30-34', 'age_mid': 32.5, 'r2': 0.9767858996510679}, {'age_bin': '35-39', 'age_mid': 37.5, 'r2': 0.9678809024708649}, {'age_bin': '40-44', 'age_mid': 42.5, 'r2': 0.9603393565567938}, {'age_bin': '45-49', 'age_mid': 47.5, 'r2': 0.9721495082419765}, {'age_bin': '50-54', 'age_mid': 52.5, 'r2': 0.9392043225903474}, {'age_bin': '55-59', 'age_mid': 57.5, 'r2': 0.9764115123063457}, {'age_bin': '60-64', 'age_mid': 62.5, 'r2': 0.9776140330188741}, {'age_bin': '65-69', 'age_mid': 67.5, 'r2': 0.9813841779860387}, {'age_bin': '70-74', 'age_mid': 72.5, 'r2': 0.9843587694424374}, {'age_bin': '75-79', 'age_mid': 77.5, 'r2': 0.9882864900151512}, {'age_bin': '80-84', 'age_mid': 82.5, 'r2': 0.9786609518279378}]"
o p -ddt,"o,p'-DDT (ng/g)",0.7682158790170586,0.6336864831133537,0.7698117964517635,13,0.0023214294577005904,0.0005948511928816347,0.03231531607953782,0.0009702133630225776,"[{'age_bin': '20-24', 'age_mid': 22.5, 'r2': 0.8078054879257449}, {'age_bin': '25-29', 'age_mid': 27.5, 'r2': 0.8288295580564251}, {'age_bin': '30-34', 'age_mid': 32.5, 'r2': 0.750044793029985}, {'age_bin': '35-39', 'age_mid': 37.5, 'r2': 0.6773883910122257}, {'age_bin': '40-44', 'age_mid': 42.5, 'r2': 0.6831836649795557}, {'age_bin': '45-49', 'age_mid': 47.5, 'r2': 0.7501549530107307}, {'age_bin': '50-54', 'age_mid': 52.5, 'r2': 0.7564793119904214}, {'age_bin': '55-59', 'age_mid': 57.5, 'r2': 0.6336864831133537}, {'age_bin': '60-64', 'age_mid': 62.5, 'r2': 0.8059640146315074}, {'age_bin': '65-69', 'age_mid': 67.5, 'r2': 0.8262134945099664}, {'age_bin': '70-74', 'age_mid': 72.5, 'r2': 0.8899260062401552}, {'age_bin': '75-79', 'age_mid': 77.5, 'r2': 0.8073184722699271}, {'age_bin': '80-84', 'age_mid': 82.5, 'r2': 0.7698117964517635}]"
o p -ddt lipid adjusted,"o,p'-DDT Lipid Adjusted",0.9595232850313166,0.9087760914308063,0.9627420382824418,13,0.7315089490858104,0.26184784287600293,4.570858486460886,0.5570881699349866,"[{'age_bin': '20-24', 'age_mid': 22.5, 'r2': 0.9267073046448131}, {'age_bin': '25-29', 'age_mid': 27.5, 'r2': 0.9505106749174637}, {'age_bin': '30-34', 'age_mid': 32.5, 'r2': 0.9627420382824418}, {'age_bin': '35-39', 'age_mid': 37.5, 'r2': 0.9350019343570141}, {'age_bin': '40-44', 'age_mid': 42.5, 'r2': 0.9526599737992375}, {'age_bin': '45-49', 'age_mid': 47.5, 'r2': 0.9087760914308063}, {'age_bin': '50-54', 'age_mid': 52.5, 'r2': 0.9859698615926271}, {'age_bin': '55-59', 'age_mid': 57.5, 'r2': 0.967860095843098}, {'age_bin': '60-64', 'age_mid': 62.5, 'r2': 0.9772847701249822}, {'age_bin': '65-69', 'age_mid': 67.5, 'r2': 0.9796852010797307}, {'age_bin': '70-74', 'age_mid': 72.5, 'r2': 0.9870555492486137}, {'age_bin': '75-79', 'age_mid': 77.5, 'r2': 0.956972466434297}, {'age_bin': '80-84', 'age_mid': 82.5, 'r2': 0.9825767436519872}]"
o-tolualdehyde,o-Tolualdehyde (ng/mL),0.11014070906686532,0.060308762136428884,0.11680640549882859,7,0.0015486544202309841,0.0012888842864632497,0.09798451247510806,0.0015077223804584377,"[{'age_bin': '20-24', 'age_mid': 22.5, 'r2': 0.1405370934375908}, {'age_bin': '25-29', 'age_mid': 27.5, 'r2': None}, {'age_bin': '30-34', 'age_mid': 32.5, 'r2': None}, {'age_bin': '35-39', 'age_mid': 37.5, 'r2': 0.11680640549882859}, {'age_bin': '40-44', 'age_mid': 42.5, 'r2': None}, {'age_bin': '45-49', 'age_mid': 47.5, 'r2': 0.06085063864125351}, {'age_bin': '50-54', 'age_mid': 52.5, 'r2': 0.16104776748447036}, {'age_bin': '55-59', 'age_mid': 57.5, 'r2': 0.060471070637979074}, {'age_bin': '60-64', 'age_mid': 62.5, 'r2': 0.060308762136428884}, {'age_bin': '65-69', 'age_mid': 67.5, 'r2': None}, {'age_bin': '70-74', 'age_mid': 72.5, 'r2': None}, {'age_bin': '75-79', 'age_mid': 77.5, 'r2': None}, {'age_bin': '80-84', 'age_mid': 82.5, 'r2': 0.170963225631506}]"
o-xylene,o-Xylene (ug/cubic meter),0.7868865220258918,0.5902368501267934,0.7984820134141402,8,2.7716547124249775,0.9657902094639773,-0.3836545778618406,0.48609087089335773,"[{'age_bin': '20-24', 'age_mid': 22.5, 'r2': 0.8206802306115988}, {'age_bin': '25-29', 'age_mid': 27.5, 'r2': 0.5902368501267934}, {'age_bin': '30-34', 'age_mid': 32.5, 'r2': 0.7762837962166815}, {'age_bin': '35-39', 'age_mid': 37.5, 'r2': 0.7533527416697681}, {'age_bin': '40-44', 'age_mid': 42.5, 'r2': 0.8528358667401015}, {'age_bin': '45-49', 'age_mid': 47.5, 'r2': 0.9116067376004207}, {'age_bin': '50-54', 'age_mid': 52.5, 'r2': 0.8572292438758027}, {'age_bin': '55-59', 'age_mid': 57.5, 'r2': 0.7328667093659686}, {'age_bin': '60-64', 'age_mid': 62.5, 'r2': None}, {'age_bin': '65-69', 'age_mid': 67.5, 'r2': None}, {'age_bin': '70-74', 'age_mid': 72.5, 'r2': None}, {'age_bin': '75-79', 'age_mid': 77.5, 'r2': None}, {'age_bin': '80-84', 'age_mid': 82.5, 'r2': None}]"
o-xylene result,o-Xylene Result,0.8961731923829258,0.6923286379612152,0.9506540676200603,4,0.0254000116274881,0.013466287563060512,0.013876002812758172,0.008479641307276914,"[{'age_bin': '20-24', 'age_mid': 22.5, 'r2': 0.9749942158293328}, {'age_bin': '25-29', 'age_mid': 27.5, 'r2': None}, {'age_bin': '30-34', 'age_mid': 32.5, 'r2': 0.6923286379612152}, {'age_bin': '35-39', 'age_mid': 37.5, 'r2': 0.9910559963303675}, {'age_bin': '40-44', 'age_mid': 42.5, 'r2': 0.9263139194107879}, {'age_bin': '45-49', 'age_mid': 47.5, 'r2': None}, {'age_bin': '50-54', 'age_mid': 52.5, 'r2': None}, {'age_bin': '55-59', 'age_mid': 57.5, 'r2': None}, {'age_bin': '60-64', 'age_mid': 62.5, 'r2': None}, {'age_bin': '65-69', 'age_mid': 67.5, 'r2': None}, {'age_bin': '70-74', 'age_mid': 72.5, 'r2': None}, {'age_bin': '75-79', 'age_mid': 77.5, 'r2': None}, {'age_bin': '80-84', 'age_mid': 82.5, 'r2': None}]"
opddt,opDDT (ng/g),0.6111767040508427,0.4559358621833127,0.6199590147633407,11,0.0012069453613159696,0.0006088208835602919,0.010239002796108624,0.0007588341234653578,"[{'age_bin': '20-24', 'age_mid': 22.5, 'r2': 0.5461562055411644}, {'age_bin': '25-29', 'age_mid': 27.5, 'r2': 0.7480836989789866}, {'age_bin': '30-34', 'age_mid': 32.5, 'r2': 0.6199590147633407}, {'age_bin': '35-39', 'age_mid': 37.5, 'r2': 0.6445731751988448}, {'age_bin': '40-44', 'age_mid': 42.5, 'r2': 0.5825635585368488}, {'age_bin': '45-49', 'age_mid': 47.5, 'r2': 0.4559358621833127}, {'age_bin': '50-54', 'age_mid': 52.5, 'r2': 0.6762501971211826}, {'age_bin': '55-59', 'age_mid': 57.5, 'r2': 0.5236832415042851}, {'age_bin': '60-64', 'age_mid': 62.5, 'r2': 0.5556771897476127}, {'age_bin': '65-69', 'age_mid': 67.5, 'r2': 0.6900084921765781}, {'age_bin': '70-74', 'age_mid': 72.5, 'r2': 0.6800531088071129}, {'age_bin': '75-79', 'age_mid': 77.5, 'r2': None}, {'age_bin': '80-84', 'age_mid': 82.5, 'r2': None}]"
opddt lipid adjusted,opDDT Lipid Adjusted (ng/g),0.9053259681950908,0.5977061351121731,0.9312356830382955,11,0.33855713190576847,0.13325360259169972,1.445687306512189,0.23596307864572078,"[{'age_bin': '20-24', 'age_mid': 22.5, 'r2': 0.936204521322046}, {'age_bin': '25-29', 'age_mid': 27.5, 'r2': 0.9305507327010425}, {'age_bin': '30-34', 'age_mid': 32.5, 'r2': 0.9022036172824841}, {'age_bin': '35-39', 'age_mid': 37.5, 'r2': 0.9670158574748267}, {'age_bin': '40-44', 'age_mid': 42.5, 'r2': 0.9590377356457496}, {'age_bin': '45-49', 'age_mid': 47.5, 'r2': 0.5977061351121731}, {'age_bin': '50-54', 'age_mid': 52.5, 'r2': 0.9312356830382955}, {'age_bin': '55-59', 'age_mid': 57.5, 'r2': 0.97339343235738}, {'age_bin': '60-64', 'age_mid': 62.5, 'r2': 0.9700276170916554}, {'age_bin': '65-69', 'age_mid': 67.5, 'r2': 0.8883411302872835}, {'age_bin': '70-74', 'age_mid': 72.5, 'r2': 0.902869187833062}, {'age_bin': '75-79', 'age_mid': 77.5, 'r2': None}, {'age_bin': '80-84', 'age_mid': 82.5, 'r2': None}]"
p p -dde,"p,p'-DDE (ng/g)",0.8506517176456168,0.6007432722366568,0.8798438137137292,13,2.209920760975944,0.7251135356566152,-0.48099295823790694,0.6700093468907867,"[{'age_bin': '20-24', 'age_mid': 22.5, 'r2': 0.8875797922265838}, {'age_bin': '25-29', 'age_mid': 27.5, 'r2': 0.7266287194987432}, {'age_bin': '30-34', 'age_mid': 32.5, 'r2': 0.6960257710118715}, {'age_bin': '35-39', 'age_mid': 37.5, 'r2': 0.6007432722366568}, {'age_bin': '40-44', 'age_mid': 42.5, 'r2': 0.8668615881825376}, {'age_bin': '45-49', 'age_mid': 47.5, 'r2': 0.9005475607106344}, {'age_bin': '50-54', 'age_mid': 52.5, 'r2': 0.8412381403032722}, {'age_bin': '55-59', 'age_mid': 57.5, 'r2': 0.9448164697154082}, {'age_bin': '60-64', 'age_mid': 62.5, 'r2': 0.9451814856587608}, {'age_bin': '65-69', 'age_mid': 67.5, 'r2': 0.8798438137137292}, {'age_bin': '70-74', 'age_mid': 72.5, 'r2': 0.9215552674804753}, {'age_bin': '75-79', 'age_mid': 77.5, 'r2': 0.9894208776298722}, {'age_bin': '80-84', 'age_mid': 82.5, 'r2': 0.8580295710244747}]"
p p -dde lipid adjusted,"p,p'-DDE Lipid Adjusted",0.860794199831598,0.6263726424410285,0.8930360927173877,13,337.4931951933732,107.26688100589246,-53.12263702862312,99.20768692988243,"[{'age_bin': '20-24', 'age_mid': 22.5, 'r2': 0.8957203588945325}, {'age_bin': '25-29', 'age_mid': 27.5, 'r2': 0.7604055386473189}, {'age_bin': '30-34', 'age_mid': 32.5, 'r2': 0.6922971980923696}, {'age_bin': '35-39', 'age_mid': 37.5, 'r2': 0.6263726424410285}, {'age_bin': '40-44', 'age_mid': 42.5, 'r2': 0.8460827774815816}, {'age_bin': '45-49', 'age_mid': 47.5, 'r2': 0.8930360927173877}, {'age_bin': '50-54', 'age_mid': 52.5, 'r2': 0.8325757169058524}, {'age_bin': '55-59', 'age_mid': 57.5, 'r2': 0.93844927864237}, {'age_bin': '60-64', 'age_mid': 62.5, 'r2': 0.9566363439288332}, {'age_bin': '65-69', 'age_mid': 67.5, 'r2': 0.8791074643264731}, {'age_bin': '70-74', 'age_mid': 72.5, 'r2': 0.9592993837900006}, {'age_bin': '75-79', 'age_mid': 77.5, 'r2': 0.9891693132742627}, {'age_bin': '80-84', 'age_mid': 82.5, 'r2': 0.9211724886687649}]"
p p -ddt,"p,p'-DDT (ng/g)",0.6493115512765691,0.2581475149310918,0.7118646886372239,13,0.030412636157986554,0.013596336760314057,-5.938370996673757e-05,0.018700831164407374,"[{'age_bin': '20-24', 'age_mid': 22.5, 'r2': 0.6134948710429168}, {'age_bin': '25-29', 'age_mid': 27.5, 'r2': 0.2581475149310918}, {'age_bin': '30-34', 'age_mid': 32.5, 'r2': 0.38169913605939587}, {'age_bin': '35-39', 'age_mid': 37.5, 'r2': 0.41928163881658054}, {'age_bin': '40-44', 'age_mid': 42.5, 'r2': 0.5890794882192014}, {'age_bin': '45-49', 'age_mid': 47.5, 'r2': 0.8038233506887121}, {'age_bin': '50-54', 'age_mid': 52.5, 'r2': 0.6792092873884104}, {'age_bin': '55-59', 'age_mid': 57.5, 'r2': 0.7865456667980215}, {'age_bin': '60-64', 'age_mid': 62.5, 'r2': 0.7118646886372239}, {'age_bin': '65-69', 'age_mid': 67.5, 'r2': 0.7293139553446844}, {'age_bin': '70-74', 'age_mid': 72.5, 'r2': 0.7770737859349254}, {'age_bin': '75-79', 'age_mid': 77.5, 'r2': 0.8094642491683857}, {'age_bin': '80-84', 'age_mid': 82.5, 'r2': 0.8820525335658493}]"
p p -ddt lipid adjusted,"p,p'-DDT Lipid Adjusted",0.6802785093310381,0.29032258160020397,0.7395966566933987,13,4.668061865713837,2.061052201549219,0.5004689187169463,2.803523669493919,"[{'age_bin': '20-24', 'age_mid': 22.5, 'r2': 0.6715567818483481}, {'age_bin': '25-29', 'age_mid': 27.5, 'r2': 0.29032258160020397}, {'age_bin': '30-34', 'age_mid': 32.5, 'r2': 0.432655467434095}, {'age_bin': '35-39', 'age_mid': 37.5, 'r2': 0.43474582277809026}, {'age_bin': '40-44', 'age_mid': 42.5, 'r2': 0.6592925253851738}, {'age_bin': '45-49', 'age_mid': 47.5, 'r2': 0.7928816007624526}, {'age_bin': '50-54', 'age_mid': 52.5, 'r2': 0.7395966566933987}, {'age_bin': '55-59', 'age_mid': 57.5, 'r2': 0.8548612973580135}, {'age_bin': '60-64', 'age_mid': 62.5, 'r2': 0.7120703842593834}, {'age_bin': '65-69', 'age_mid': 67.5, 'r2': 0.7782509069829622}, {'age_bin': '70-74', 'age_mid': 72.5, 'r2': 0.8397460977985389}, {'age_bin': '75-79', 'age_mid': 77.5, 'r2': 0.7791035550320121}, {'age_bin': '80-84', 'age_mid': 82.5, 'r2': 0.8585369433708219}]"
ppdde,ppDDE (ng/g),0.8767472697658406,0.7325158188416301,0.872353102775898,11,1.800217712287739,1.00930196116716,-0.4668346145592965,1.1212977612950443,"[{'age_bin': '20-24', 'age_mid': 22.5, 'r2': 0.8663533980695856}, {'age_bin': '25-29', 'age_mid': 27.5, 'r2': 0.8064021276687513}, {'age_bin': '30-34', 'age_mid': 32.5, 'r2': 0.9163450106999362}, {'age_bin': '35-39', 'age_mid': 37.5, 'r2': 0.8468946900964066}, {'age_bin': '40-44', 'age_mid': 42.5, 'r2': 0.872353102775898}, {'age_bin': '45-49', 'age_mid': 47.5, 'r2': 0.7325158188416301}, {'age_bin': '50-54', 'age_mid': 52.5, 'r2': 0.9612120684505103}, {'age_bin': '55-59', 'age_mid': 57.5, 'r2': 0.9759906430697756}, {'age_bin': '60-64', 'age_mid': 62.5, 'r2': 0.9179835742234697}, {'age_bin': '65-69', 'age_mid': 67.5, 'r2': 0.7681879953680757}, {'age_bin': '70-74', 'age_mid': 72.5, 'r2': 0.9799815381602086}, {'age_bin': '75-79', 'age_mid': 77.5, 'r2': None}, {'age_bin': '80-84', 'age_mid': 82.5, 'r2': None}]"
ppdde lipid adjusted,ppDDE Lipid Adjusted (ng/g),0.8804337166388762,0.7275344936945319,0.9092297241144579,11,280.28517860410136,162.999950765715,-76.53592633782615,219.40884563343562,"[{'age_bin': '20-24', 'age_mid': 22.5, 'r2': 0.8613479534557569}, {'age_bin': '25-29', 'age_mid': 27.5, 'r2': 0.9092297241144579}, {'age_bin': '30-34', 'age_mid': 32.5, 'r2': 0.9505032620884071}, {'age_bin': '35-39', 'age_mid': 37.5, 'r2': 0.8393508436027115}, {'age_bin': '40-44', 'age_mid': 42.5, 'r2': 0.8469413692053681}, {'age_bin': '45-49', 'age_mid': 47.5, 'r2': 0.7275344936945319}, {'age_bin': '50-54', 'age_mid': 52.5, 'r2': 0.9301033491615006}, {'age_bin': '55-59', 'age_mid': 57.5, 'r2': 0.9801914633158149}, {'age_bin': '60-64', 'age_mid': 62.5, 'r2': 0.9293724439096167}, {'age_bin': '65-69', 'age_mid': 67.5, 'r2': 0.7342935097957141}, {'age_bin': '70-74', 'age_mid': 72.5, 'r2': 0.9759024706837589}, {'age_bin': '75-79', 'age_mid': 77.5, 'r2': None}, {'age_bin': '80-84', 'age_mid': 82.5, 'r2': None}]"
ppddt,ppDDT (ng/g),0.8441519895757533,0.5148954245206929,0.8627190330115413,11,0.019697862285893604,0.007329630411965544,0.0024043039881282437,0.010960606619023741,"[{'age_bin': '20-24', 'age_mid': 22.5, 'r2': 0.9453486897737299}, {'age_bin': '25-29', 'age_mid': 27.5, 'r2': 0.9291640889310745}, {'age_bin': '30-34', 'age_mid': 32.5, 'r2': 0.9607942806373464}, {'age_bin': '35-39', 'age_mid': 37.5, 'r2': 0.8090294297074637}, {'age_bin': '40-44', 'age_mid': 42.5, 'r2': 0.7844089685725667}, {'age_bin': '45-49', 'age_mid': 47.5, 'r2': 0.5148954245206929}, {'age_bin': '50-54', 'age_mid': 52.5, 'r2': 0.8627190330115413}, {'age_bin': '55-59', 'age_mid': 57.5, 'r2': 0.9465837869459539}, {'age_bin': '60-64', 'age_mid': 62.5, 'r2': 0.7930817846863664}, {'age_bin': '65-69', 'age_mid': 67.5, 'r2': 0.7540049861038465}, {'age_bin': '70-74', 'age_mid': 72.5, 'r2': 0.9856414124427045}, {'age_bin': '75-79', 'age_mid': 77.5, 'r2': None}, {'age_bin': '80-84', 'age_mid': 82.5, 'r2': None}]"
ppddt lipid adjusted,ppDDT Lipid Adjusted (ng/g),0.8247876085903314,0.5216936384426609,0.8066786516263232,11,3.1024021706236553,1.300505213526821,0.3877705168521285,2.341680160089882,"[{'age_bin': '20-24', 'age_mid': 22.5, 'r2': 0.942487219729368}, {'age_bin': '25-29', 'age_mid': 27.5, 'r2': 0.964023617093107}, {'age_bin': '30-34', 'age_mid': 32.5, 'r2': 0.9586605863727529}, {'age_bin': '35-39', 'age_mid': 37.5, 'r2': 0.7968088525030181}, {'age_bin': '40-44', 'age_mid': 42.5, 'r2': 0.7746847940714892}, {'age_bin': '45-49', 'age_mid': 47.5, 'r2': 0.5216936384426609}, {'age_bin': '50-54', 'age_mid': 52.5, 'r2': 0.8066786516263232}, {'age_bin': '55-59', 'age_mid': 57.5, 'r2': 0.9350159603503965}, {'age_bin': '60-64', 'age_mid': 62.5, 'r2': 0.7398086523766665}, {'age_bin': '65-69', 'age_mid': 67.5, 'r2': 0.67566454787029}, {'age_bin': '70-74', 'age_mid': 72.5, 'r2': 0.9571371740575718}, {'age_bin': '75-79', 'age_mid': 77.5, 'r2': None}, {'age_bin': '80-84', 'age_mid': 82.5, 'r2': None}]"
screen-to-cutoff ratio scr for first test with abbott assay,screen-to-cutoff ratio (SCR) for first test with Abbott assay (surplus serum testing),,,,0,,,,,"[{'age_bin': '20-24', 'age_mid': 22.5, 'r2': None}, {'age_bin': '25-29', 'age_mid': 27.5, 'r2': None}, {'age_bin': '30-34', 'age_mid': 32.5, 'r2': None}, {'age_bin': '35-39', 'age_mid': 37.5, 'r2': None}, {'age_bin': '40-44', 'age_mid': 42.5, 'r2': None}, {'age_bin': '45-49', 'age_mid': 47.5, 'r2': None}, {'age_bin': '50-54', 'age_mid': 52.5, 'r2': None}, {'age_bin': '55-59', 'age_mid': 57.5, 'r2': None}, {'age_bin': '60-64', 'age_mid': 62.5, 'r2': None}, {'age_bin': '65-69', 'age_mid': 67.5, 'r2': None}, {'age_bin': '70-74', 'age_mid': 72.5, 'r2': None}, {'age_bin': '75-79', 'age_mid': 77.5, 'r2': None}, {'age_bin': '80-84', 'age_mid': 82.5, 'r2': None}]"
total b-carotene,total b-Carotene (ug/dL),0.933297021480841,0.8253743286096535,0.9483145238538442,13,6.407437371776609,1.0330703303692448,2.0066748277786406,2.736602787204487,"[{'age_bin': '20-24', 'age_mid': 22.5, 'r2': 0.933487593632202}, {'age_bin': '25-29', 'age_mid': 27.5, 'r2': 0.9627324417480205}, {'age_bin': '30-34', 'age_mid': 32.5, 'r2': 0.9058930015555595}, {'age_bin': '35-39', 'age_mid': 37.5, 'r2': 0.9612732303508592}, {'age_bin': '40-44', 'age_mid': 42.5, 'r2': 0.9547544371699798}, {'age_bin': '45-49', 'age_mid': 47.5, 'r2': 0.8253743286096535}, {'age_bin': '50-54', 'age_mid': 52.5, 'r2': 0.8706566944770995}, {'age_bin': '55-59', 'age_mid': 57.5, 'r2': 0.9483145238538442}, {'age_bin': '60-64', 'age_mid': 62.5, 'r2': 0.9506210752080785}, {'age_bin': '65-69', 'age_mid': 67.5, 'r2': 0.9863777763138851}, {'age_bin': '70-74', 'age_mid': 72.5, 'r2': 0.9590527023505361}, {'age_bin': '75-79', 'age_mid': 77.5, 'r2': 0.9388994362210569}, {'age_bin': '80-84', 'age_mid': 82.5, 'r2': 0.9354240377601594}]"
trans-11-octadecenoic acid,trans-11-Octadecenoic acid (umol/L),0.9644877665931852,0.9389565832696424,0.9631283776765658,13,4.56515807771957,1.1913667797086134,9.508661609865879,1.3481971381831632,"[{'age_bin': '20-24', 'age_mid': 22.5, 'r2': 0.9532955378927419}, {'age_bin': '25-29', 'age_mid': 27.5, 'r2': 0.9389565832696424}, {'age_bin': '30-34', 'age_mid': 32.5, 'r2': 0.9621911803250209}, {'age_bin': '35-39', 'age_mid': 37.5, 'r2': 0.9459158953207016}, {'age_bin': '40-44', 'age_mid': 42.5, 'r2': 0.940021909118333}, {'age_bin': '45-49', 'age_mid': 47.5, 'r2': 0.9631283776765658}, {'age_bin': '50-54', 'age_mid': 52.5, 'r2': 0.9773545353219868}, {'age_bin': '55-59', 'age_mid': 57.5, 'r2': 0.9895166636140451}, {'age_bin': '60-64', 'age_mid': 62.5, 'r2': 0.9893322357710805}, {'age_bin': '65-69', 'age_mid': 67.5, 'r2': 0.9723354596408365}, {'age_bin': '70-74', 'age_mid': 72.5, 'r2': 0.9592047607291643}, {'age_bin': '75-79', 'age_mid': 77.5, 'r2': 0.9774795105150229}, {'age_bin': '80-84', 'age_mid': 82.5, 'r2': 0.9696083165162646}]"
trans-9-octadecenoic acid,trans-9-Octadecenoic acid (umol/L),0.9592292212854763,0.9253184625067297,0.9608112523111182,13,3.691876433312939,0.7141683303246956,6.697753890837567,0.9580088751298305,"[{'age_bin': '20-24', 'age_mid': 22.5, 'r2': 0.9406746153970861}, {'age_bin': '25-29', 'age_mid': 27.5, 'r2': 0.9253184625067297}, {'age_bin': '30-34', 'age_mid': 32.5, 'r2': 0.969881245805375}, {'age_bin': '35-39', 'age_mid': 37.5, 'r2': 0.9608112523111182}, {'age_bin': '40-44', 'age_mid': 42.5, 'r2': 0.9620469738115804}, {'age_bin': '45-49', 'age_mid': 47.5, 'r2': 0.9538845143241353}, {'age_bin': '50-54', 'age_mid': 52.5, 'r2': 0.9801327507050176}, {'age_bin': '55-59', 'age_mid': 57.5, 'r2': 0.984117022167857}, {'age_bin': '60-64', 'age_mid': 62.5, 'r2': 0.953143149333817}, {'age_bin': '65-69', 'age_mid': 67.5, 'r2': 0.9774819963471115}, {'age_bin': '70-74', 'age_mid': 72.5, 'r2': 0.9364327666684946}, {'age_bin': '75-79', 'age_mid': 77.5, 'r2': 0.9416810150039184}, {'age_bin': '80-84', 'age_mid': 82.5, 'r2': 0.9843741123289498}]"
trans-beta carotene,trans-Beta carotene (ug/dL),0.9335136767978014,0.8868339589777829,0.9384951244807582,13,6.87162172600145,1.32324556714667,1.4961511066847808,2.549437876950287,"[{'age_bin': '20-24', 'age_mid': 22.5, 'r2': 0.9645496638955354}, {'age_bin': '25-29', 'age_mid': 27.5, 'r2': 0.9447749870049001}, {'age_bin': '30-34', 'age_mid': 32.5, 'r2': 0.9298542699731661}, {'age_bin': '35-39', 'age_mid': 37.5, 'r2': 0.9651521233495364}, {'age_bin': '40-44', 'age_mid': 42.5, 'r2': 0.907944547371126}, {'age_bin': '45-49', 'age_mid': 47.5, 'r2': 0.960849963578098}, {'age_bin': '50-54', 'age_mid': 52.5, 'r2': 0.9071684754456446}, {'age_bin': '55-59', 'age_mid': 57.5, 'r2': 0.8991283009528431}, {'age_bin': '60-64', 'age_mid': 62.5, 'r2': 0.9384951244807582}, {'age_bin': '65-69', 'age_mid': 67.5, 'r2': 0.9575107395140752}, {'age_bin': '70-74', 'age_mid': 72.5, 'r2': 0.9425414129928967}, {'age_bin': '75-79', 'age_mid': 77.5, 'r2': 0.9308742308350542}, {'age_bin': '80-84', 'age_mid': 82.5, 'r2': 0.8868339589777829}]"
trans-b-carotene,trans-b-carotene (ug/dL),0.9410301945069797,0.8701539669728996,0.9482768239393491,13,6.468138704672855,0.8971140870183409,1.7325010159335135,2.1751417430940876,"[{'age_bin': '20-24', 'age_mid': 22.5, 'r2': 0.941241436184639}, {'age_bin': '25-29', 'age_mid': 27.5, 'r2': 0.9702908784634292}, {'age_bin': '30-34', 'age_mid': 32.5, 'r2': 0.9500321056409475}, {'age_bin': '35-39', 'age_mid': 37.5, 'r2': 0.9600642615243092}, {'age_bin': '40-44', 'age_mid': 42.5, 'r2': 0.9455268777281702}, {'age_bin': '45-49', 'age_mid': 47.5, 'r2': 0.9113469208015176}, {'age_bin': '50-54', 'age_mid': 52.5, 'r2': 0.914360835001085}, {'age_bin': '55-59', 'age_mid': 57.5, 'r2': 0.928873984698419}, {'age_bin': '60-64', 'age_mid': 62.5, 'r2': 0.9482768239393491}, {'age_bin': '65-69', 'age_mid': 67.5, 'r2': 0.9711594336472226}, {'age_bin': '70-74', 'age_mid': 72.5, 'r2': 0.9708779263996719}, {'age_bin': '75-79', 'age_mid': 77.5, 'r2': 0.8701539669728996}, {'age_bin': '80-84', 'age_mid': 82.5, 'r2': 0.9511870775890761}]"
trans-beta-carotene,trans-beta-carotene (ug/dL),0.9204349904485145,0.8507857240908285,0.918508508917561,13,8.617795567712196,1.9031658192815317,0.1222250854079431,3.050843988549769,"[{'age_bin': '20-24', 'age_mid': 22.5, 'r2': 0.9408469630934387}, {'age_bin': '25-29', 'age_mid': 27.5, 'r2': 0.9046163457658061}, {'age_bin': '30-34', 'age_mid': 32.5, 'r2': 0.8973562328754666}, {'age_bin': '35-39', 'age_mid': 37.5, 'r2': 0.9081062399585683}, {'age_bin': '40-44', 'age_mid': 42.5, 'r2': 0.9525710225698802}, {'age_bin': '45-49', 'age_mid': 47.5, 'r2': 0.8507857240908285}, {'age_bin': '50-54', 'age_mid': 52.5, 'r2': 0.9650774398903931}, {'age_bin': '55-59', 'age_mid': 57.5, 'r2': 0.918508508917561}, {'age_bin': '60-64', 'age_mid': 62.5, 'r2': 0.9471817519939291}, {'age_bin': '65-69', 'age_mid': 67.5, 'r2': 0.8661309419404943}, {'age_bin': '70-74', 'age_mid': 72.5, 'r2': 0.892274400364984}, {'age_bin': '75-79', 'age_mid': 77.5, 'r2': 0.954689592510873}, {'age_bin': '80-84', 'age_mid': 82.5, 'r2': 0.9675097118584666}]"
trans-lycopene,trans-lycopene (ug/dL),0.9833442758004265,0.9437712716804645,0.9910574342187192,13,5.149144111394391,1.562977595416072,10.18880221973097,4.285260861462796,"[{'age_bin': '20-24', 'age_mid': 22.5, 'r2': 0.9437712716804645}, {'age_bin': '25-29', 'age_mid': 27.5, 'r2': 0.9599179667807864}, {'age_bin': '30-34', 'age_mid': 32.5, 'r2': 0.9667975630474634}, {'age_bin': '35-39', 'age_mid': 37.5, 'r2': 0.9764706687398662}, {'age_bin': '40-44', 'age_mid': 42.5, 'r2': 0.9822894532609582}, {'age_bin': '45-49', 'age_mid': 47.5, 'r2': 0.9800751670084644}, {'age_bin': '50-54', 'age_mid': 52.5, 'r2': 0.9910574342187192}, {'age_bin': '55-59', 'age_mid': 57.5, 'r2': 0.9950871586024553}, {'age_bin': '60-64', 'age_mid': 62.5, 'r2': 0.9964731175298865}, {'age_bin': '65-69', 'age_mid': 67.5, 'r2': 0.9961965699157883}, {'age_bin': '70-74', 'age_mid': 72.5, 'r2': 0.9980101332995139}, {'age_bin': '75-79', 'age_mid': 77.5, 'r2': 0.9990104284584875}, {'age_bin': '80-84', 'age_mid': 82.5, 'r2': 0.9983186528626894}]"
